1732337227.08311772,2341,535627.08311772,22.30404644,114.18042074,5.59016735,-12.30056599,-0.45369878,4.20369554,1.48206279,0.26362086,0.31341653,0.00540850,-0.00119001,-0.00342437
1732337227.28313160,2341,535627.28313160,22.30404639,114.18042086,5.58963420,-12.31961364,-0.44262641,4.20865462,1.49504350,0.25798714,0.31288338,0.00295608,-0.00062287,-0.00261433
1732337227.48328972,2341,535627.48328972,22.30404641,114.18042079,5.59149558,-12.31492865,-0.44212152,4.20331283,1.48782092,0.26093994,0.31474476,0.00164937,-0.00042894,-0.00232749
1732337227.68346691,2341,535627.68346691,22.30404640,114.18042077,5.58377507,-12.30227542,-0.42870774,4.20983144,1.48572942,0.25972617,0.30702425,0.00254759,-0.00018141,-0.00086514
1732337227.88363266,2341,535627.88363266,22.30404644,114.18042082,5.58830093,-12.28696969,-0.42070325,4.20454976,1.49103131,0.26332935,0.31155010,0.00120291,-0.00129752,-0.00020755
1732337228.08386874,2341,535628.08386874,22.30404635,114.18042079,5.58804716,-12.31273224,-0.43658055,4.21811502,1.48736835,0.25425315,0.31129633,0.00179533,-0.00116530,0.00031828
1732337228.28398418,2341,535628.28398418,22.30404637,114.18042075,5.58522072,-12.27758259,-0.42208814,4.20207557,1.48390817,0.25573558,0.30846990,0.00277693,-0.00104255,0.00126761
1732337228.48416376,2341,535628.48416376,22.30404644,114.18042078,5.58742762,-12.30117844,-0.42878759,4.20878285,1.48636106,0.26382518,0.31067680,0.00294704,-0.00224145,0.00085582
1732337228.68431902,2341,535628.68431902,22.30404632,114.18042083,5.58639000,-12.29650185,-0.43772040,4.20028382,1.49167758,0.25031374,0.30963917,0.00245305,-0.00064570,0.00215436
1732337228.88450694,2341,535628.88450694,22.30404639,114.18042074,5.58697850,-12.29438843,-0.41635244,4.20280982,1.48289925,0.25817534,0.31022768,0.00289321,-0.00013489,0.00265858
1732337229.08467722,2341,535629.08467722,22.30404633,114.18042087,5.59116676,-12.28354857,-0.45955118,4.19891532,1.49609278,0.25200850,0.31441594,0.00050120,0.00148085,0.00242811
1732337229.28483629,2341,535629.28483629,22.30404635,114.18042076,5.59211391,-12.28461783,-0.45678617,4.18914034,1.48487045,0.25399874,0.31536309,0.00067301,0.00210398,0.00211800
1732337229.48502922,2341,535629.48502922,22.30404631,114.18042080,5.59230323,-12.30293184,-0.44589952,4.19776778,1.48859883,0.24992130,0.31555241,-0.00050120,0.00263004,0.00161148
1732337229.68518806,2341,535629.68518806,22.30404636,114.18042079,5.59141114,-12.28398935,-0.43561290,4.21420969,1.48746289,0.25542509,0.31466031,-0.00244166,0.00278298,0.00159102
1732337229.88535547,2341,535629.88535547,22.30404646,114.18042081,5.59301914,-12.31859726,-0.42981971,4.20440062,1.48988015,0.26620186,0.31626831,-0.00546792,0.00049000,0.00164696
1732337230.08553529,2341,535630.08553529,22.30404634,114.18042081,5.58886467,-12.30042376,-0.44613589,4.19247704,1.49024271,0.25244777,0.31211384,-0.00875385,-0.00016504,0.00195703
1732337230.28573275,2341,535630.28573275,22.30404639,114.18042073,5.59259436,-12.28874880,-0.43324263,4.20587466,1.48190685,0.25872112,0.31584354,-0.01208985,-0.00212033,0.00208916
1732337230.48588562,2341,535630.48588562,22.30404635,114.18042076,5.59111003,-12.27674967,-0.45608224,4.19623418,1.48434577,0.25397506,0.31435921,-0.01717965,-0.00465552,0.00191756
1732337230.68604898,2341,535630.68604898,22.30404638,114.18042078,5.59274786,-12.29727389,-0.43738168,4.21747329,1.48641069,0.25762577,0.31599704,-0.02426797,-0.00846580,0.00123785
1732337230.88621640,2341,535630.88621640,22.30404639,114.18042072,5.59411365,-12.28613195,-0.43360393,4.21582248,1.48059350,0.25847371,0.31736282,-0.03265601,-0.01340238,0.00106183
1732337231.08639431,2341,535631.08639431,22.30404638,114.18042067,5.58915083,-12.30772695,-0.43933593,4.22327025,1.47565685,0.25706898,0.31240001,-0.04088243,-0.01867629,0.00108523
1732337231.28657746,2341,535631.28657746,22.30404640,114.18042079,5.59108024,-12.30209017,-0.43673829,4.19631387,1.48756962,0.25967118,0.31432942,-0.05487670,-0.02829541,0.00095509
1732337231.48673582,2341,535631.48673582,22.30404639,114.18042073,5.59282533,-12.27501501,-0.41705630,4.23499684,1.48187742,0.25832116,0.31607451,-0.06193811,-0.00412888,0.00198195
1732337231.68690991,2341,535631.68690991,22.30404637,114.18042074,5.59967103,-12.29041702,-0.46364251,4.19699706,1.48240607,0.25570746,0.32292021,-0.08715352,-0.03187413,0.00161284
1732337231.88720322,2341,535631.88720322,22.30404637,114.18042071,5.59746680,-12.29708858,-0.44191781,4.23583873,1.47913600,0.25611899,0.32071598,-0.08883044,0.02853660,0.00654461
1732337232.08725023,2341,535632.08725023,22.30404643,114.18042056,5.59712483,-12.29622720,-0.47707569,4.21864082,1.46399931,0.26317291,0.32037401,-0.10048411,0.06591956,0.00517962
1732337232.28743601,2341,535632.28743601,22.30404663,114.18042030,5.60275203,-12.28311711,-0.47847578,4.20957731,1.43744859,0.28500101,0.32600122,-0.12315385,0.07637618,0.00088078
1732337232.48759747,2341,535632.48759747,22.30404665,114.18042001,5.60375189,-12.31078259,-0.41922105,4.20668703,1.40709830,0.28665273,0.32700108,-0.15436190,0.06039344,0.00297805
1732337232.68778324,2341,535632.68778324,22.30404665,114.18041971,5.59893545,-12.24740977,-0.46173277,4.20649008,1.37609316,0.28734519,0.32218465,-0.15598590,0.07631235,-0.00108180
1732337232.88793230,2341,535632.88793230,22.30404671,114.18041926,5.59776700,-12.23585952,-0.49893015,4.24845807,1.32991518,0.29338179,0.32101621,-0.16182253,0.06867979,-0.00079347
1732337233.08812428,2341,535633.08812428,22.30404682,114.18041901,5.59849278,-12.19309598,-0.50819254,4.18179953,1.30465082,0.30557046,0.32174199,-0.18538116,0.06028314,0.00225206
1732337233.28828025,2341,535633.28828025,22.30404696,114.18041853,5.60025957,-12.08880520,-0.54388304,4.20584609,1.25456360,0.32120519,0.32350879,-0.18599012,0.04621969,-0.00088021
1732337233.48854494,2341,535633.48854494,22.30404703,114.18041819,5.59926216,-12.04143803,-0.58557295,4.19736548,1.21932523,0.32871173,0.32251139,-0.20614186,0.07350967,0.00158418
1732337233.68863344,2341,535633.68863344,22.30404717,114.18041765,5.60075002,-11.99564930,-0.63802790,4.12763604,1.16440088,0.34422415,0.32399926,-0.21846233,0.04204504,0.00533491
1732337233.88880014,2341,535633.88880014,22.30404719,114.18041729,5.59330275,-11.95665207,-0.63484956,4.13725355,1.12680840,0.34696515,0.31655199,-0.21235340,0.05595238,-0.00101509
1732337234.08897448,2341,535634.08897448,22.30404734,114.18041670,5.59125270,-11.93583817,-0.67468778,4.15595035,1.06654995,0.36373496,0.31450196,-0.21149741,0.06864878,-0.00031470
1732337234.28914833,2341,535634.28914833,22.30404743,114.18041626,5.59106403,-11.93547449,-0.79918211,4.09632191,1.02102941,0.37362101,0.31431330,-0.22430240,0.05845201,0.00022195
1732337234.48933077,2341,535634.48933077,22.30404754,114.18041581,5.60469069,-11.92618437,-0.74267353,4.01182655,0.97430219,0.38533043,0.32793996,-0.25237588,0.06606548,0.00038513
1732337234.68949175,2341,535634.68949175,22.30404765,114.18041532,5.59749539,-11.89085644,-0.75034851,4.01136334,0.92398315,0.39797491,0.32074467,-0.23768065,0.06339226,0.00114820
1732337234.88966322,2341,535634.88966322,22.30404777,114.18041482,5.60457991,-11.93468587,-0.75709299,4.02174224,0.87293809,0.41125291,0.32782919,-0.25225712,0.05668549,0.00127359
1732337235.08985615,2341,535635.08985615,22.30404789,114.18041451,5.60397915,-11.89923628,-0.63980576,4.10314166,0.84092944,0.42412477,0.32722843,-0.25677648,0.07453290,-0.00648382
1732337235.29002047,2341,535635.29002047,22.30404798,114.18041404,5.59709357,-11.85179539,-0.72458859,4.13597752,0.79233311,0.43426713,0.32034286,-0.23748057,0.05414347,-0.00205524
1732337235.49017787,2341,535635.49017787,22.30404808,114.18041360,5.60144923,-11.78555867,-0.75849885,4.12008609,0.74715752,0.44568559,0.32469853,-0.24647075,0.03238015,-0.00235012
1732337235.69035387,2341,535635.69035387,22.30404814,114.18041313,5.58808275,-11.73923978,-0.63533889,4.13788185,0.69809645,0.45254516,0.31133205,-0.25657369,0.08458314,-0.00529489
1732337235.89053345,2341,535635.89053345,22.30404830,114.18041260,5.59526562,-11.73406612,-0.67840123,4.10642217,0.64350631,0.46981660,0.31851492,-0.25857523,0.05131415,-0.00058841
1732337236.09070086,2341,535636.09070086,22.30404835,114.18041220,5.58947911,-11.72278511,-0.66699939,4.17048348,0.60242660,0.47516235,0.31272842,-0.25139676,0.06454315,0.00246946
1732337236.29097509,2341,535636.29097509,22.30404850,114.18041169,5.59017219,-11.69934991,-0.72711309,4.09480661,0.55049319,0.49232276,0.31342150,-0.24630702,0.04607266,0.00071737
1732337236.49103689,2341,535636.49103689,22.30404862,114.18041117,5.59772010,-11.74267050,-0.72411139,4.03708459,0.49650927,0.50471099,0.32096941,-0.24897317,0.06725402,-0.00062014
1732337236.69128466,2341,535636.69128466,22.30404870,114.18041073,5.59325499,-11.80949033,-0.68961505,4.07034610,0.45076533,0.51349538,0.31650430,-0.25555383,0.03951496,-0.00286714
1732337236.89138627,2341,535636.89138627,22.30404885,114.18041024,5.59852281,-11.82095487,-0.65662538,4.05657243,0.40076615,0.53069224,0.32177213,-0.25099031,0.05621026,-0.00350732
1732337237.09155512,2341,535637.09155512,22.30404896,114.18040990,5.59939621,-11.81302631,-0.62908157,4.09280745,0.36514088,0.54322717,0.32264553,-0.25612291,0.03788291,-0.00648192
1732337237.29171991,2341,535637.29171991,22.30404899,114.18040943,5.60006287,-11.78151530,-0.62589764,4.11338509,0.31732387,0.54636249,0.32331219,-0.25297787,0.05103716,-0.00358185
1732337237.49189329,2341,535637.49189329,22.30404905,114.18040880,5.59061109,-11.69997658,-0.68191508,4.06042622,0.25243017,0.55251849,0.31386042,-0.24259427,0.05095721,-0.01008680
1732337237.69208360,2341,535637.69208360,22.30404917,114.18040845,5.59105375,-11.71787273,-0.65584765,4.15836017,0.21588155,0.56654486,0.31430307,-0.26084850,0.07932749,-0.00932289
1732337237.89222908,2341,535637.89222908,22.30404929,114.18040798,5.59540784,-11.71890023,-0.67395679,4.10891287,0.16794638,0.57894991,0.31865717,-0.27298808,0.05709411,-0.00619465
1732337238.09241939,2341,535638.09241939,22.30404938,114.18040727,5.58281370,-11.69034352,-0.69194610,4.06899523,0.09452909,0.58941694,0.30606303,-0.25299388,0.08700025,0.00070745
1732337238.29269314,2341,535638.29269314,22.30404951,114.18040668,5.58209302,-11.68596080,-0.79554175,4.04476354,0.03399546,0.60385257,0.30534235,-0.24190742,0.07267267,-0.00267892
1732337238.49275160,2341,535638.49275160,22.30404973,114.18040617,5.58234942,-11.69406231,-0.74864976,4.00554932,-0.01899577,0.62766765,0.30559874,-0.25160399,0.08001368,-0.00283839
1732337238.69292665,2341,535638.69292665,22.30404982,114.18040568,5.57931975,-11.68901532,-0.79153929,3.99398856,-0.06940865,0.63813296,0.30256907,-0.24635169,0.06117197,-0.00422983
1732337238.89316940,2341,535638.89316940,22.30404995,114.18040523,5.58159751,-11.69190459,-0.78161710,4.00442673,-0.11557812,0.65237691,0.30484683,-0.25483437,0.06367419,-0.00276387
1732337239.09328747,2341,535639.09328747,22.30405013,114.18040479,5.58325109,-11.70667908,-0.74131325,4.00259585,-0.16058672,0.67271194,0.30650040,-0.26986732,0.06720027,-0.00306814
1732337239.29345369,2341,535639.29345369,22.30405020,114.18040430,5.57857950,-11.62959069,-0.79253856,3.91536013,-0.21124426,0.67969312,0.30182882,-0.25572235,0.04670081,0.00004544
1732337239.49373841,2341,535639.49373841,22.30405032,114.18040378,5.58293733,-11.56147308,-0.80354601,3.94010984,-0.26499302,0.69299224,0.30618664,-0.25306357,0.04890797,-0.00851373
1732337239.69379950,2341,535639.69379950,22.30405038,114.18040331,5.57705759,-11.55444412,-0.79164091,3.91435436,-0.31360470,0.69990868,0.30030690,-0.26024106,0.07316443,-0.00134129
1732337239.89411640,2341,535639.89411640,22.30405052,114.18040276,5.58489555,-11.50954092,-0.80759959,3.98420660,-0.37038151,0.71505748,0.30814485,-0.26340659,0.04700125,-0.00636711
1732337240.09420490,2341,535640.09420490,22.30405064,114.18040229,5.57999037,-11.48335168,-0.78191129,3.89812836,-0.41849052,0.72895725,0.30323967,-0.26956111,0.06439726,-0.00489667
1732337240.29432106,2341,535640.29432106,22.30405075,114.18040195,5.58338057,-11.45764869,-0.74921713,3.91031327,-0.45313835,0.74058064,0.30662987,-0.26520964,0.05151374,-0.00575303
1732337240.49449253,2341,535640.49449253,22.30405082,114.18040144,5.58253671,-11.45325053,-0.79673761,3.93681420,-0.50658066,0.74853954,0.30578600,-0.26963013,0.05405122,-0.00726058
1732337240.69476223,2341,535640.69476223,22.30405092,114.18040100,5.58758842,-11.41805325,-0.74623935,3.95914907,-0.55126404,0.76039076,0.31083770,-0.26972476,0.07254199,-0.00972293
1732337240.89483261,2341,535640.89483261,22.30405112,114.18040047,5.58232808,-11.39328162,-0.66844575,4.01951820,-0.60561434,0.78151554,0.30557736,-0.27143854,0.07739437,-0.01394061
1732337241.09501219,2341,535641.09501219,22.30405120,114.18039992,5.57083201,-11.33143956,-0.76621128,4.03542035,-0.66264680,0.79099963,0.29408128,-0.26142868,0.08697530,-0.00989062
1732337241.29518461,2341,535641.29518461,22.30405130,114.18039927,5.56469414,-11.27244089,-0.79731666,3.95159085,-0.73017523,0.80172948,0.28794340,-0.27242270,0.06178889,-0.00886947
1732337241.49546695,2341,535641.49546695,22.30405138,114.18039871,5.56361609,-11.24491883,-0.78169918,4.08262660,-0.78759898,0.81124905,0.28686535,-0.25493938,0.07772738,-0.01081465
1732337241.69552827,2341,535641.69552827,22.30405147,114.18039811,5.55008998,-11.17386910,-0.96000740,3.90253802,-0.84886924,0.82115385,0.27333923,-0.23446502,0.04768946,-0.00626561
1732337241.89569402,2341,535641.89569402,22.30405168,114.18039757,5.55774787,-11.13795876,-1.08696238,3.88041062,-0.90496842,0.84349820,0.28099710,-0.25170089,0.08644016,-0.00670363
1732337242.09587216,2341,535642.09587216,22.30405175,114.18039716,5.55989350,-11.22276947,-1.43812334,3.68625045,-0.94678785,0.85163545,0.28314272,-0.27969938,0.08684401,-0.00943944
1732337242.29604578,2341,535642.29604578,22.30405183,114.18039649,5.56047080,-11.20483001,-1.48316328,3.54784477,-1.01584402,0.86016908,0.28372002,-0.32392044,0.07436704,-0.01073854
1732337242.49621034,2341,535642.49621034,22.30405192,114.18039603,5.55028157,-11.21230316,-1.44420323,3.53850844,-1.06369264,0.87050344,0.27353077,-0.31248984,0.05737115,-0.00662100
1732337242.69636583,2341,535642.69636583,22.30405202,114.18039536,5.55031607,-11.17383407,-1.35426389,3.63196187,-1.13232687,0.88134640,0.27356527,-0.30277023,0.05220657,-0.00985952
1732337242.89655852,2341,535642.89655852,22.30405213,114.18039483,5.55157936,-11.17180968,-1.24739228,3.85172481,-1.18747723,0.89437969,0.27482854,-0.30601513,0.06306986,-0.00966814
1732337243.09681988,2341,535643.09681988,22.30405225,114.18039433,5.54926537,-11.05839778,-1.32744014,3.70106839,-1.23878589,0.90678038,0.27251453,-0.29003585,0.05995251,-0.00674183
1732337243.29689741,2341,535643.29689741,22.30405246,114.18039382,5.54769756,-10.94232172,-1.30325532,3.75031844,-1.29129864,0.93034598,0.27094672,-0.26912099,0.07121853,-0.01008829
1732337243.49708319,2341,535643.49708319,22.30405265,114.18039330,5.54941101,-10.71410761,-1.37603769,3.66587568,-1.34457047,0.95091993,0.27266016,-0.27659525,0.05871701,-0.01113213
1732337243.69723821,2341,535643.69723821,22.30405280,114.18039282,5.55202046,-10.55507959,-1.34037812,3.65901124,-1.39435493,0.96855032,0.27526959,-0.29470162,0.09551385,-0.01092544
1732337243.89750671,2341,535643.89750671,22.30405287,114.18039203,5.54179804,-10.33839516,-1.38986160,3.59792701,-1.47542716,0.97634559,0.26504715,-0.29615984,0.07356732,-0.01327200
1732337244.09759092,2341,535644.09759092,22.30405293,114.18039142,5.54270297,-9.82582459,-1.43716729,3.62293508,-1.53892453,0.98230761,0.26595206,-0.29308803,0.04318277,-0.00513414
1732337244.29776144,2341,535644.29776144,22.30405311,114.18039075,5.54421322,-9.00479511,-1.49467665,3.58838140,-1.60759274,1.00236346,0.26746229,-0.29780672,0.04667485,-0.01509769
1732337244.49794006,2341,535644.49794006,22.30405322,114.18039025,5.54092680,-7.93420338,-1.46832376,3.57588175,-1.65870090,1.01472139,0.26417586,-0.30762684,0.01776034,-0.01400295
1732337244.69811296,2341,535644.69811296,22.30405330,114.18038970,5.53205145,-6.67420738,-1.59717335,3.61060078,-1.71551408,1.02307048,0.25530049,-0.28287289,0.02138509,-0.00488906
1732337244.89828205,2341,535644.89828205,22.30405338,114.18038912,5.53682702,-5.22557318,-1.73697419,3.45886398,-1.77563776,1.03265649,0.26007604,-0.29500672,-0.01852288,-0.02208600
1732337245.09846044,2341,535645.09846044,22.30405342,114.18038861,5.53558470,-3.74347614,-1.71083197,3.49119704,-1.82772501,1.03716809,0.25883371,-0.29721762,0.02105174,-0.01129006
1732337245.29862309,2341,535645.29862309,22.30405353,114.18038798,5.52163218,-2.09168278,-1.85531055,3.50505064,-1.89294005,1.04899111,0.24488117,-0.29894272,0.00951678,0.00325397
1732337245.49890494,2341,535645.49890494,22.30405352,114.18038720,5.52351311,-0.27832462,-2.07599793,3.22847848,-1.97314409,1.04757203,0.24676208,-0.32663074,0.00184877,-0.01510824
1732337245.69896650,2341,535645.69896650,22.30405337,114.18038637,5.51048064,1.99266443,-2.23041773,3.07919057,-2.05916548,1.03087653,0.23372958,-0.32031545,-0.01885171,-0.01112912
1732337245.89913869,2341,535645.89913869,22.30405339,114.18038594,5.51473602,3.79017436,-2.26352856,3.05176354,-2.10296278,1.03323164,0.23798495,-0.35548039,-0.01573277,-0.01334605
1732337246.09931374,2341,535646.09931374,22.30405341,114.18038542,5.51442006,5.24570239,-2.29223737,3.04749706,-2.15681796,1.03604762,0.23766896,-0.33831443,-0.04489122,-0.01867537
1732337246.29948378,2341,535646.29948378,22.30405346,114.18038484,5.52741055,6.37996701,-2.26480234,3.19178973,-2.21666411,1.04114133,0.25065943,-0.36451462,-0.04221704,-0.01559438
1732337246.49965167,2341,535646.49965167,22.30405335,114.18038427,5.52496890,7.30958120,-2.23002645,3.15663100,-2.27502184,1.02917184,0.24821777,-0.35518305,-0.04443503,-0.02272295
1732337246.69982338,2341,535646.69982338,22.30405319,114.18038363,5.50672101,8.09094424,-2.30798316,3.21218698,-2.34150739,1.01088979,0.22996986,-0.31524250,-0.05255059,-0.01822773
1732337246.90000582,2341,535646.90000582,22.30405314,114.18038307,5.51871552,8.69179493,-2.27711889,3.15102246,-2.39951623,1.00522268,0.24196435,-0.35499697,-0.05662755,-0.02881631
1732337247.10025072,2341,535647.10025072,22.30405296,114.18038235,5.50029405,9.30881781,-2.33535850,3.28494813,-2.47304434,0.98523190,0.22354285,-0.30249701,-0.04976749,-0.02119290
1732337247.30038929,2341,535647.30038929,22.30405286,114.18038170,5.49310008,10.05030855,-2.32645596,3.20430968,-2.54045027,0.97440981,0.21634885,-0.31753166,-0.04511634,-0.02074826
1732337247.50057888,2341,535647.50057888,22.30405272,114.18038099,5.48234112,11.20115691,-2.52399242,3.08743411,-2.61335066,0.95892505,0.20558987,-0.27667842,-0.09543305,-0.01762450
1732337247.70068002,2341,535647.70068002,22.30405274,114.18038049,5.49804774,12.53167275,-2.49109034,2.98238250,-2.66471181,0.96194912,0.22129646,-0.33114160,-0.06692569,-0.01182152
1732337247.90091944,2341,535647.90091944,22.30405260,114.18037992,5.49266047,13.84498169,-2.61358254,3.00251807,-2.72361691,0.94550629,0.21590917,-0.30288880,-0.07101260,-0.02145836
1732337248.10102892,2341,535648.10102892,22.30405244,114.18037915,5.47987077,15.28428250,-2.74848046,2.75350568,-2.80314172,0.92869468,0.20311944,-0.29997705,-0.08078760,-0.01605782
1732337248.30120134,2341,535648.30120134,22.30405232,114.18037856,5.48462242,17.39747126,-2.79371276,2.53366370,-2.86339282,0.91449756,0.20787107,-0.33186996,-0.11372295,-0.02993615
1732337248.50143385,2341,535648.50143385,22.30405207,114.18037794,5.47362399,18.89200613,-2.86909235,2.65627624,-2.92794094,0.88773928,0.19687261,-0.32313043,-0.09122471,-0.01808077
1732337248.70164466,2341,535648.70164466,22.30405184,114.18037742,5.47386017,19.86253108,-2.82241326,2.70951118,-2.98156597,0.86130414,0.19710877,-0.35093143,-0.11288481,-0.01910030
1732337248.90182447,2341,535648.90182447,22.30405164,114.18037666,5.46269192,20.67638921,-2.93909487,2.68769988,-3.05994869,0.83985423,0.18594048,-0.29952034,-0.10881251,-0.02723067
1732337249.10189724,2341,535649.10189724,22.30405147,114.18037607,5.46258445,21.15683369,-2.89427600,2.62038279,-3.12000822,0.82026553,0.18583299,-0.34223473,-0.13425183,-0.02158022
1732337249.30206800,2341,535649.30206800,22.30405119,114.18037544,5.45525192,21.76569924,-3.04252202,2.66135112,-3.18544331,0.78959584,0.17850043,-0.31008369,-0.07891381,-0.02310174
1732337249.50231838,2341,535649.50231838,22.30405104,114.18037458,5.44483875,22.71411311,-3.09791343,2.29006964,-3.27362549,0.77346243,0.16808722,-0.30339318,-0.12838250,-0.01934648
1732337249.70240593,2341,535649.70240593,22.30405086,114.18037409,5.43957160,23.78407715,-3.04787816,2.42405966,-3.32390799,0.75375387,0.16282005,-0.32791831,-0.14741664,-0.02243853
1732337249.90267277,2341,535649.90267277,22.30405052,114.18037343,5.43908822,25.27076340,-3.09237617,2.37171616,-3.39208344,0.71507692,0.16233664,-0.28622981,-0.19076100,-0.02449006
1732337250.10276103,2341,535650.10276103,22.30405028,114.18037284,5.44187381,26.98861169,-3.17128622,2.39034158,-3.45277258,0.68850355,0.16512219,-0.31676719,-0.16533781,-0.01240594
1732337250.30292344,2341,535650.30292344,22.30404997,114.18037226,5.42699024,28.33104126,-3.23814898,2.18817375,-3.51241038,0.65415306,0.15023859,-0.31188606,-0.16466537,-0.01917468
1732337250.50314426,2341,535650.50314426,22.30404971,114.18037166,5.43499787,29.24004093,-3.33466668,2.09167949,-3.57453613,0.62629507,0.15824620,-0.30235610,-0.20261243,-0.02444527
1732337250.70326924,2341,535650.70326924,22.30404946,114.18037118,5.42483040,29.93726565,-3.18085775,2.01090950,-3.62468115,0.59809225,0.14807870,-0.32805687,-0.21559804,-0.02120919
1732337250.90343809,2341,535650.90343809,22.30404918,114.18037067,5.42136862,30.57406325,-3.15387036,2.04035396,-3.67715346,0.56766873,0.14461689,-0.33880475,-0.22351998,-0.01719432
1732337251.10366106,2341,535651.10366106,22.30404893,114.18037005,5.41665199,31.07471314,-3.16933297,2.10046591,-3.74095780,0.53962266,0.13990023,-0.34086899,-0.23891424,-0.01959142
1732337251.30387115,2341,535651.30387115,22.30404859,114.18036933,5.42306793,31.55350672,-3.08157108,2.16956113,-3.81449900,0.50240249,0.14631613,-0.33086272,-0.22838798,-0.01482887
1732337251.50395751,2341,535651.50395751,22.30404844,114.18036892,5.41075634,31.87938492,-3.04204757,2.26437242,-3.85664036,0.48480027,0.13400452,-0.35901835,-0.21220242,-0.02889227
1732337251.70414209,2341,535651.70414209,22.30404807,114.18036834,5.41818146,32.32838479,-2.98386709,2.21110201,-3.91655547,0.44398435,0.14142960,-0.40367582,-0.19965729,-0.02402251
1732337251.90429354,2341,535651.90429354,22.30404769,114.18036755,5.41419907,32.69250458,-3.01524883,2.26666678,-3.99810765,0.40266267,0.13744715,-0.37691991,-0.20238997,-0.00821655
1732337252.10446358,2341,535652.10446358,22.30404721,114.18036685,5.41307358,32.96511061,-2.99490455,2.34170872,-4.07066267,0.34855980,0.13632163,-0.41117396,-0.20376232,-0.01576835
1732337252.30465412,2341,535652.30465412,22.30404675,114.18036597,5.40286552,33.20863034,-3.12672864,2.33977099,-4.16055252,0.29849569,0.12611351,-0.37465872,-0.19205240,-0.02293411
1732337252.50481319,2341,535652.50481319,22.30404632,114.18036515,5.40309334,33.38123073,-3.08777572,2.10294635,-4.24508960,0.25023111,0.12634128,-0.39441299,-0.23045948,-0.02398206
1732337252.70498753,2341,535652.70498753,22.30404597,114.18036451,5.40018648,33.56127180,-2.99891735,2.15431267,-4.31115566,0.21147325,0.12343438,-0.38453858,-0.22456929,-0.03102161
1732337252.90515232,2341,535652.90515232,22.30404543,114.18036373,5.40059559,33.78592363,-3.14050625,2.34088774,-4.39138558,0.15206140,0.12384343,-0.37306496,-0.22562073,-0.02398627
1732337253.10532999,2341,535653.10532999,22.30404503,114.18036271,5.38065439,34.39819889,-3.11824902,2.09324255,-4.49692144,0.10749051,0.10390216,-0.37748186,-0.23773321,-0.03312632
1732337253.30551624,2341,535653.30551624,22.30404447,114.18036198,5.36425160,35.29993057,-3.16517551,2.04843305,-4.57234872,0.04548245,0.08749932,-0.33567384,-0.24622750,-0.02951672
1732337253.50567222,2341,535653.50567222,22.30404411,114.18036123,5.36129769,36.48640434,-3.20449060,1.87870689,-4.64913343,0.00560814,0.08454535,-0.34147750,-0.25873323,-0.02681443
1732337253.70585108,2341,535653.70585108,22.30404376,114.18036056,5.36199428,37.94891953,-3.17787295,1.79546688,-4.71844018,-0.03318878,0.08524189,-0.38384533,-0.27967738,-0.02553251
1732337253.90603256,2341,535653.90603256,22.30404312,114.18035971,5.35372757,39.84468175,-3.27716277,1.73911436,-4.80560894,-0.10411495,0.07697511,-0.36046264,-0.30237278,-0.01931065
1732337254.10627460,2341,535654.10627460,22.30404258,114.18035902,5.34897919,41.92794599,-3.31845240,1.59255910,-4.87665474,-0.16326552,0.07222668,-0.34754621,-0.34431533,-0.02514079
1732337254.30646849,2341,535654.30646849,22.30404194,114.18035834,5.34805897,44.19807052,-3.44325659,1.51601648,-4.94703444,-0.23493011,0.07130640,-0.33767333,-0.32409848,-0.01912326
1732337254.50654030,2341,535654.50654030,22.30404128,114.18035769,5.33643785,45.90285276,-3.51995609,1.29504582,-5.01411226,-0.30803072,0.05968523,-0.34998558,-0.30936693,-0.02304813
1732337254.70685434,2341,535654.70685434,22.30404088,114.18035712,5.33395310,46.98517838,-3.38597202,1.16932098,-5.07325439,-0.35147922,0.05720042,-0.33926453,-0.35625343,-0.03312512
1732337254.90689230,2341,535654.90689230,22.30404031,114.18035658,5.33593906,47.80027779,-3.41756887,1.35948075,-5.12905153,-0.41530776,0.05918634,-0.35920907,-0.31869831,-0.03579042
1732337255.10704875,2341,535655.10704875,22.30403956,114.18035584,5.32908765,48.46502032,-3.55105348,1.31333388,-5.20460082,-0.49834522,0.05233486,-0.35196819,-0.29931107,-0.02493463
1732337255.30721998,2341,535655.30721998,22.30403893,114.18035507,5.30780991,49.14238061,-3.57925475,1.22748729,-5.28412147,-0.56822955,0.03105705,-0.28688500,-0.31183842,-0.01239871
1732337255.50740862,2341,535655.50740862,22.30403828,114.18035442,5.30418720,49.78459875,-3.53589995,1.08761901,-5.35082689,-0.63996275,0.02743428,-0.28649065,-0.34001062,-0.01977513
1732337255.70757675,2341,535655.70757675,22.30403759,114.18035376,5.30984059,50.60907114,-3.52952169,0.95676429,-5.41932432,-0.71609543,0.03308761,-0.29093998,-0.34095280,-0.01475172
1732337255.90774846,2341,535655.90774846,22.30403697,114.18035316,5.30507783,51.63461654,-3.58376920,0.87134259,-5.48137116,-0.78494275,0.02832478,-0.24552792,-0.38758259,-0.02599951
1732337256.10791683,2341,535656.10791683,22.30403646,114.18035283,5.28409236,53.15282766,-3.58644633,0.86217837,-5.51473944,-0.84154560,0.00733928,-0.23417648,-0.36040059,-0.03142561
1732337256.30808115,2341,535656.30808115,22.30403587,114.18035226,5.27873793,55.32733970,-3.57209012,0.67499916,-5.57320470,-0.90623039,0.00198478,-0.22471875,-0.34752083,-0.01410622
1732337256.50826025,2341,535656.50826025,22.30403527,114.18035168,5.28771350,57.79498175,-3.51283500,0.54244302,-5.63316868,-0.97290331,0.01096029,-0.26162400,-0.40127599,0.00136394
1732337256.70844078,2341,535656.70844078,22.30403453,114.18035121,5.28318043,60.67648489,-3.61043185,0.37849713,-5.68185414,-1.05548870,0.00642717,-0.23668453,-0.43733179,0.00547358
1732337256.90862083,2341,535656.90862083,22.30403381,114.18035070,5.28584031,63.92707976,-3.74868193,0.42049584,-5.73433167,-1.13468205,0.00908699,-0.19061049,-0.43518137,-0.03145993
1732337257.10878038,2341,535657.10878038,22.30403289,114.18035041,5.27938854,67.01925101,-3.80446742,0.21051813,-5.76406476,-1.23641070,0.00263518,-0.23331922,-0.41155164,-0.03032407
1732337257.30895138,2341,535657.30895138,22.30403230,114.18035000,5.27050352,68.75889333,-3.62616691,0.07976428,-5.80704573,-1.30211098,-0.00624990,-0.20307018,-0.47179176,-0.03171588
1732337257.50923729,2341,535657.50923729,22.30403144,114.18034979,5.27407468,70.22720718,-3.83969170,0.14544824,-5.82816551,-1.39777590,-0.00267878,-0.19606862,-0.47944762,-0.02931214
1732337257.70931149,2341,535657.70931149,22.30403075,114.18034947,5.26882811,71.35733028,-3.84235838,0.28942338,-5.86135620,-1.47372451,-0.00792540,-0.20069074,-0.45026800,-0.03640424
1732337257.90947890,2341,535657.90947890,22.30402987,114.18034924,5.25993656,72.23581718,-4.02462805,0.32110967,-5.88504986,-1.57161911,-0.01681700,-0.18576811,-0.44562425,-0.03288640
1732337258.10964084,2341,535658.10964084,22.30402911,114.18034891,5.25220666,73.04751109,-3.91614792,0.10760245,-5.91860779,-1.65565822,-0.02454695,-0.14921104,-0.44670199,-0.02348042
1732337258.30981255,2341,535658.30981255,22.30402830,114.18034861,5.24578688,73.61239484,-3.87409057,0.08143778,-5.94930977,-1.74538092,-0.03096678,-0.14125081,-0.45589047,-0.03214463
1732337258.51001930,2341,535658.51001930,22.30402751,114.18034843,5.24554135,73.99874489,-3.93627889,0.13597291,-5.96784682,-1.83243121,-0.03121235,-0.15411056,-0.44609048,-0.03763000
1732337258.71015573,2341,535658.71015573,22.30402669,114.18034806,5.22252081,74.36575251,-3.87370695,0.04255119,-6.00629157,-1.92370775,-0.05423296,-0.11540757,-0.42513703,-0.03648780
1732337258.91032648,2341,535658.91032648,22.30402594,114.18034770,5.23544335,74.75311739,-3.76662704,-0.04206311,-6.04351165,-2.00614169,-0.04131047,-0.14749381,-0.44487047,-0.03708374
1732337259.11062193,2341,535659.11062193,22.30402503,114.18034737,5.21374533,75.04864882,-3.84045620,-0.01113574,-6.07731357,-2.10718613,-0.06300856,-0.12088566,-0.45681893,-0.03371330
1732337259.31068110,2341,535659.31068110,22.30402419,114.18034702,5.21251492,75.26029470,-3.78985541,-0.08384248,-6.11391497,-2.19979357,-0.06423904,-0.13927122,-0.46584748,-0.03274985
1732337259.51094055,2341,535659.51094055,22.30402331,114.18034677,5.19503591,75.47366995,-3.69667978,-0.28278070,-6.13901623,-2.29789178,-0.08171811,-0.08156238,-0.45732884,-0.03125158
1732337259.71100092,2341,535659.71100092,22.30402266,114.18034673,5.18662661,75.60542585,-3.47656623,-0.31954322,-6.14353512,-2.36914311,-0.09012744,-0.11510430,-0.44830210,-0.01656244
1732337259.91119528,2341,535659.91119528,22.30402196,114.18034634,5.17734250,75.79279291,-3.55729963,-0.29544013,-6.18391266,-2.44734577,-0.09941162,-0.14405904,-0.44463546,-0.02009010
1732337260.11136007,2341,535660.11136007,22.30402114,114.18034610,5.18302452,75.96198168,-3.48346539,-0.36737759,-6.20885073,-2.53799220,-0.09372965,-0.11305680,-0.47090115,-0.01514181
1732337260.31153631,2341,535660.31153631,22.30402037,114.18034598,5.17918197,76.14355066,-3.53023527,-0.15497541,-6.22099370,-2.62255371,-0.09757225,-0.15251972,-0.41510168,-0.03344515
1732337260.51170158,2341,535660.51170158,22.30401940,114.18034550,5.17453856,76.24778513,-3.68263796,-0.25560737,-6.27076808,-2.73011973,-0.10221575,-0.17127402,-0.43030874,-0.02034345
1732337260.71192694,2341,535660.71192694,22.30401848,114.18034514,5.17033154,76.35867867,-3.62554662,-0.34755220,-6.30751859,-2.83264312,-0.10642285,-0.15747066,-0.43722005,-0.02536013
1732337260.91205740,2341,535660.91205740,22.30401765,114.18034486,5.15343473,76.40108704,-3.46112941,-0.40666373,-6.33635372,-2.92420236,-0.12331974,-0.18078239,-0.48539662,-0.02123312
1732337261.11222744,2341,535661.11222744,22.30401678,114.18034467,5.16966213,76.47616341,-3.49795998,-0.37901449,-6.35534613,-3.02011522,-0.10709240,-0.19463947,-0.50789878,-0.02781976
1732337261.31239796,2341,535661.31239796,22.30401587,114.18034424,5.16224495,76.56011645,-3.63522805,-0.28570750,-6.39967041,-3.12168219,-0.11450968,-0.13950023,-0.44931536,-0.02770831
1732337261.51265383,2341,535661.51265383,22.30401508,114.18034396,5.14844743,76.68354518,-3.74118993,-0.24166366,-6.42844541,-3.20857835,-0.12830727,-0.11048825,-0.44487579,-0.03004351
1732337261.71282101,2341,535661.71282101,22.30401427,114.18034376,5.13601374,76.75005337,-3.67637435,-0.29270483,-6.44914338,-3.29894650,-0.14074103,-0.10599396,-0.47168854,-0.02406864
1732337261.91290808,2341,535661.91290808,22.30401342,114.18034362,5.12670401,76.72893396,-3.57770409,-0.32702232,-6.46431959,-3.39225764,-0.15005081,-0.12755040,-0.50218099,-0.03647946
1732337262.11308932,2341,535662.11308932,22.30401257,114.18034350,5.12664226,76.74252486,-3.57496970,-0.21621077,-6.47639281,-3.48633934,-0.15011263,-0.15940122,-0.48848942,-0.02065427
1732337262.31325674,2341,535662.31325674,22.30401167,114.18034326,5.11828510,76.83636932,-3.61746498,-0.24876771,-6.50149974,-3.58668295,-0.15846987,-0.13791577,-0.45622312,-0.02448346
1732337262.51342821,2341,535662.51342821,22.30401103,114.18034280,5.11587618,76.97386749,-3.66416732,-0.25388150,-6.54828592,-3.65727785,-0.16087888,-0.17079048,-0.46824596,-0.02340011
1732337262.71360111,2341,535662.71360111,22.30401002,114.18034254,5.11598679,77.00468282,-3.67879727,-0.33717790,-6.57528428,-3.76906627,-0.16076836,-0.16430905,-0.48850454,-0.03332308
1732337262.91378021,2341,535662.91378021,22.30400893,114.18034235,5.10608616,77.00497080,-3.56180286,-0.30609358,-6.59479459,-3.88937675,-0.17066908,-0.15612191,-0.50283284,-0.03012918
1732337263.11393881,2341,535663.11393881,22.30400813,114.18034207,5.10490031,77.09393922,-3.64768026,-0.27477494,-6.62404773,-3.97868067,-0.17185502,-0.11163765,-0.47835183,-0.03288203
1732337263.31412268,2341,535663.31412268,22.30400729,114.18034183,5.10603523,77.20184773,-3.64822682,-0.14193541,-6.64858536,-4.07125853,-0.17072019,-0.13119485,-0.46157380,-0.02775816
1732337263.51429892,2341,535663.51429892,22.30400638,114.18034153,5.09650730,77.24246813,-3.72331719,-0.19992508,-6.67887501,-4.17260637,-0.18024822,-0.13009822,-0.47766133,-0.03796512
1732337263.71446061,2341,535663.71446061,22.30400549,114.18034123,5.09699234,77.33415198,-3.79033501,-0.29555863,-6.70974940,-4.27125076,-0.17976328,-0.10621399,-0.47963804,-0.03368177
1732337263.91463804,2341,535663.91463804,22.30400464,114.18034119,5.06710030,77.37461049,-3.53688125,-0.36084374,-6.71421873,-4.36458000,-0.20965538,-0.11194713,-0.50113006,-0.02232023
1732337264.11480761,2341,535664.11480761,22.30400397,114.18034094,5.07822434,77.41222737,-3.53009571,-0.36397090,-6.73998278,-4.43895059,-0.19853141,-0.15816819,-0.47806824,-0.01699320
1732337264.31498718,2341,535664.31498718,22.30400311,114.18034062,5.06904419,77.50713826,-3.66327601,-0.34672545,-6.77339662,-4.53455715,-0.20771167,-0.10552371,-0.46692347,-0.02443005
1732337264.51521730,2341,535664.51521730,22.30400237,114.18034053,5.06217499,77.54605880,-3.50931771,-0.35897003,-6.78195692,-4.61646571,-0.21458094,-0.13003785,-0.47744486,-0.02911369
1732337264.71538854,2341,535664.71538854,22.30400140,114.18034019,5.05099076,77.53974775,-3.61020621,-0.24207581,-6.81691172,-4.72381993,-0.22576528,-0.11291951,-0.45896094,-0.03628686
1732337264.91549158,2341,535664.91549158,22.30400063,114.18033997,5.04590521,77.59611144,-3.52083465,-0.28485362,-6.84051404,-4.80901554,-0.23085093,-0.11295988,-0.44072048,-0.03100790
1732337265.11566591,2341,535665.11566591,22.30399978,114.18033986,5.02926398,77.67271947,-3.52266795,-0.29872672,-6.85187047,-4.90301987,-0.24749224,-0.14519726,-0.44979257,-0.02750082
1732337265.31583118,2341,535665.31583118,22.30399890,114.18033957,5.03517426,77.96491786,-3.58965683,-0.15488432,-6.88155906,-5.00056497,-0.24158207,-0.16790250,-0.41231020,-0.02596356
1732337265.51615334,2341,535665.51615334,22.30399798,114.18033934,5.03491076,78.80671959,-3.62890306,-0.38427410,-6.90468839,-5.10241988,-0.24184567,-0.09149853,-0.41352303,-0.01793717
1732337265.71617889,2341,535665.71617889,22.30399703,114.18033907,5.03333844,80.58285340,-3.73356194,-0.56185422,-6.93257319,-5.20711226,-0.24341811,-0.05431507,-0.40373710,-0.00915439
1732337265.91636992,2341,535665.91636992,22.30399606,114.18033877,5.04851627,83.40685332,-3.45527954,-0.86876706,-6.96378155,-5.31453155,-0.22824040,-0.01185304,-0.42726688,-0.00888515
1732337266.11653161,2341,535666.11653161,22.30399544,114.18033860,5.02408419,86.49351667,-3.81582715,-1.08656868,-6.98094795,-5.38323480,-0.25267256,0.02660353,-0.50257077,-0.02008710
1732337266.31682825,2341,535666.31682825,22.30399481,114.18033866,5.01188140,90.00212284,-3.91187848,-0.80015949,-6.97494312,-5.45316887,-0.26487540,0.03952624,-0.45313955,-0.02552022
1732337266.51687288,2341,535666.51687288,22.30399413,114.18033886,5.00531137,92.85371790,-3.86271255,-0.94435679,-6.95441698,-5.52894725,-0.27144547,-0.03895223,-0.45537545,-0.03485957
1732337266.71704555,2341,535666.71704555,22.30399330,114.18033890,4.99959457,95.33399557,-3.81291483,-1.09705020,-6.95009943,-5.62022340,-0.27716235,0.07527502,-0.40318102,-0.01777360
1732337266.91722393,2341,535666.91722393,22.30399245,114.18033882,4.98342180,98.80934662,-3.73925414,-1.40522656,-6.95902904,-5.71494428,-0.29333521,0.08799786,-0.43183653,-0.00109977
1732337267.11745977,2341,535667.11745977,22.30399178,114.18033895,5.00587300,102.70228319,-3.53804285,-1.64522488,-6.94540712,-5.78903847,-0.27088406,0.09891438,-0.39165894,-0.01808619
1732337267.31758213,2341,535667.31758213,22.30399093,114.18033884,5.00580855,106.62181882,-3.40424161,-2.00529118,-6.95653054,-5.88268534,-0.27094862,0.11267988,-0.44382991,-0.02163279
1732337267.51772738,2341,535667.51772738,22.30399011,114.18033910,4.99394989,110.35173142,-3.33983731,-2.09864723,-6.92933345,-5.97428173,-0.28280733,0.16076803,-0.38430442,-0.01512603
1732337267.71789074,2341,535667.71789074,22.30398929,114.18033938,4.98551851,114.39324496,-3.31262938,-2.53243002,-6.90073798,-6.06486805,-0.29123877,0.21247856,-0.38265381,-0.01798155
1732337267.91806912,2341,535667.91806912,22.30398853,114.18033959,4.99423575,118.34979450,-2.87975029,-2.70452852,-6.87950980,-6.14833698,-0.28252159,0.25926051,-0.37401727,-0.00339927
1732337268.11825371,2341,535668.11825371,22.30398796,114.18033988,4.99808024,122.43166701,-2.65795316,-2.89357098,-6.84899343,-6.21208119,-0.27867712,0.24132636,-0.37170630,-0.01046970
1732337268.31843162,2341,535668.31843162,22.30398714,114.18034024,5.00599104,127.13678116,-2.40382137,-3.15588218,-6.81178780,-6.30282888,-0.27076637,0.26623866,-0.33503478,0.00826346
1732337268.51859999,2341,535668.51859999,22.30398654,114.18034063,5.01044966,131.92609485,-1.77757639,-3.47195462,-6.77213254,-6.36960983,-0.26630778,0.31765820,-0.42310041,-0.02189127
1732337268.71877480,2341,535668.71877480,22.30398589,114.18034110,4.99111216,137.58247987,-0.99049145,-3.39262578,-6.72336964,-6.44123720,-0.28564529,0.38634392,-0.56366881,-0.08058363
1732337268.91893840,2341,535668.91893840,22.30398540,114.18034183,4.96202801,141.85142748,-1.31139179,-3.38601507,-6.64892366,-6.49560726,-0.31472942,0.34463550,-0.33576157,-0.02844724
1732337269.11911297,2341,535669.11911297,22.30398505,114.18034261,4.98358095,143.87882545,-1.47141731,-3.44563454,-6.56856342,-6.53412256,-0.29317644,0.30274209,-0.28510399,-0.01903845
1732337269.31927395,2341,535669.31927395,22.30398437,114.18034336,4.97199456,147.33072249,-1.36937114,-3.72415839,-6.49038290,-6.60997859,-0.30476283,0.35230427,-0.25340393,-0.01026774
1732337269.51943779,2341,535669.51943779,22.30398386,114.18034395,4.96050558,151.17383751,-1.22226405,-3.77898940,-6.42993409,-6.66638344,-0.31625181,0.36937820,-0.21681488,-0.00378376
1732337269.71961975,2341,535669.71961975,22.30398316,114.18034483,4.95725596,154.97637506,-0.94312600,-4.07662198,-6.33888244,-6.74307177,-0.31950141,0.41321313,-0.19815338,-0.00741950
1732337269.91980267,2341,535669.91980267,22.30398313,114.18034547,4.95436950,157.26990658,-0.87166689,-4.02889324,-6.27381543,-6.74734053,-0.32238782,0.39669745,-0.19956565,-0.00810863
1732337270.11998153,2341,535670.11998153,22.30398275,114.18034616,4.96450857,159.81666794,-0.45013200,-3.97881890,-6.20176432,-6.78913402,-0.31224872,0.44416613,-0.19787362,-0.01443783
1732337270.32014418,2341,535670.32014418,22.30398254,114.18034700,4.95733673,161.43945883,-0.35871181,-3.87400561,-6.11542726,-6.81197326,-0.31942050,0.41456198,-0.16307879,-0.00896274
1732337270.52031350,2341,535670.52031350,22.30398223,114.18034784,4.95972950,162.69280255,-0.44228307,-3.99462554,-6.02891657,-6.84610924,-0.31702769,0.39651120,-0.14005873,0.00342069
1732337270.72049665,2341,535670.72049665,22.30398194,114.18034856,4.95382462,163.58935647,-0.33824840,-4.00921024,-5.95523694,-6.87821282,-0.32293253,0.40898341,-0.13338949,0.00584350
1732337270.92068005,2341,535670.92068005,22.30398165,114.18034934,4.95421426,164.23221588,-0.26641342,-4.12134206,-5.87506003,-6.91109455,-0.32254285,0.40892089,-0.10590515,-0.00220706
1732337271.12082672,2341,535671.12082672,22.30398137,114.18034997,4.97705848,164.72431326,-0.04071885,-4.13696159,-5.80981359,-6.94121053,-0.29969861,0.38165934,-0.10173871,-0.00355376
1732337271.32101297,2341,535671.32101297,22.30398092,114.18035077,4.96990583,165.19801188,0.07591596,-4.05505681,-5.72699572,-6.99141094,-0.30685124,0.35775292,-0.09321128,0.00048626
1732337271.52118111,2341,535671.52118111,22.30398078,114.18035142,4.97660784,165.57179513,0.20465731,-4.48699322,-5.66003892,-7.00737520,-0.30014919,0.34572875,-0.12828048,-0.01241033
1732337271.72134829,2341,535671.72134829,22.30398034,114.18035249,4.96180023,165.83940369,0.15569091,-4.74420673,-5.54967982,-7.05611519,-0.31495676,0.39242011,-0.16543853,-0.01054288
1732337271.92151165,2341,535671.92151165,22.30398017,114.18035331,4.94790929,166.01416409,0.02909462,-4.77814587,-5.46552357,-7.07441149,-0.32884763,0.38927542,-0.13309436,-0.00401756
1732337272.12170291,2341,535672.12170291,22.30397996,114.18035413,4.94487795,166.11374134,0.10018628,-4.62796688,-5.38094517,-7.09794219,-0.33187894,0.43555502,-0.13922848,-0.00384638
1732337272.32187033,2341,535672.32187033,22.30397983,114.18035491,4.95672563,166.22490543,0.02591074,-4.75505170,-5.30033865,-7.11231672,-0.32003120,0.40553966,-0.12930871,-0.00203375
1732337272.52203488,2341,535672.52203488,22.30397954,114.18035586,4.95630246,166.36220653,0.12043566,-4.68139912,-5.20273916,-7.14471510,-0.32045433,0.41896803,-0.13287133,-0.00891159
1732337272.72219753,2341,535672.72219753,22.30397939,114.18035660,4.95578924,166.40861720,0.16353194,-4.78838838,-5.12681165,-7.16083419,-0.32096751,0.43656553,-0.10855153,-0.00041290
1732337272.92238331,2341,535672.92238331,22.30397917,114.18035730,4.97916659,166.49778288,0.23305327,-4.69415921,-5.05470799,-7.18578719,-0.29759012,0.42660177,-0.15784684,-0.00332083
1732337273.12263274,2341,535673.12263274,22.30397887,114.18035830,4.94636935,166.61963732,0.23369119,-4.70924394,-4.95094634,-7.21856290,-0.33038732,0.45346628,-0.14378655,0.00331938
1732337273.32274342,2341,535673.32274342,22.30397887,114.18035906,4.96015484,166.61306851,0.21031121,-4.36905504,-4.87324408,-7.21804034,-0.31660177,0.43282451,-0.14602338,-0.00404638
1732337273.52291632,2341,535673.52291632,22.30397856,114.18035989,4.95513652,166.63428270,0.30592671,-4.31493392,-4.78737125,-7.25236422,-0.32162006,0.44465239,-0.13223143,0.00290854
1732337273.72307205,2341,535673.72307205,22.30397835,114.18036071,4.96909508,166.70387480,0.18169833,-4.30776003,-4.70344597,-7.27641748,-0.30766147,0.41589123,-0.10849603,-0.00304980
1732337273.92324352,2341,535673.92324352,22.30397814,114.18036165,4.96189146,166.74934152,0.12599870,-4.49547159,-4.60589978,-7.29958322,-0.31486505,0.42713360,-0.08779255,0.00313611
1732337274.12342358,2341,535674.12342358,22.30397794,114.18036240,4.95732339,166.74840417,0.31460059,-4.42870190,-4.52912701,-7.32155033,-0.31943309,0.45971900,-0.13040483,0.00401332
1732337274.32359123,2341,535674.32359123,22.30397777,114.18036328,4.96231610,166.75298565,0.28233426,-4.42765634,-4.43854779,-7.34072304,-0.31444034,0.46389095,-0.07431537,0.00768812
1732337274.52375460,2341,535674.52375460,22.30397764,114.18036398,4.95737417,166.75201686,0.25601385,-4.29140645,-4.36614525,-7.35518355,-0.31938223,0.41883961,-0.10432317,0.00281183
1732337274.72394824,2341,535674.72394824,22.30397734,114.18036484,4.96382849,166.78251972,0.37872738,-4.14163610,-4.27769558,-7.38848541,-0.31292789,0.42956846,-0.13693586,0.00208758
1732337274.92412782,2341,535674.92412782,22.30397710,114.18036569,4.97436003,166.85652142,0.29494550,-4.25501739,-4.18976849,-7.41430332,-0.30239633,0.41667238,-0.14139645,0.00051408
1732337275.12437916,2341,535675.12437916,22.30397689,114.18036673,4.96156870,167.06252422,0.21519056,-4.56145337,-4.08227557,-7.43754500,-0.31518761,0.42630969,-0.13628979,0.00716953
1732337275.32444906,2341,535675.32444906,22.30397667,114.18036758,4.94510299,167.11532602,0.13197329,-4.49284078,-3.99525233,-7.46170221,-0.33165329,0.45278692,-0.16401233,-0.01075170
1732337275.52463317,2341,535675.52463317,22.30397642,114.18036853,4.94997446,167.11069235,0.11079089,-4.53795194,-3.89754166,-7.49040095,-0.32678180,0.46727122,-0.10599530,0.00217511
1732337275.72482920,2341,535675.72482920,22.30397621,114.18036927,4.95376902,167.11861176,0.35742440,-4.35837538,-3.82056147,-7.51311079,-0.32298722,0.48075244,-0.12429198,0.00177391
1732337275.92504025,2341,535675.92504025,22.30397606,114.18037009,4.96407729,167.16875897,0.32760900,-4.34550906,-3.73638498,-7.52956769,-0.31267892,0.43524335,-0.11601646,0.00098608
1732337276.12514544,2341,535676.12514544,22.30397566,114.18037086,4.97067544,167.20945799,0.38995411,-4.40726610,-3.65677921,-7.57435233,-0.30608077,0.42356177,-0.11640455,-0.00105188
1732337276.32531261,2341,535676.32531261,22.30397551,114.18037175,4.96218298,167.16688443,0.40870464,-4.28213258,-3.56499372,-7.59067945,-0.31457320,0.47597198,-0.11825179,0.00286150
1732337276.52549267,2341,535676.52549267,22.30397534,114.18037265,4.96440523,167.13693758,0.47408846,-4.15719509,-3.47303086,-7.60990103,-0.31235093,0.46722077,-0.12422583,0.00318757
1732337276.72565842,2341,535676.72565842,22.30397516,114.18037361,4.95395958,167.09760210,0.46283008,-4.18872423,-3.37334123,-7.62887017,-0.32279655,0.46859650,-0.12092788,-0.00450174
1732337276.92583203,2341,535676.92583203,22.30397503,114.18037444,4.95582204,167.09951997,0.35194292,-4.13058270,-3.28858897,-7.64368434,-0.32093406,0.42562868,-0.11040919,-0.00677897
1732337277.12599969,2341,535677.12599969,22.30397476,114.18037541,4.94430566,167.12682533,0.27194057,-4.17910018,-3.18820064,-7.67368242,-0.33245042,0.44853785,-0.12197279,0.01372074
1732337277.32618117,2341,535677.32618117,22.30397452,114.18037626,4.95933382,167.12842709,0.40328300,-4.18302133,-3.10076867,-7.70004591,-0.31742225,0.49131486,-0.13558623,-0.00353382
1732337277.52634859,2341,535677.52634859,22.30397434,114.18037712,4.95723655,167.12623707,0.45112069,-4.22342162,-3.01257254,-7.72056972,-0.31951950,0.46501681,-0.13796693,-0.00781391
1732337277.72652149,2341,535677.72652149,22.30397406,114.18037807,4.96046728,167.10333432,0.45638772,-4.08378855,-2.91373655,-7.75113365,-0.31628877,0.44962978,-0.12098810,0.00478165
1732337277.92677832,2341,535677.92677832,22.30397385,114.18037900,4.95662116,167.20172656,0.43492658,-4.02309747,-2.81824079,-7.77448015,-0.32013487,0.45108343,-0.11793092,0.01154382
1732337278.12686539,2341,535678.12686539,22.30397361,114.18037981,4.96323311,167.18597772,0.38770909,-4.11856968,-2.73453079,-7.80057545,-0.31352292,0.46022141,-0.10835782,0.01922426
1732337278.32704496,2341,535678.32704496,22.30397342,114.18038072,4.96910933,167.24301233,0.50321678,-4.19400041,-2.64072270,-7.82160180,-0.30764669,0.48205744,-0.10935515,0.00315345
1732337278.52722406,2341,535678.52722406,22.30397310,114.18038164,4.96835335,167.30185454,0.60309082,-4.18602662,-2.54647667,-7.85757848,-0.30840267,0.49842556,-0.12863549,0.00411265
1732337278.72738600,2341,535678.72738600,22.30397297,114.18038246,4.97840751,167.30808777,0.66663447,-4.24113825,-2.46140828,-7.87208988,-0.29834850,0.43983412,-0.10333890,0.01008737
1732337278.92755270,2341,535678.92755270,22.30397260,114.18038323,4.96886501,167.32349002,0.75827762,-4.17608235,-2.38239958,-7.91316793,-0.30789101,0.43527126,-0.09965176,0.00009386
1732337279.12772465,2341,535679.12772465,22.30397238,114.18038401,4.97464597,167.45882249,0.75972241,-4.17803262,-2.30265134,-7.93704093,-0.30211006,0.43671686,-0.14302461,-0.01292506
1732337279.32789111,2341,535679.32789111,22.30397208,114.18038507,4.97520490,167.48850560,0.60173458,-4.13474266,-2.19322035,-7.97059501,-0.30155113,0.40429569,-0.14294307,-0.00736064
1732337279.52806759,2341,535679.52806759,22.30397197,114.18038605,4.96385584,167.47873426,0.49880092,-4.06596462,-2.09246026,-7.98259084,-0.31290017,0.45557679,-0.13345724,-0.00422542
1732337279.72829866,2341,535679.72829866,22.30397167,114.18038701,4.97221401,167.49740760,0.26126076,-4.04666822,-1.99281759,-8.01616359,-0.30454201,0.41977438,-0.14681669,0.01451564
1732337279.92840576,2341,535679.92840576,22.30397149,114.18038808,4.96718921,167.55782566,0.11883171,-4.18920113,-1.88286401,-8.03564948,-0.30956680,0.41669001,-0.10133584,-0.01009163
1732337280.12860417,2341,535680.12860417,22.30397114,114.18038896,4.95673390,167.67991932,0.18868701,-4.39903162,-1.79253515,-8.07452356,-0.32002213,0.44160792,-0.09860138,-0.00474103
1732337280.32875943,2341,535680.32875943,22.30397090,114.18038972,4.96152851,167.68161344,0.10751920,-4.32937023,-1.71332494,-8.10162892,-0.31522754,0.41636200,-0.05646348,0.00795638
1732337280.52893233,2341,535680.52893233,22.30397064,114.18039070,4.95605129,167.73054377,0.25732620,-4.36707052,-1.61286619,-8.12952878,-0.32070477,0.47151386,-0.09435822,0.01921797
1732337280.72910547,2341,535680.72910547,22.30397055,114.18039146,4.97304763,167.76559951,0.41808853,-4.33472399,-1.53464183,-8.13956248,-0.30370842,0.42498622,-0.10846332,0.00445550
1732337280.92927122,2341,535680.92927122,22.30397018,114.18039220,4.98074368,167.68209072,0.60778592,-4.56083480,-1.45868436,-8.18043723,-0.29601241,0.42961947,-0.11568794,0.00042420
1732337281.12945127,2341,535681.12945127,22.30396995,114.18039300,4.98035431,167.47652502,0.77492961,-4.59866599,-1.37537542,-8.20620967,-0.29640179,0.43356737,-0.17716950,-0.00304538
1732337281.32962871,2341,535681.32962871,22.30396973,114.18039415,4.96486712,166.92022822,0.59954740,-4.42190867,-1.25716512,-8.23098212,-0.31188899,0.41812682,-0.22582809,0.00036070
1732337281.52991819,2341,535681.52991819,22.30396955,114.18039495,4.96877714,166.16014900,0.37896027,-4.35849907,-1.17534651,-8.25099026,-0.30797897,0.42780787,-0.16720358,0.00401260
1732337281.72997141,2341,535681.72997141,22.30396924,114.18039568,4.96960496,164.74845309,0.20896072,-4.37703396,-1.09963486,-8.28472641,-0.30715119,0.42352373,-0.24562153,-0.00215290
1732337281.93014193,2341,535681.93014193,22.30396891,114.18039690,4.97704312,162.21901701,-0.01807864,-4.49919452,-0.97393159,-8.32156291,-0.29971306,0.48858783,-0.21607938,0.01753964
1732337282.13030910,2341,535682.13030910,22.30396888,114.18039779,4.97099080,159.62445672,-0.44518542,-4.03938643,-0.88198859,-8.32530563,-0.30576537,0.44553284,-0.24333177,0.02453129
1732337282.33048344,2341,535682.33048344,22.30396853,114.18039880,4.97830701,156.45292356,-0.88937280,-3.74598358,-0.77789416,-8.36360504,-0.29844920,0.46921254,-0.22296304,0.01457827
1732337282.53066421,2341,535682.53066421,22.30396816,114.18039947,4.99474243,154.27607935,-0.90226775,-3.50769232,-0.70961424,-8.40452848,-0.28201382,0.43507942,-0.23476391,0.00418957
1732337282.73089457,2341,535682.73089457,22.30396782,114.18040029,4.99524835,152.86100727,-0.86832923,-3.55581351,-0.62428063,-8.44272538,-0.28150795,0.44770094,-0.20113719,0.00727120
1732337282.93099236,2341,535682.93099236,22.30396748,114.18040114,4.99075106,151.76829078,-0.74581419,-3.10918451,-0.53743496,-8.48030047,-0.28600527,0.48079478,-0.21232640,0.01066977
1732337283.13116097,2341,535683.13116097,22.30396718,114.18040188,4.99081236,151.02945127,-0.67204072,-2.92666945,-0.46091449,-8.51345974,-0.28594402,0.46210511,-0.23632731,0.00327139
1732337283.33143091,2341,535683.33143091,22.30396678,114.18040269,4.98943034,150.39999787,-0.55157297,-2.67329206,-0.37698587,-8.55719612,-0.28732609,0.47096245,-0.22993077,0.00936422
1732337283.53152561,2341,535683.53152561,22.30396626,114.18040349,4.98912981,149.89335209,-0.53261426,-2.57381347,-0.29517694,-8.61442154,-0.28762669,0.44963864,-0.19822445,0.00440287
1732337283.73178744,2341,535683.73178744,22.30396588,114.18040413,5.00032683,149.50587392,-0.06856314,-2.61957632,-0.22919129,-8.65741666,-0.27642972,0.42871362,-0.22489481,0.00442053
1732337283.93185568,2341,535683.93185568,22.30396541,114.18040497,4.98876952,149.17094054,0.05854218,-2.47574395,-0.14287400,-8.70888671,-0.28798710,0.38161928,-0.22389386,0.00372509
1732337284.13203692,2341,535684.13203692,22.30396493,114.18040567,4.98721895,148.94471124,0.19695117,-2.53941194,-0.07073822,-8.76220291,-0.28953774,0.42393648,-0.25178001,0.00092423
1732337284.33220077,2341,535684.33220077,22.30396460,114.18040642,4.99747864,148.83458280,0.21200620,-2.31591779,0.00684899,-8.79858626,-0.27927811,0.40493865,-0.23119471,0.00554660
1732337284.53237247,2341,535684.53237247,22.30396410,114.18040714,4.98964533,148.75782773,0.18963594,-2.52153763,0.08102053,-8.85457155,-0.28711150,0.40868499,-0.24286970,0.00691523
1732337284.73263311,2341,535684.73263311,22.30396355,114.18040803,4.98531933,148.65225527,-0.00068424,-2.33692252,0.17299834,-8.91548282,-0.29143758,0.36252264,-0.22203280,0.00681509
1732337284.93271589,2341,535684.93271589,22.30396316,114.18040869,5.00200106,148.66382406,0.22185782,-2.38830562,0.24059320,-8.95769652,-0.27475591,0.40323888,-0.22272424,-0.01067916
1732337285.13287973,2341,535685.13287973,22.30396255,114.18040947,4.99708870,148.58980402,0.18717404,-2.38443949,0.32159462,-9.02568818,-0.27966838,0.41218528,-0.26038313,-0.00168322
1732337285.33306503,2341,535685.33306503,22.30396205,114.18041028,4.98771655,148.55666912,0.02457068,-2.51900081,0.40438088,-9.08107286,-0.28904061,0.38473455,-0.23116620,-0.00150939
1732337285.53324032,2341,535685.53324032,22.30396163,114.18041106,4.98112129,148.52114570,0.15935809,-2.55324893,0.48530020,-9.12721099,-0.29563594,0.41231244,-0.30857025,0.00503325
1732337285.73341179,2341,535685.73341179,22.30396112,114.18041196,4.98510417,148.39585733,-0.04799811,-2.55146986,0.57830715,-9.18372998,-0.29165315,0.39464800,-0.27271320,-0.00264368
1732337285.93359208,2341,535685.93359208,22.30396065,114.18041266,4.99391184,148.39122475,0.15353761,-2.57804348,0.64979796,-9.23587026,-0.28284556,0.43895786,-0.27225990,-0.01910550
1732337286.13385916,2341,535686.13385916,22.30396014,114.18041349,4.99217912,148.33782518,0.08240128,-2.49031053,0.73537649,-9.29236789,-0.28457838,0.43630808,-0.27990660,-0.00786243
1732337286.33406353,2341,535686.33406353,22.30395966,114.18041440,4.99008142,148.32836231,-0.20618402,-2.44493087,0.82960750,-9.34552237,-0.28667616,0.39193402,-0.28676414,0.01764625
1732337286.53410864,2341,535686.53410864,22.30395916,114.18041539,4.98703658,148.33594380,-0.22869182,-2.52612624,0.93175528,-9.40139152,-0.28972110,0.37727327,-0.25018119,-0.00971055
1732337286.73436499,2341,535686.73436499,22.30395870,114.18041585,4.98814729,148.31101161,-0.15070809,-2.53185966,0.97884059,-9.45222607,-0.28861047,0.38844478,-0.28604154,-0.00427425
1732337286.93451929,2341,535686.93451929,22.30395816,114.18041650,4.98831652,148.34756681,-0.04754832,-2.66898321,1.04550685,-9.51226046,-0.28844134,0.41570111,-0.29496314,-0.01243841
1732337287.13462496,2341,535687.13462496,22.30395766,114.18041748,4.99161850,148.27523039,-0.06478357,-2.39218329,1.14667600,-9.56732309,-0.28513946,0.38430265,-0.31432460,-0.02959495
1732337287.33477783,2341,535687.33477783,22.30395729,114.18041845,4.97365643,148.30395294,-0.40843186,-2.15756394,1.24617975,-9.60842231,-0.30310161,0.31707284,-0.30816979,-0.03499465
1732337287.53495955,2341,535687.53495955,22.30395663,114.18041943,4.95851175,148.38550245,-0.52995754,-2.50004270,1.34703168,-9.68160955,-0.31824642,0.29174218,-0.35631180,-0.02202962
1732337287.73513174,2341,535687.73513174,22.30395595,114.18042014,4.96725437,147.93303802,-1.24347311,-2.68355728,1.42036147,-9.75650258,-0.30950394,0.30320700,-0.38019554,-0.02710017
1732337287.93530941,2341,535687.93530941,22.30395537,114.18042105,4.97111969,147.39217081,-1.59322795,-2.75029057,1.51428176,-9.82045388,-0.30563874,0.39345808,-0.33118117,-0.01430436
1732337288.13554835,2341,535688.13554835,22.30395485,114.18042206,4.96622750,146.55271840,-1.82729965,-2.43887992,1.61864239,-9.87796797,-0.31053104,0.41024859,-0.35214084,-0.01448429
1732337288.33565617,2341,535688.33565617,22.30395428,114.18042305,4.96974324,145.30965606,-2.26548487,-2.27041729,1.72060056,-9.94165736,-0.30701542,0.42369628,-0.28621295,-0.01941965
1732337288.53582263,2341,535688.53582263,22.30395407,114.18042354,4.95814977,143.92608047,-1.88265161,-2.29016013,1.77130918,-9.96529615,-0.31860895,0.33676014,-0.26686230,-0.01035701
1732337288.73599815,2341,535688.73599815,22.30395332,114.18042410,4.96523409,142.43354244,-1.98751776,-2.34907547,1.82858040,-10.04739725,-0.31152477,0.36354323,-0.26685947,-0.01917354
1732337288.93622518,2341,535688.93622518,22.30395271,114.18042478,4.95576401,141.47196047,-1.90582065,-2.60364820,1.89904963,-10.11522708,-0.32099498,0.40137399,-0.28177618,-0.03175648
1732337289.13635683,2341,535689.13635683,22.30395226,114.18042551,4.95029361,140.90401891,-1.77421811,-2.36957844,1.97451960,-10.16478618,-0.32646548,0.33330687,-0.29646441,-0.01672001
1732337289.33660936,2341,535689.33660936,22.30395177,114.18042617,4.95657602,140.44998768,-1.88408117,-2.37343399,2.04156727,-10.21984213,-0.32018319,0.35363454,-0.32698035,-0.02035823
1732337289.53676891,2341,535689.53676891,22.30395118,114.18042698,4.93937979,140.26213869,-2.03323403,-2.23465093,2.12555254,-10.28498910,-0.33737955,0.30596774,-0.25509244,-0.02339400
1732337289.73695564,2341,535689.73695564,22.30395050,114.18042737,4.94885802,139.89857556,-2.01045178,-2.49990718,2.16605747,-10.35966510,-0.32790145,0.35596375,-0.28363349,-0.02500038
1732337289.93704414,2341,535689.93704414,22.30394991,114.18042800,4.92953377,139.68436440,-1.89853174,-2.77325480,2.23041195,-10.42506466,-0.34722583,0.35172373,-0.30261891,-0.01226607
1732337290.13719940,2341,535690.13719940,22.30394931,114.18042877,4.93284711,139.55995653,-1.69772896,-2.60077996,2.30963930,-10.49213315,-0.34391263,0.33361326,-0.30269128,-0.02343185
1732337290.33736706,2341,535690.33736706,22.30394870,114.18042936,4.91406074,139.38092685,-1.92762569,-2.50829079,2.37107690,-10.55973865,-0.36269914,0.30798991,-0.30510655,-0.00469685
1732337290.53754044,2341,535690.53754044,22.30394799,114.18042998,4.91943242,139.18651006,-1.83573116,-2.57687933,2.43450751,-10.63777240,-0.35732761,0.32793094,-0.28788659,-0.01276622
1732337290.73774385,2341,535690.73774385,22.30394742,114.18043059,4.91880654,138.90376474,-1.80651512,-2.73049509,2.49719322,-10.70099843,-0.35795362,0.33831101,-0.33407262,-0.01243469
1732337290.93789434,2341,535690.93789434,22.30394676,114.18043139,4.91184610,138.78651713,-1.85314274,-2.93488776,2.58036279,-10.77417475,-0.36491421,0.35653469,-0.31010537,-0.00980183
1732337291.13805819,2341,535691.13805819,22.30394626,114.18043199,4.92219702,138.62291855,-1.57826237,-2.91804010,2.64145346,-10.82915011,-0.35456341,0.37188067,-0.28398454,-0.01753383
1732337291.33824563,2341,535691.33824563,22.30394583,114.18043272,4.91596411,138.55915762,-1.29823164,-2.75396669,2.71679681,-10.87729341,-0.36079643,0.33837038,-0.30794480,-0.00931183
1732337291.53840375,2341,535691.53840375,22.30394508,114.18043320,4.90996514,138.38269486,-1.66873848,-2.83187098,2.76631985,-10.96036385,-0.36679557,0.32726750,-0.27396727,0.00127137
1732337291.73857832,2341,535691.73857832,22.30394458,114.18043384,4.91999493,138.21510576,-1.38847832,-3.01735005,2.83270401,-11.01603272,-0.35676591,0.33471003,-0.34213580,-0.00504931
1732337291.93874979,2341,535691.93874979,22.30394402,114.18043446,4.90706753,138.17447213,-1.26201871,-2.74955980,2.89652596,-11.07815902,-0.36969344,0.30170823,-0.36796588,-0.01226182
1732337292.13891172,2341,535692.13891172,22.30394338,114.18043510,4.91505999,138.06253244,-1.41534139,-2.93984827,2.96177384,-11.14896697,-0.36170113,0.33213214,-0.37650864,-0.00587054
1732337292.33910608,2341,535692.33910608,22.30394274,114.18043579,4.89675494,137.98437262,-1.37782116,-2.76146371,3.03355302,-11.21969615,-0.38000635,0.34367410,-0.37834955,-0.01615438
1732337292.53927279,2341,535692.53927279,22.30394219,114.18043649,4.88826883,137.97950631,-1.43204178,-2.93251061,3.10578340,-11.27985661,-0.38849260,0.34648323,-0.34337873,0.00244040
1732337292.73956680,2341,535692.73956680,22.30394156,114.18043710,4.90773134,137.89579446,-1.33215706,-2.88995673,3.16861392,-11.34953475,-0.36903024,0.36728069,-0.36202249,-0.00540065
1732337292.93961906,2341,535692.93961906,22.30394101,114.18043777,4.91597303,137.91363874,-1.24856168,-2.80584431,3.23731440,-11.41147193,-0.36078870,0.37967441,-0.34129621,-0.00731108
1732337293.13979363,2341,535693.13979363,22.30394039,114.18043835,4.91526853,137.78675514,-1.02783308,-2.54919951,3.29684682,-11.47924461,-0.36149335,0.36317650,-0.33685901,-0.01095039
1732337293.33995533,2341,535693.33995533,22.30393981,114.18043902,4.90593607,137.75016645,-0.94785225,-2.76951307,3.36627799,-11.54415778,-0.37082596,0.33021116,-0.31961433,-0.00665018
1732337293.54011965,2341,535693.54011965,22.30393921,114.18043957,4.89517281,137.78710916,-0.86280181,-2.91095293,3.42284676,-11.61078297,-0.38158938,0.29595249,-0.35308260,-0.00319543
1732337293.74031758,2341,535693.74031758,22.30393860,114.18044015,4.90124315,137.80592720,-0.78208846,-2.93413172,3.48303240,-11.67790990,-0.37551919,0.33492766,-0.35478184,-0.00974503
1732337293.94047308,2341,535693.94047308,22.30393802,114.18044091,4.90510925,137.77482161,-0.83835302,-2.71113879,3.56093534,-11.74165834,-0.37165326,0.34711069,-0.32126470,-0.00572232
1732337294.14065409,2341,535694.14065409,22.30393736,114.18044154,4.90213106,137.84096143,-0.86196736,-2.83061180,3.62555785,-11.81481242,-0.37463162,0.31996003,-0.29090817,-0.00410689
1732337294.34082556,2341,535694.34082556,22.30393677,114.18044218,4.89931475,137.86709393,-0.76922458,-2.80188315,3.69221981,-11.88002508,-0.37744809,0.29687044,-0.30214393,-0.00614368
1732337294.54099464,2341,535694.54099464,22.30393619,114.18044270,4.90462919,137.93662555,-0.68187395,-2.75417757,3.74560092,-11.94432170,-0.37213380,0.29286045,-0.33439824,-0.01690584
1732337294.74119091,2341,535694.74119091,22.30393552,114.18044348,4.90710648,137.91609416,-0.71927089,-2.78441403,3.82532853,-12.01900068,-0.36965669,0.33389649,-0.34003062,-0.01332660
1732337294.94133449,2341,535694.94133449,22.30393491,114.18044425,4.88818008,137.89913526,-0.80140125,-2.93444707,3.90539879,-12.08632619,-0.38858327,0.29401234,-0.32592411,-0.01235699
1732337295.14151263,2341,535695.14151263,22.30393433,114.18044479,4.87367349,137.98326747,-0.83044544,-2.87139990,3.96049757,-12.15110101,-0.40309002,0.27905109,-0.31240455,-0.01415454
1732337295.34167790,2341,535695.34167790,22.30393365,114.18044542,4.88231181,138.02652830,-0.83671265,-3.02167261,4.02516393,-12.22595076,-0.39445189,0.32854773,-0.33846859,-0.01927299
1732337295.54184675,2341,535695.54184675,22.30393298,114.18044612,4.88720724,138.02702483,-0.87352584,-2.96012200,4.09816938,-12.30068518,-0.38955665,0.36162906,-0.34260795,-0.01526763
1732337295.74203253,2341,535695.74203253,22.30393239,114.18044687,4.87829770,138.06931332,-0.97799187,-2.97407637,4.17540869,-12.36536424,-0.39846636,0.34977881,-0.31407249,-0.01784579
1732337295.94219542,2341,535695.94219542,22.30393181,114.18044738,4.86801148,138.12984816,-0.95726331,-3.17216234,4.22735489,-12.42924177,-0.40875274,0.35610069,-0.32776641,-0.01184130
1732337296.14236021,2341,535696.14236021,22.30393123,114.18044796,4.87205423,138.20464881,-0.78906955,-3.13220719,4.28717005,-12.49364478,-0.40471016,0.34050514,-0.33906209,-0.00899214
1732337296.34253931,2341,535696.34253931,22.30393049,114.18044852,4.87910047,138.20599596,-0.74225394,-3.27948156,4.34512634,-12.57637825,-0.39766412,0.37777735,-0.33248146,-0.00437061
1732337296.54271293,2341,535696.54271293,22.30392988,114.18044934,4.88026678,138.17418966,-0.48697199,-3.18701132,4.42969749,-12.64306437,-0.39649800,0.39395715,-0.33651104,-0.00774859
1732337296.74299955,2341,535696.74299955,22.30392949,114.18044995,4.85817321,138.28792857,-0.35572608,-3.22974117,4.49238909,-12.68703574,-0.41859170,0.33979476,-0.29521567,-0.01491255
1732337296.94306421,2341,535696.94306421,22.30392890,114.18045047,4.87075294,138.29857472,-0.12968812,-3.13667331,4.54558547,-12.75194893,-0.40601214,0.34557690,-0.34654656,-0.01096086
1732337297.14323997,2341,535697.14323997,22.30392823,114.18045112,4.87560110,138.34054287,-0.16103669,-3.09294507,4.61249361,-12.82645083,-0.40116418,0.35559704,-0.32017636,-0.01603305
1732337297.34341002,2341,535697.34341002,22.30392767,114.18045181,4.85513685,138.40602090,-0.20854969,-3.06336479,4.68361877,-12.88766798,-0.42162861,0.33773313,-0.31023919,-0.00386687
1732337297.54358029,2341,535697.54358029,22.30392691,114.18045264,4.85787303,138.44435447,-0.29844164,-3.15302864,4.76962283,-12.97273505,-0.41889266,0.32591782,-0.32902821,0.00231523
1732337297.74374604,2341,535697.74374604,22.30392634,114.18045326,4.86123790,138.47603861,-0.31159947,-3.19350019,4.83386648,-13.03551352,-0.41552797,0.33551106,-0.34906811,0.00294584
1732337297.94403529,2341,535697.94403529,22.30392568,114.18045396,4.86690493,138.44545519,-0.33847031,-3.25675408,4.90585958,-13.10857332,-0.40986115,0.36180423,-0.34064374,0.00558817
1732337298.14410281,2341,535698.14410281,22.30392517,114.18045453,4.86547702,138.49025032,-0.27209763,-3.31701487,4.96431555,-13.16473564,-0.41128922,0.36982364,-0.34056903,-0.00045232
1732337298.34426498,2341,535698.34426498,22.30392464,114.18045529,4.85433515,138.57866664,-0.11771652,-3.19790099,5.04228882,-13.22406729,-0.42243126,0.32622687,-0.32884675,-0.00595305
1732337298.54443359,2341,535698.54443359,22.30392404,114.18045599,4.86001301,138.60332300,-0.22502020,-3.02878797,5.11451253,-13.29019249,-0.41675360,0.31877741,-0.31745050,0.00045625
1732337298.74461627,2341,535698.74461627,22.30392328,114.18045671,4.85970699,138.65192164,-0.31205497,-3.08522472,5.18908296,-13.37477784,-0.41705986,0.36124999,-0.32289778,0.00007730
1732337298.94477129,2341,535698.94477129,22.30392265,114.18045745,4.87157045,138.59706440,-0.36455104,-3.14853466,5.26477285,-13.44409116,-0.40519661,0.36972851,-0.34216299,0.00245002
1732337299.14507365,2341,535699.14507365,22.30392210,114.18045817,4.85918531,138.58133203,-0.35824510,-3.27858838,5.33958249,-13.50513181,-0.41758194,0.36025897,-0.35998300,-0.00185869
1732337299.34513116,2341,535699.34513116,22.30392153,114.18045871,4.85425527,138.63824770,-0.27613645,-3.16785003,5.39516524,-13.56796479,-0.42251216,0.33689272,-0.33892687,-0.00643086
1732337299.54530621,2341,535699.54530621,22.30392091,114.18045946,4.87342889,138.66984874,-0.25809414,-3.17654169,5.47223653,-13.63716408,-0.40333876,0.33886184,-0.32469794,-0.00828017
1732337299.74547672,2341,535699.74547672,22.30392037,114.18046003,4.85091977,138.68536911,-0.26741253,-3.10573843,5.53132564,-13.69647502,-0.42584806,0.36157002,-0.35436758,-0.00592214
1732337299.94563460,2341,535699.94563460,22.30391965,114.18046084,4.84894541,138.73578419,-0.35067300,-3.26188569,5.61416887,-13.77635108,-0.42782267,0.37993724,-0.33466367,-0.00055565
1732337300.14590120,2341,535700.14590120,22.30391915,114.18046145,4.86538284,138.76579714,-0.27555043,-3.08761017,5.67680134,-13.83130870,-0.41138540,0.37065213,-0.35310585,-0.01203295
1732337300.34599447,2341,535700.34599447,22.30391841,114.18046234,4.85709743,138.81114116,-0.32873127,-2.96300885,5.76879181,-13.91407066,-0.41967107,0.36570839,-0.34901007,-0.01262671
1732337300.54616904,2341,535700.54616904,22.30391781,114.18046322,4.85851661,138.85934882,-0.44263229,-3.06702810,5.85927088,-13.98014183,-0.41825213,0.34103551,-0.34646317,-0.00406029
1732337300.74632215,2341,535700.74632215,22.30391728,114.18046378,4.85129913,138.87790836,-0.45596676,-3.25919142,5.91712459,-14.03862152,-0.42546979,0.37091870,-0.32651213,-0.00842677
1732337300.94650149,2341,535700.94650149,22.30391672,114.18046445,4.85059437,138.90460567,-0.33676447,-3.19731029,5.98641697,-14.10025949,-0.42617475,0.34787343,-0.35308441,-0.00420877
1732337301.14668512,2341,535701.14668512,22.30391606,114.18046520,4.84743116,138.92745811,-0.43008295,-3.06447786,6.06370657,-14.17377419,-0.42933820,0.35012628,-0.35113960,-0.01026737
1732337301.34684682,2341,535701.34684682,22.30391546,114.18046602,4.84691178,138.97356916,-0.51965577,-3.20152869,6.14853213,-14.24024495,-0.42985781,0.38762947,-0.32647493,-0.01073644
1732337301.54702950,2341,535701.54702950,22.30391500,114.18046656,4.83927656,139.06886214,-0.39940295,-2.99665035,6.20343981,-14.29120852,-0.43749319,0.35286736,-0.33024366,-0.01463233
1732337301.74718380,2341,535701.74718380,22.30391429,114.18046725,4.83614961,139.10286946,-0.49039948,-3.12986421,6.27542234,-14.36954599,-0.44062039,0.36742653,-0.33953010,0.00089796
1732337301.94737673,2341,535701.94737673,22.30391355,114.18046809,4.83316839,139.14522727,-0.51797725,-3.09774962,6.36128375,-14.45190194,-0.44360188,0.37765098,-0.33066657,-0.01525211
1732337302.14753962,2341,535702.14753962,22.30391307,114.18046881,4.84577455,139.19090688,-0.49128494,-2.94367592,6.43560612,-14.50443583,-0.43099592,0.36163307,-0.31695387,0.00572969
1732337302.34779072,2341,535702.34779072,22.30391242,114.18046944,4.83663719,139.18705852,-0.34214953,-3.13416041,6.50071776,-14.57680964,-0.44013352,0.39335700,-0.32361591,0.00698297
1732337302.54796267,2341,535702.54796267,22.30391189,114.18046987,4.84211512,139.27139567,-0.30804499,-2.90104057,6.54508574,-14.63524254,-0.43465576,0.36123865,-0.32153486,-0.00019045
1732337302.74810648,2341,535702.74810648,22.30391134,114.18047040,4.83114026,139.28711954,-0.14414621,-2.94430134,6.60002041,-14.69656847,-0.44563082,0.38666940,-0.32895795,0.00488231
1732337302.94821358,2341,535702.94821358,22.30391085,114.18047110,4.83962286,139.28914219,-0.06209618,-2.72267674,6.67215046,-14.75108038,-0.43714842,0.36236197,-0.34633522,-0.00171227
1732337303.14839172,2341,535703.14839172,22.30391025,114.18047190,4.83871390,139.29872112,-0.09077132,-2.70286654,6.75391476,-14.81729791,-0.43805762,0.35573729,-0.34720368,-0.00570363
1732337303.34856057,2341,535703.34856057,22.30390942,114.18047267,4.83810952,139.31029756,-0.03116796,-2.89897979,6.83323008,-14.90885252,-0.43866230,0.34685702,-0.33704732,-0.00455693
1732337303.54874110,2341,535703.54874110,22.30390897,114.18047338,4.84319953,139.42441208,-0.11970586,-2.29611544,6.90621144,-14.95895291,-0.43357249,0.31602694,-0.30603473,-0.01475784
1732337303.74891615,2341,535703.74891615,22.30390829,114.18047409,4.84556759,139.47450559,-0.31394671,-2.58487724,6.97954452,-15.03435292,-0.43120468,0.33015599,-0.33128815,-0.00885546
1732337303.94919205,2341,535703.94919205,22.30390774,114.18047474,4.82741040,139.46581338,-0.21755284,-2.78868285,7.04662318,-15.09460653,-0.44936209,0.36602333,-0.33361246,-0.00376556
1732337304.14925909,2341,535704.14925909,22.30390717,114.18047543,4.82471828,139.61208077,-0.31116596,-2.88615079,7.11813200,-15.15863910,-0.45205445,0.34148827,-0.35150743,-0.00575839
1732337304.34943175,2341,535704.34943175,22.30390657,114.18047622,4.82894122,139.59393682,-0.40762082,-2.82589970,7.19941738,-15.22446434,-0.44783175,0.36953608,-0.33001059,-0.00143018
1732337304.54960489,2341,535704.54960489,22.30390597,114.18047690,4.82876080,139.68312155,-0.50671950,-2.74682807,7.26949711,-15.29124761,-0.44801242,0.35466012,-0.29545456,-0.01067033
1732337304.74977803,2341,535704.74977803,22.30390529,114.18047756,4.83621381,139.71124430,-0.47237732,-2.72190308,7.33776154,-15.36667681,-0.44055966,0.36961653,-0.32671554,-0.00404875
1732337304.94995236,2341,535704.94995236,22.30390473,114.18047832,4.82770718,139.76209216,-0.26435603,-3.02405908,7.41579706,-15.42851300,-0.44906653,0.38258812,-0.34848139,-0.01183016
1732337305.15013051,2341,535705.15013051,22.30390408,114.18047895,4.82097949,139.81896643,-0.20079244,-2.70944742,7.48046710,-15.50009749,-0.45579447,0.34671733,-0.33542528,-0.00822079
1732337305.35029268,2341,535705.35029268,22.30390358,114.18047953,4.82019733,139.87880978,-0.35899451,-2.78302722,7.54064208,-15.55604793,-0.45657684,0.34054929,-0.33227995,-0.01515120
1732337305.55046940,2341,535705.55046940,22.30390289,114.18048030,4.81197809,139.85849143,-0.37782474,-2.98929766,7.61957987,-15.63199633,-0.46479636,0.38766939,-0.31396524,-0.00455897
1732337305.75063992,2341,535705.75063992,22.30390226,114.18048097,4.82243257,139.92707235,-0.36422519,-2.88182342,7.68872140,-15.70205844,-0.45434214,0.36329581,-0.32031761,-0.00610826
1732337305.95080972,2341,535705.95080972,22.30390168,114.18048163,4.81546987,139.98796861,-0.34013206,-2.74027440,7.75701484,-15.76640597,-0.46130508,0.37390435,-0.32282662,0.00698795
1732337306.15098357,2341,535706.15098357,22.30390123,114.18048265,4.82609367,139.98627790,-0.46665845,-2.70037249,7.86174769,-15.81629574,-0.45068153,0.36827253,-0.31924220,-0.01810646
1732337306.35116458,2341,535706.35116458,22.30390049,114.18048327,4.81254340,140.06792016,-0.50471765,-2.82557339,7.92590878,-15.89792475,-0.46423208,0.37042222,-0.30619263,-0.00198021
1732337306.55133009,2341,535706.55133009,22.30389993,114.18048403,4.80526377,140.09806158,-0.40437225,-3.05967524,8.00399207,-15.96040181,-0.47151198,0.38891610,-0.30640071,0.01483778
1732337306.75150490,2341,535706.75150490,22.30389932,114.18048467,4.81564159,140.20434562,-0.38418710,-2.88478525,8.07019915,-16.02802418,-0.46113441,0.34012003,-0.28720072,-0.00013551
1732337306.95168304,2341,535706.95168304,22.30389864,114.18048528,4.82046422,140.26674544,-0.43935426,-2.89759656,8.13259601,-16.10224714,-0.45631204,0.34942553,-0.29561451,-0.01034622
1732337307.15185213,2341,535707.15185213,22.30389821,114.18048610,4.80766858,140.26022584,-0.62619058,-2.91016270,8.21714087,-16.15073484,-0.46910791,0.39347010,-0.30186184,-0.00102304
1732337307.35206079,2341,535707.35206079,22.30389764,114.18048678,4.80920073,140.21289207,-0.45350618,-2.90669411,8.28690177,-16.21339360,-0.46757601,0.43054258,-0.29985177,0.00042381
1732337307.55218077,2341,535707.55218077,22.30389712,114.18048733,4.81317645,140.32547899,-0.12612208,-2.82947318,8.34369668,-16.27123775,-0.46360051,0.38856123,-0.34271974,-0.00481124
1732337307.75235510,2341,535707.75235510,22.30389661,114.18048808,4.81904361,140.58462244,-0.21045633,-2.68218369,8.42107878,-16.32746093,-0.45773361,0.36007691,-0.30197295,0.00475334
1732337307.95252323,2341,535707.95252323,22.30389595,114.18048882,4.81025857,140.82497174,-0.25963019,-2.78220201,8.49723773,-16.40051180,-0.46651893,0.36973405,-0.32333636,0.00514708
1732337308.15270066,2341,535708.15270066,22.30389547,114.18048967,4.83066896,140.99591054,-0.23114760,-2.41850596,8.58496561,-16.45351257,-0.44610879,0.34568176,-0.33810323,-0.00343789
1732337308.35287309,2341,535708.35287309,22.30389469,114.18049037,4.80682362,141.71054648,-0.32788000,-2.71832123,8.65678276,-16.54039937,-0.46995446,0.43224391,-0.26895892,0.01321294
1732337308.55308533,2341,535708.55308533,22.30389430,114.18049112,4.81842089,143.23296404,-0.17323191,-2.72714900,8.73503995,-16.58352187,-0.45835741,0.38693278,-0.29448864,0.00381162
1732337308.75322080,2341,535708.75322080,22.30389369,114.18049191,4.81808469,145.56585499,0.03363802,-2.55859541,8.81614720,-16.65132273,-0.45869390,0.42718812,-0.28774780,0.01092024
1732337308.95338511,2341,535708.95338511,22.30389336,114.18049249,4.81598979,147.78718069,0.16995417,-2.30045526,8.87590068,-16.68699925,-0.46078897,0.44711525,-0.28232887,-0.00207899
1732337309.15356612,2341,535709.15356612,22.30389273,114.18049336,4.82624748,149.61780120,0.16236246,-2.21649044,8.96574663,-16.75681107,-0.45053159,0.37698487,-0.27066276,-0.00462100
1732337309.35373974,2341,535709.35373974,22.30389237,114.18049415,4.82365648,150.99994045,0.21960004,-2.35999131,9.04680544,-16.79752055,-0.45312282,0.40565685,-0.29426208,-0.00011916
1732337309.55392289,2341,535709.55392289,22.30389161,114.18049488,4.82053912,151.97334906,0.23223166,-2.46415361,9.12218960,-16.88075874,-0.45624051,0.42166100,-0.23987025,0.00096183
1732337309.75415230,2341,535709.75415230,22.30389142,114.18049564,4.82875346,152.70943970,0.23491792,-2.18591250,9.19978126,-16.90221936,-0.44802633,0.39260323,-0.28307473,-0.01286626
1732337309.95426488,2341,535709.95426488,22.30389090,114.18049670,4.81698642,153.29883798,0.06052383,-2.18338284,9.30951641,-16.95968395,-0.45979368,0.41333081,-0.25879636,-0.00627572
1732337310.15442681,2341,535710.15442681,22.30389052,114.18049758,4.81364814,153.83003493,-0.10806425,-2.19166178,9.40022654,-17.00171353,-0.46313221,0.40041293,-0.19402097,-0.00931492
1732337310.35473013,2341,535710.35473013,22.30389009,114.18049837,4.81194345,154.17921599,-0.00827794,-2.38270503,9.48136569,-17.04909804,-0.46483715,0.44157424,-0.17516705,0.00007341
1732337310.55484152,2341,535710.55484152,22.30388980,114.18049915,4.82194878,154.51565028,-0.03912844,-2.34463628,9.56145660,-17.08175629,-0.45483202,0.41636313,-0.16201430,-0.00880192
1732337310.75493693,2341,535710.75493693,22.30388939,114.18049984,4.80572834,154.82422540,-0.07031914,-2.34808035,9.63326239,-17.12654615,-0.47105269,0.42296873,-0.14138359,-0.00304016
1732337310.95511007,2341,535710.95511007,22.30388921,114.18050041,4.81390602,155.07090085,0.17491926,-2.28025902,9.69163561,-17.14735128,-0.46287515,0.43675900,-0.17308707,0.00228404
1732337311.15529013,2341,535711.15529013,22.30388870,114.18050105,4.82431991,155.39445391,0.11221349,-2.24594059,9.75756176,-17.20361976,-0.45246152,0.38391579,-0.19585587,-0.00064311
1732337311.35546255,2341,535711.35546255,22.30388828,114.18050197,4.81378051,155.70383007,0.17357834,-2.30809720,9.85205098,-17.25001602,-0.46300119,0.37284891,-0.19077270,-0.00302386
1732337311.55563617,2341,535711.55563617,22.30388791,114.18050273,4.81250978,155.86616775,0.23040330,-2.41585595,9.93133009,-17.29120507,-0.46427216,0.39860138,-0.21309296,-0.00011509
1732337311.75580883,2341,535711.75580883,22.30388752,114.18050362,4.80864796,156.01559821,0.22379582,-2.39551484,10.02265804,-17.33418317,-0.46813423,0.41570167,-0.24322798,-0.00237175
1732337311.95598912,2341,535711.95598912,22.30388723,114.18050460,4.81322830,156.29293759,-0.14392129,-2.36387892,10.12327594,-17.36674020,-0.46355414,0.37988711,-0.21360844,0.00402307
1732337312.15615702,2341,535712.15615702,22.30388677,114.18050542,4.81406797,156.38925979,-0.30021453,-2.34258705,10.20794321,-17.41747696,-0.46271475,0.38352707,-0.20540120,-0.00666682
1732337312.35631847,2341,535712.35631847,22.30388640,114.18050627,4.83249870,156.83806317,-0.52186579,-2.40654391,10.29512757,-17.45835261,-0.44428427,0.37252515,-0.20064936,-0.01705156
1732337312.55649805,2341,535712.55649805,22.30388596,114.18050731,4.82653735,157.66380736,-0.97768608,-2.67010220,10.40317051,-17.50634195,-0.45024593,0.40067247,-0.18404501,-0.00014306
1732337312.75668669,2341,535712.75668669,22.30388550,114.18050820,4.80852804,159.48229818,-0.72956624,-2.84050536,10.49401959,-17.55826247,-0.46825553,0.44821741,-0.15071860,-0.00459723
1732337312.95683575,2341,535712.95683575,22.30388517,114.18050890,4.81148195,161.87753750,-0.66254460,-2.86048805,10.56651914,-17.59454176,-0.46530184,0.44120066,-0.15278286,-0.00080358
1732337313.15702128,2341,535713.15702128,22.30388487,114.18050977,4.81180208,164.29621891,-0.55077342,-2.84690889,10.65665986,-17.62796901,-0.46498195,0.47448910,-0.18605381,-0.00053378
1732337313.35718203,2341,535713.35718203,22.30388446,114.18051079,4.80169780,167.04304993,-0.51255650,-2.90428040,10.76185582,-17.67328604,-0.47508653,0.49795420,-0.17983358,-0.00909694
1732337313.55735826,2341,535713.55735826,22.30388421,114.18051185,4.79972181,168.60025543,-0.42105446,-2.93975417,10.87011609,-17.70029620,-0.47706279,0.49644918,-0.13281727,-0.01446208
1732337313.75753069,2341,535713.75753069,22.30388407,114.18051248,4.80450375,169.67145722,-0.44592777,-2.82446218,10.93496645,-17.71631781,-0.47228100,0.48727237,-0.11294702,-0.00633877
1732337313.95774174,2341,535713.95774174,22.30388384,114.18051339,4.80045487,170.46897266,-0.24307429,-2.94770384,11.02929575,-17.74118309,-0.47633011,0.48804706,-0.13523379,-0.00608545
1732337314.15787601,2341,535714.15787601,22.30388358,114.18051436,4.79768351,170.92559742,-0.28583960,-2.91228908,11.12898044,-17.77092729,-0.47910173,0.49022266,-0.09567250,-0.00520175
1732337314.35804725,2341,535714.35804725,22.30388358,114.18051528,4.79492647,171.36112023,-0.15829275,-2.86087801,11.22412354,-17.77062138,-0.48185893,0.50573406,-0.11572043,-0.00623490
1732337314.55822229,2341,535714.55822229,22.30388338,114.18051626,4.80156841,171.82233258,-0.35376170,-2.65365682,11.32510699,-17.79275415,-0.47521723,0.50694708,-0.09776898,-0.01069692
1732337314.75840616,2341,535714.75840616,22.30388322,114.18051716,4.80155787,172.31672401,-0.50719539,-2.68549339,11.41813527,-17.81085056,-0.47522799,0.49845600,-0.04633806,-0.00086887
1732337314.95857859,2341,535714.95857859,22.30388304,114.18051807,4.79970614,172.66537188,-0.21062553,-2.93403846,11.51155607,-17.83040748,-0.47707995,0.51514744,-0.05234714,-0.00005401
1732337315.15875149,2341,535715.15875149,22.30388291,114.18051890,4.79891129,172.95893815,-0.04438706,-2.91176987,11.59709676,-17.84495251,-0.47787499,0.51465060,-0.09066857,0.00350641
1732337315.35892677,2341,535715.35892677,22.30388263,114.18051985,4.80015017,173.03243508,0.04574226,-2.93109963,11.69498782,-17.87522553,-0.47663637,0.52311632,-0.05136248,0.00415636
1732337315.55919647,2341,535715.55919647,22.30388256,114.18052077,4.78925122,173.21277192,0.44839634,-2.59431232,11.78988016,-17.88341357,-0.48753552,0.49202161,-0.02327088,0.00477843
1732337315.75938630,2341,535715.75938630,22.30388246,114.18052149,4.79489237,173.84527663,0.45173639,-2.70416023,11.86377880,-17.89463435,-0.48189454,0.48515578,-0.01893131,0.01220197
1732337315.95943975,2341,535715.95943975,22.30388246,114.18052237,4.80046340,174.76449441,0.62648359,-2.68370594,11.95497873,-17.89427962,-0.47632368,0.41508529,-0.02921700,0.01494477
1732337316.15960312,2341,535716.15960312,22.30388234,114.18052348,4.80744893,176.24081212,1.15419341,-2.92592403,12.06874942,-17.90737578,-0.46933840,0.44220810,-0.02047673,0.01011628
1732337316.35976577,2341,535716.35976577,22.30388216,114.18052419,4.81132276,178.58990973,1.46086347,-2.77968606,12.14233489,-17.92747385,-0.46546476,0.48001587,-0.05521832,0.02855502
1732337316.55994225,2341,535716.55994225,22.30388213,114.18052510,4.81983301,-179.33685640,0.89704935,-2.59019260,12.23600477,-17.93085880,-0.45695471,0.46041362,-0.08907235,0.01267297
1732337316.76019526,2341,535716.76019526,22.30388204,114.18052633,4.81891863,-176.54738795,0.70600663,-2.45624645,12.36241291,-17.94048122,-0.45786936,0.47971864,-0.01801700,0.01824286
1732337316.96031189,2341,535716.96031189,22.30388213,114.18052712,4.81547384,-173.90823717,0.67330302,-2.39041592,12.44418332,-17.93114819,-0.46131428,0.46663068,0.00393188,0.01241053
1732337317.16044998,2341,535717.16044998,22.30388220,114.18052817,4.82911631,-172.23211212,0.82307896,-2.37502984,12.55240664,-17.92305208,-0.44767200,0.45537297,0.03181208,0.00738813
1732337317.36062241,2341,535717.36062241,22.30388226,114.18052896,4.82505071,-171.23845050,0.87465130,-2.36553144,12.63369506,-17.91684485,-0.45173774,0.47648416,0.02716901,0.01169745
1732337317.56079340,2341,535717.56079340,22.30388230,114.18053013,4.83521427,-169.79530864,0.72531649,-2.44576228,12.75364086,-17.91180266,-0.44157440,0.45782433,0.07042341,0.01086904
1732337317.76097393,2341,535717.76097393,22.30388239,114.18053098,4.82494807,-168.53215578,0.87134446,-2.44840816,12.84143112,-17.90257485,-0.45184076,0.45043464,0.08237087,0.00935834
1732337317.96114731,2341,535717.96114731,22.30388253,114.18053169,4.82732661,-167.88764375,1.00505676,-2.29297621,12.91523332,-17.88661497,-0.44946232,0.46377018,0.08916860,0.01177452
1732337318.16132784,2341,535718.16132784,22.30388264,114.18053283,4.84089956,-165.90231043,1.00888104,-2.33743136,13.03197528,-17.87441869,-0.43588958,0.46463553,0.09627307,0.01109474
1732337318.36149740,2341,535718.36149740,22.30388278,114.18053397,4.83670976,-163.64203171,0.98022245,-2.42795155,13.14981828,-17.85855358,-0.44007957,0.45326841,0.14314407,0.00998048
1732337318.56165361,2341,535718.56165361,22.30388305,114.18053461,4.82757909,-162.05035137,1.22350807,-2.48219143,13.21589338,-17.82884367,-0.44921029,0.45281916,0.17707710,0.01921110
1732337318.76184750,2341,535718.76184750,22.30388318,114.18053547,4.83937625,-159.61309238,1.35699524,-2.27665039,13.30482343,-17.81491991,-0.43741328,0.44746164,0.18437316,0.03218276
1732337318.96208763,2341,535718.96208763,22.30388355,114.18053636,4.83826747,-157.08372430,1.62935327,-2.25826245,13.39584312,-17.77412477,-0.43852213,0.48602776,0.17766495,0.02061093
1732337319.16222143,2341,535719.16222143,22.30388387,114.18053733,4.85559831,-154.49449046,1.59908898,-2.33420198,13.49592021,-17.73830118,-0.42119141,0.44566263,0.18785574,0.02306037
1732337319.36249018,2341,535719.36249018,22.30388427,114.18053794,4.84682298,-151.59677901,2.05174815,-2.00486581,13.55913968,-17.69409675,-0.42996674,0.48386077,0.22073481,0.02597507
1732337319.56258965,2341,535719.56258965,22.30388453,114.18053894,4.85158900,-148.29494315,1.94846887,-1.72810119,13.66157290,-17.66527856,-0.42520086,0.42353441,0.23775353,0.02895334
1732337319.76270080,2341,535719.76270080,22.30388502,114.18053978,4.86740856,-146.08770681,2.09307853,-1.56071206,13.74846935,-17.61110764,-0.40938134,0.43980639,0.20804493,0.01657963
1732337319.96299314,2341,535719.96299314,22.30388539,114.18054044,4.85546806,-144.66301218,2.13440166,-1.54350716,13.81670804,-17.56947362,-0.42132187,0.44103080,0.24524754,0.02735231
1732337320.16304350,2341,535720.16304350,22.30388591,114.18054125,4.86834009,-143.68327252,2.00021738,-1.44254268,13.89993454,-17.51230819,-0.40844986,0.43626246,0.23465972,0.02597825
1732337320.36322117,2341,535720.36322117,22.30388634,114.18054207,4.88514104,-142.82472276,1.99690380,-1.68804283,13.98447775,-17.46498895,-0.39164896,0.42085399,0.32087684,0.02907539
1732337320.56347871,2341,535720.56347871,22.30388684,114.18054274,4.88923507,-142.11975564,1.87067928,-1.44517089,14.05339582,-17.40936965,-0.38755493,0.39022391,0.28582600,0.02782703
1732337320.76355886,2341,535720.76355886,22.30388721,114.18054352,4.88442567,-141.55608614,2.42472611,-1.41533032,14.13364597,-17.36877763,-0.39236441,0.40102404,0.33179666,0.02444275
1732337320.96374559,2341,535720.96374559,22.30388789,114.18054419,4.87901091,-141.14589620,2.30463607,-1.16039534,14.20315206,-17.29287054,-0.39777911,0.35132337,0.28309718,0.01977572
1732337321.16390514,2341,535721.16390514,22.30388832,114.18054511,4.89798282,-140.83062376,2.27522877,-1.31316193,14.29772661,-17.24564405,-0.37880728,0.33280687,0.28800237,0.00704001
1732337321.36406326,2341,535721.36406326,22.30388885,114.18054599,4.90215786,-140.48625202,2.57520466,-1.50186287,14.38848196,-17.18717656,-0.37463229,0.39661169,0.31145346,0.02861514
1732337321.56432343,2341,535721.56432343,22.30388950,114.18054659,4.89473045,-140.19952081,2.45650025,-1.32928946,14.45007319,-17.11490798,-0.38205964,0.36372339,0.28605361,0.02246568
1732337321.76441813,2341,535721.76441813,22.30388994,114.18054736,4.89272175,-140.09183233,2.54367904,-1.30480655,14.52971254,-17.06644327,-0.38406839,0.37424459,0.33905905,0.02472776
1732337321.96459293,2341,535721.96459293,22.30389053,114.18054807,4.90546379,-139.84954985,2.62603745,-1.36405496,14.60292493,-17.00131254,-0.37132635,0.35258260,0.31492477,0.01530248
1732337322.16483831,2341,535722.16483831,22.30389104,114.18054885,4.91177053,-139.71595972,2.49718135,-1.33656557,14.68310831,-16.94448462,-0.36501964,0.31417703,0.27277891,0.02523727
1732337322.36492777,2341,535722.36492777,22.30389157,114.18054956,4.91884729,-139.63265680,2.75705922,-1.50473230,14.75579959,-16.88559779,-0.35794288,0.36277787,0.31101593,0.02972619
1732337322.56511450,2341,535722.56511450,22.30389208,114.18055021,4.92108916,-139.50175225,2.68030925,-1.27135901,14.82289628,-16.82917504,-0.35570102,0.35677346,0.28242512,0.02619151
1732337322.76529932,2341,535722.76529932,22.30389257,114.18055094,4.92884079,-139.30153707,2.81703683,-1.45683982,14.89887535,-16.77482739,-0.34794942,0.37164130,0.30362404,0.01892670
1732337322.96545219,2341,535722.96545219,22.30389309,114.18055153,4.93266056,-139.24856892,2.72881547,-1.32794713,14.95888580,-16.71693515,-0.34412964,0.34218501,0.27528935,0.01884729
1732337323.16568804,2341,535723.16568804,22.30389364,114.18055226,4.92975042,-139.34243692,2.68599968,-1.36046889,15.03468659,-16.65630480,-0.34703980,0.35956447,0.29807269,0.02895030
1732337323.36579847,2341,535723.36579847,22.30389419,114.18055308,4.94802527,-138.87463188,2.79923700,-1.29787302,15.11849679,-16.59601342,-0.32876499,0.37903070,0.26210011,0.01883302
1732337323.56606960,2341,535723.56606960,22.30389472,114.18055388,4.95134985,-138.05833850,2.71355007,-1.45552854,15.20096051,-16.53653149,-0.32544045,0.35390972,0.32333861,0.02772764
1732337323.76614618,2341,535723.76614618,22.30389536,114.18055447,4.95509271,-136.83384968,2.72953558,-1.22146581,15.26234234,-16.46586581,-0.32169756,0.37477033,0.31270315,0.03813087
1732337323.96631455,2341,535723.96631455,22.30389598,114.18055525,4.96897961,-134.93244583,2.70289563,-1.15198775,15.34242203,-16.39747316,-0.30781067,0.34756533,0.32483588,0.03349453
1732337324.16648674,2341,535724.16648674,22.30389654,114.18055630,4.97471271,-132.31399611,2.64775567,-1.38969658,15.45034306,-16.33490278,-0.30207767,0.36032308,0.35029414,0.02489135
1732337324.36675978,2341,535724.36675978,22.30389701,114.18055687,4.96708568,-130.66488419,2.89399094,-1.00388705,15.50962621,-16.28301266,-0.30970470,0.36432884,0.37539762,0.02862458
1732337324.56683636,2341,535724.56683636,22.30389778,114.18055731,4.98863198,-129.37518389,2.93187979,-1.03891527,15.55485053,-16.19746884,-0.28815830,0.29154046,0.37555830,0.03972015
1732337324.76712704,2341,535724.76712704,22.30389818,114.18055785,4.98460260,-128.50378101,3.13735671,-0.98769186,15.61089606,-16.15321939,-0.29218771,0.34776381,0.38237533,0.02362565
1732337324.96717596,2341,535724.96717596,22.30389895,114.18055854,4.98210825,-127.80485447,3.28558969,-0.91307071,15.68150930,-16.06884709,-0.29468202,0.29492023,0.39125819,0.02874667
1732337325.16735387,2341,535725.16735387,22.30389963,114.18055915,5.00019000,-127.30564451,3.54853962,-0.72680763,15.74418700,-15.99290850,-0.27660023,0.33626855,0.34730386,0.03938588
1732337325.36752248,2341,535725.36752248,22.30390025,114.18055967,4.99850121,-126.83524168,3.11450295,-0.84691326,15.79786789,-15.92421443,-0.27828897,0.30402225,0.35405927,0.03114036
1732337325.56770182,2341,535725.56770182,22.30390088,114.18056009,5.00942068,-126.31141636,3.11045240,-0.62638083,15.84174206,-15.85422308,-0.26736944,0.29460012,0.35527849,0.03333508
1732337325.76790094,2341,535725.76790094,22.30390147,114.18056075,5.00595735,-126.06054556,3.01922681,-0.62781934,15.90898027,-15.78946493,-0.27083278,0.29251464,0.38770339,0.03116086
1732337325.96804857,2341,535725.96804857,22.30390232,114.18056135,5.01213459,-125.70462120,3.10638475,-0.68774930,15.97092307,-15.69548581,-0.26465546,0.26045755,0.38582789,0.03300825
1732337326.16821241,2341,535726.16821241,22.30390303,114.18056192,5.02503275,-125.43746009,3.17942002,-0.67204542,16.03021347,-15.61641001,-0.25175725,0.29952220,0.36618580,0.02992708
1732337326.36839819,2341,535726.36839819,22.30390364,114.18056250,5.03393404,-125.18470818,3.16598946,-0.97948348,16.08922992,-15.54904322,-0.24285594,0.27769581,0.36243127,0.02879741
1732337326.56855774,2341,535726.56855774,22.30390406,114.18056315,5.03930235,-125.04097203,3.20940984,-0.71683074,16.15678809,-15.50240117,-0.23748769,0.26313925,0.35715814,0.04080553
1732337326.76872540,2341,535726.76872540,22.30390493,114.18056364,5.04909134,-124.83571409,3.16912086,-0.88029383,16.20748077,-15.40577663,-0.22769860,0.31713307,0.32552821,0.03217518
1732337326.96888924,2341,535726.96888924,22.30390571,114.18056432,5.06290699,-124.56592962,2.71542656,-0.81010346,16.27730885,-15.32017177,-0.21388291,0.30064041,0.31313468,0.02456057
1732337327.16907787,2341,535727.16907787,22.30390641,114.18056478,5.06323341,-124.44398196,2.55431928,-1.02132895,16.32496572,-15.24261670,-0.21355642,0.26033561,0.35508008,0.02941635
1732337327.36925793,2341,535727.36925793,22.30390708,114.18056544,5.07803582,-124.37015583,2.52227944,-0.76557250,16.39251977,-15.16828991,-0.19875401,0.28921984,0.32552350,0.02613995
1732337327.56942225,2341,535727.56942225,22.30390772,114.18056612,5.08424695,-124.24543045,2.04215782,-1.45305356,16.46223006,-15.09683358,-0.19254289,0.30779473,0.31856091,0.01665084
1732337327.76958895,2341,535727.76958895,22.30390830,114.18056674,5.06953352,-124.18556590,2.06456060,-1.42992203,16.52638837,-15.03275247,-0.20725633,0.28594376,0.40943418,0.02705199
1732337327.96985602,2341,535727.96985602,22.30390902,114.18056733,5.07689178,-124.04498301,2.31008481,-1.16593071,16.58723501,-14.95320572,-0.19989804,0.30346852,0.38248250,0.02017664
1732337328.16993332,2341,535728.16993332,22.30390979,114.18056788,5.08945521,-123.91153352,2.12545779,-1.27511996,16.64412596,-14.86804584,-0.18733457,0.29130699,0.39828889,0.03185795
1732337328.37016296,2341,535728.37016296,22.30391054,114.18056842,5.09063665,-123.84166848,2.08185815,-1.23414801,16.69963703,-14.78476585,-0.18615307,0.29593366,0.37182778,0.02247879
1732337328.57034755,2341,535728.57034755,22.30391108,114.18056894,5.09737682,-123.81615376,2.29623213,-1.44509709,16.75271303,-14.72529232,-0.17941291,0.32618853,0.37200867,0.02305343
1732337328.77046013,2341,535728.77046013,22.30391177,114.18056959,5.10097002,-123.77751096,2.12590503,-1.37233287,16.82044572,-14.64857117,-0.17581971,0.27799773,0.38662716,0.01590424
1732337328.97063088,2341,535728.97063088,22.30391237,114.18057024,5.09810276,-123.79705348,2.23702282,-1.31842089,16.88715491,-14.58259929,-0.17868699,0.29853919,0.38551201,0.02595976
1732337329.17079449,2341,535729.17079449,22.30391321,114.18057054,5.10291057,-123.75233935,2.21721107,-1.28380306,16.91765017,-14.48950057,-0.17387904,0.31571207,0.36429156,0.02608842
1732337329.37096548,2341,535729.37096548,22.30391388,114.18057121,5.11656501,-123.69797958,2.02755902,-1.27548459,16.98697955,-14.41530765,-0.16022462,0.31666264,0.38821132,0.02532806
1732337329.57114172,2341,535729.57114172,22.30391479,114.18057180,5.11495342,-123.53468738,1.92528705,-1.13070972,17.04784566,-14.31396417,-0.16183614,0.30829607,0.37008852,0.01630799
1732337329.77132106,2341,535729.77132106,22.30391539,114.18057238,5.11665650,-123.58306760,1.72204425,-1.29963148,17.10742869,-14.24754502,-0.16013308,0.27402584,0.36860736,0.02792468
1732337329.97157669,2341,535729.97157669,22.30391616,114.18057295,5.12677951,-123.40735223,1.74171644,-1.23129569,17.16600072,-14.16221515,-0.15001003,0.31636536,0.38549095,0.01306189
1732337330.17164636,2341,535730.17164636,22.30391701,114.18057354,5.12820241,-122.86724192,1.59038269,-1.20967596,17.22721817,-14.06901221,-0.14858708,0.25206887,0.38165906,0.02032390
1732337330.37183237,2341,535730.37183237,22.30391746,114.18057401,5.13432318,-121.54025893,1.72024019,-1.19337451,17.27568024,-14.01891131,-0.14246634,0.21209216,0.41192324,0.01975990
1732337330.57199025,2341,535730.57199025,22.30391814,114.18057451,5.13020592,-119.68277164,1.80988688,-1.21826082,17.32744539,-13.94291330,-0.14658357,0.22520370,0.39477165,0.02040893
1732337330.77216363,2341,535730.77216363,22.30391889,114.18057515,5.12800428,-117.68453459,1.96660260,-1.38853590,17.39265264,-13.85994809,-0.14878520,0.22184372,0.44214534,0.02554663
1732337330.97232842,2341,535730.97232842,22.30391944,114.18057560,5.14511081,-115.61880788,2.16447855,-1.22782150,17.43927255,-13.79976851,-0.13167867,0.18459865,0.44360917,0.01889841
1732337331.17251348,2341,535731.17251348,22.30392028,114.18057593,5.15281373,-113.83048483,2.39853993,-1.28766863,17.47359589,-13.70658501,-0.12397564,0.22731134,0.43603760,0.02157921
1732337331.37268853,2341,535731.37268853,22.30392109,114.18057641,5.16777537,-111.85787931,2.36930018,-1.20492164,17.52264784,-13.61639101,-0.10901395,0.19269950,0.43510586,0.01738767
1732337331.57286215,2341,535731.57286215,22.30392181,114.18057682,5.16027222,-110.00108969,2.46388461,-1.32383135,17.56533915,-13.53688528,-0.11651704,0.17384488,0.46426268,0.04114577
1732337331.77303505,2341,535731.77303505,22.30392249,114.18057721,5.15973155,-107.84967778,2.59880919,-0.98481169,17.60497584,-13.46201900,-0.11705766,0.15661961,0.48609155,0.02172887
1732337331.97320747,2341,535731.97320747,22.30392341,114.18057745,5.17252569,-106.42256394,2.68651166,-0.91777661,17.62990048,-13.35971136,-0.10426337,0.17476850,0.45063934,0.01376414
1732337332.17337894,2341,535732.17337894,22.30392416,114.18057777,5.17020316,-105.57668543,2.62849334,-0.93704985,17.66283700,-13.27711515,-0.10658582,0.13430475,0.46685117,0.02147007
1732337332.37354612,2341,535732.37354612,22.30392496,114.18057801,5.17534056,-104.88975037,2.72386550,-0.98641310,17.68755315,-13.18793353,-0.10144830,0.12819573,0.45860241,0.02389389
1732337332.57372928,2341,535732.57372928,22.30392570,114.18057824,5.18015598,-104.36606481,2.83400350,-1.04375516,17.71162617,-13.10669073,-0.09663279,0.14602588,0.49009233,0.03366035
1732337332.77390051,2341,535732.77390051,22.30392659,114.18057859,5.19434334,-103.78123125,2.75466691,-1.02228816,17.74716214,-13.00744354,-0.08244531,0.12516509,0.46240124,0.00958697
1732337332.97406936,2341,535732.97406936,22.30392742,114.18057870,5.18554623,-103.38183630,2.94468394,-0.80189675,17.75916483,-12.91614636,-0.09124228,0.11030452,0.47807608,0.02447179
1732337333.17423964,2341,535733.17423964,22.30392821,114.18057888,5.17665041,-103.19846790,3.03463920,-0.39083983,17.77714519,-12.82874929,-0.10013797,0.14100297,0.45765271,0.03186941
1732337333.37440395,2341,535733.37440395,22.30392911,114.18057920,5.20664415,-102.94569252,2.93108368,-0.76384036,17.81083258,-12.72920312,-0.07014412,0.10837006,0.44785741,0.02945000
1732337333.57457829,2341,535733.57457829,22.30392981,114.18057944,5.20241846,-102.61855606,2.98073079,-0.92158644,17.83491939,-12.65064742,-0.07436972,0.12336044,0.41442755,0.02628367
1732337333.77475619,2341,535733.77475619,22.30393065,114.18057973,5.21336546,-102.33678217,3.17807833,-0.80822902,17.86469249,-12.55796415,-0.06342262,0.09275982,0.40743468,0.02563235
1732337333.97492981,2341,535733.97492981,22.30393135,114.18057985,5.20929499,-102.10781730,3.23740843,-0.58605837,17.87752927,-12.48048280,-0.06749298,0.11940137,0.38755108,0.02116895
1732337334.17519832,2341,535734.17519832,22.30393220,114.18058009,5.21034504,-101.92738161,3.12887952,-0.90577334,17.90176432,-12.38600440,-0.06644280,0.12844882,0.39470168,0.02472096
1732337334.37537336,2341,535734.37537336,22.30393303,114.18058055,5.22595142,-101.78484109,3.09390301,-1.03719079,17.94958393,-12.29496978,-0.05083639,0.14428423,0.40093127,0.02386464
1732337334.57544684,2341,535734.57544684,22.30393385,114.18058090,5.23153478,-101.55674678,2.68116122,-1.02298354,17.98576407,-12.20401153,-0.04525295,0.15624266,0.43745197,0.02193304
1732337334.77562761,2341,535734.77562761,22.30393495,114.18058115,5.24788245,-101.43398892,2.44218642,-1.40849548,18.01141153,-12.08211278,-0.02890512,0.11340773,0.48008246,0.03624679
1732337334.97580576,2341,535734.97580576,22.30393562,114.18058137,5.24478263,-101.27267108,2.71125134,-1.45980038,18.03419379,-12.00819022,-0.03200487,0.12316431,0.48732718,0.02774448
1732337335.17596006,2341,535735.17596006,22.30393637,114.18058162,5.25539267,-101.18666546,2.89512551,-1.29670382,18.05931010,-11.92474508,-0.02139473,0.13333540,0.45582884,0.01904039
1732337335.37615156,2341,535735.37615156,22.30393716,114.18058175,5.24982001,-101.12844365,2.86391483,-1.41037869,18.07323858,-11.83710311,-0.02696727,0.07572595,0.45783770,0.01889228
1732337335.57637119,2341,535735.57637119,22.30393803,114.18058199,5.25976656,-101.16515825,3.09101315,-1.15700881,18.09794841,-11.74131200,-0.01702062,0.09945345,0.47846206,0.02157410
1732337335.77652502,2341,535735.77652502,22.30393894,114.18058199,5.26037404,-101.18501346,3.04722585,-1.05112435,18.09796948,-11.64049250,-0.01641294,0.11242618,0.50414656,0.03369662
1732337335.97667742,2341,535735.97667742,22.30393975,114.18058233,5.27058421,-101.11207609,3.14632307,-1.00700436,18.13259284,-11.55092870,-0.00620271,0.10986455,0.47543326,0.01647168
1732337336.17682219,2341,535736.17682219,22.30394045,114.18058235,5.26697864,-100.98195978,3.31906499,-1.02918222,18.13501477,-11.47291426,-0.00980815,0.09127270,0.45709663,0.02966838
1732337336.37699032,2341,535736.37699032,22.30394128,114.18058266,5.26948835,-100.95995338,3.00539870,-0.64509631,18.16662954,-11.38118940,-0.00729837,0.15508253,0.41424827,0.02502546
1732337336.57717657,2341,535736.57717657,22.30394216,114.18058295,5.28986549,-100.91061131,2.98651745,-0.84597807,18.19658559,-11.28320640,0.01307886,0.12341771,0.43501064,0.02024989
1732337336.77733278,2341,535736.77733278,22.30394310,114.18058305,5.27344292,-100.81227487,2.83985189,-1.03514562,18.20716956,-11.17953673,-0.00334355,0.14205563,0.40849344,0.02989216
1732337336.97751474,2341,535736.97751474,22.30394395,114.18058336,5.29042108,-100.63998616,2.76416756,-1.14995084,18.23878534,-11.08578364,0.01363469,0.12524844,0.45610852,0.02415844
1732337337.17768502,2341,535737.17768502,22.30394479,114.18058370,5.29960141,-100.54772863,2.61209431,-1.00019432,18.27418136,-10.99219546,0.02281507,0.09952779,0.47574114,0.02781567
1732337337.37784863,2341,535737.37784863,22.30394569,114.18058381,5.29802227,-100.57880808,2.57799607,-0.67993798,18.28492985,-10.89319564,0.02123608,0.10727393,0.47518088,0.00984056
1732337337.57812929,2341,535737.57812929,22.30394648,114.18058413,5.30638568,-100.46904214,2.86344865,-1.03554779,18.31876208,-10.80569101,0.02959954,0.09596616,0.47987050,0.02531568
1732337337.77821112,2341,535737.77821112,22.30394714,114.18058421,5.30877903,-100.45832896,2.92694815,-0.81630675,18.32664984,-10.73240302,0.03199299,0.11696051,0.45338014,0.01925142
1732337337.97837543,2341,535737.97837543,22.30394795,114.18058444,5.30896353,-100.45621110,2.88919357,-0.84690430,18.35015528,-10.64298345,0.03217757,0.11722133,0.47609784,0.02025128
1732337338.17855740,2341,535738.17855740,22.30394878,114.18058460,5.31522792,-100.45272184,2.87210892,-0.67975577,18.36638686,-10.55040180,0.03844207,0.10159991,0.47810331,0.03914297
1732337338.37880921,2341,535738.37880921,22.30394951,114.18058470,5.32121242,-100.43226413,3.17069110,-0.64558959,18.37728423,-10.46983486,0.04442667,0.07567704,0.48183004,0.02649057
1732337338.57890511,2341,535738.57890511,22.30395041,114.18058494,5.33364733,-100.35077449,3.32097969,-0.25669135,18.40160999,-10.36966547,0.05686168,0.08805787,0.46063920,0.02151790
1732337338.77906275,2341,535738.77906275,22.30395129,114.18058512,5.33295158,-100.35519619,3.18622954,-0.36220909,18.42060394,-10.27253350,0.05616603,0.11808649,0.46923137,0.01527529
1732337338.97924566,2341,535738.97924566,22.30395204,114.18058533,5.34391947,-100.36993504,3.23863066,-0.41478814,18.44231982,-10.19000491,0.06713399,0.08459265,0.48798872,0.02699180
1732337339.17952657,2341,535739.17952657,22.30395283,114.18058561,5.35434668,-100.26208288,3.37486288,-0.06656923,18.47038958,-10.10210076,0.07756126,0.08699793,0.45663887,0.02294165
1732337339.37968779,2341,535739.37968779,22.30395362,114.18058580,5.34698346,-100.11556840,3.36741682,-0.24245297,18.48992578,-10.01470859,0.07019813,0.11702057,0.44845723,0.02866318
1732337339.57980180,2341,535739.57980180,22.30395443,114.18058582,5.35612535,-100.14747515,3.14676532,-0.29697540,18.49243673,-9.92536789,0.07934014,0.08614931,0.42619402,0.02200157
1732337339.77998638,2341,535739.77998638,22.30395545,114.18058621,5.36669883,-100.18158757,3.41496730,-0.07551042,18.53228433,-9.81222500,0.08991369,0.09167663,0.45288182,0.02113951
1732337339.98010540,2341,535739.98010540,22.30395603,114.18058617,5.35349728,-100.18656569,3.25834487,-0.19268470,18.52826290,-9.74770610,0.07671225,0.10684925,0.43139295,0.02162344
1732337340.18026328,2341,535740.18026328,22.30395690,114.18058637,5.34679342,-99.87432480,3.10828186,-0.13867138,18.54920258,-9.65149342,0.07000848,0.11895772,0.40229634,0.01486717
1732337340.38044024,2341,535740.38044024,22.30395779,114.18058662,5.36904467,-99.71908556,2.72322739,0.02781425,18.57526428,-9.55246583,0.09225980,0.09810310,0.40693541,0.02032554
1732337340.58061886,2341,535740.58061886,22.30395883,114.18058677,5.36075334,-99.06773330,2.42951807,0.30363902,18.59073536,-9.43727681,0.08396860,0.07949448,0.41492320,0.01649301
1732337340.78077745,2341,535740.78077745,22.30395951,114.18058697,5.37296578,-97.78764831,2.39818419,0.15344801,18.61072433,-9.36275615,0.09618109,0.04020708,0.49707522,0.02118257
1732337340.98096228,2341,535740.98096228,22.30396049,114.18058699,5.37220273,-96.10361364,2.43705631,0.15817296,18.61336589,-9.25374358,0.09541819,-0.00686358,0.47397355,0.03488422
1732337341.18113136,2341,535741.18113136,22.30396127,114.18058708,5.38440566,-94.00467740,2.93219887,0.15168734,18.62196637,-9.16738044,0.10762122,-0.00995580,0.46753422,0.02086210
1732337341.38129616,2341,535741.38129616,22.30396209,114.18058715,5.39593221,-91.84950831,3.10985580,0.47226475,18.62941214,-9.07705139,0.11914787,-0.00973135,0.45906773,0.02384390
1732337341.58148718,2341,535741.58148718,22.30396269,114.18058724,5.39695719,-90.54252966,3.16466199,0.37630668,18.63873761,-9.01043268,0.12017293,0.02700445,0.44729197,0.02244297
1732337341.78165698,2341,535741.78165698,22.30396359,114.18058732,5.41002131,-89.62515873,2.99777696,0.58333560,18.64717908,-8.91079065,0.13323717,0.01707158,0.46951469,0.02331207
1732337341.98182511,2341,535741.98182511,22.30396431,114.18058729,5.41071157,-88.01957849,3.15186070,0.56943518,18.64393902,-8.83074673,0.13392754,0.00949675,0.49342357,0.02463889
1732337342.18198395,2341,535742.18198395,22.30396513,114.18058726,5.40200449,-86.29246832,3.02420270,0.53366789,18.64086332,-8.74015857,0.12522060,-0.00717007,0.47207400,0.02391577
1732337342.38215494,2341,535742.38215494,22.30396601,114.18058718,5.41447935,-85.11808586,3.07470403,0.78754854,18.63253886,-8.64307874,0.13769561,-0.02939027,0.44395668,0.01245180
1732337342.58241034,2341,535742.58241034,22.30396695,114.18058726,5.42093303,-84.27930126,3.17629909,0.69233710,18.64106000,-8.53856007,0.14414941,-0.03180861,0.46078676,0.02307168
1732337342.78250742,2341,535742.78250742,22.30396765,114.18058714,5.41545051,-83.65631036,3.13731400,0.92628674,18.62880829,-8.46084094,0.13866704,-0.03148126,0.42834444,0.01344911
1732337342.98277998,2341,535742.98277998,22.30396844,114.18058709,5.41864919,-83.05745051,2.96271164,0.65793631,18.62376717,-8.37333660,0.14186584,-0.05121704,0.42207122,0.02371619
1732337343.18285799,2341,535743.18285799,22.30396929,114.18058697,5.42787641,-82.70012983,3.04312252,0.65027970,18.61128686,-8.27884764,0.15109322,-0.04006318,0.45679262,0.01926965
1732337343.38303447,2341,535743.38303447,22.30397011,114.18058690,5.42357780,-82.31123347,3.00674739,0.65477348,18.60364509,-8.18824691,0.14679475,-0.04759313,0.44290264,0.02200404
1732337343.58319879,2341,535743.58319879,22.30397094,114.18058675,5.43182627,-81.88727417,2.89927017,0.70358068,18.58844940,-8.09684772,0.15504338,-0.06324427,0.41099633,0.02575368
1732337343.78337431,2341,535743.78337431,22.30397164,114.18058674,5.43700821,-81.43750001,2.75666239,0.62690671,18.58677096,-8.01920645,0.16022542,-0.06537521,0.40383398,0.02092365
1732337343.98354983,2341,535743.98354983,22.30397219,114.18058658,5.45186727,-81.28203242,2.83041708,0.30661361,18.57077015,-7.95835782,0.17508461,-0.08419754,0.49516791,0.02069888
1732337344.18370628,2341,535744.18370628,22.30397338,114.18058648,5.44938042,-81.04368049,3.00156132,0.49632105,18.56016164,-7.82682744,0.17259795,-0.08376006,0.43888500,0.02974379
1732337344.38389349,2341,535744.38389349,22.30397418,114.18058654,5.46679730,-80.58692569,3.11322652,0.74662686,18.56621328,-7.73770380,0.19001492,-0.06382807,0.44613046,0.03238153
1732337344.58416748,2341,535744.58416748,22.30397507,114.18058646,5.46181169,-79.73777090,2.81818281,0.57027086,18.55809984,-7.63980198,0.18502946,-0.06966662,0.42236078,0.02628778
1732337344.78422427,2341,535744.78422427,22.30397592,114.18058649,5.47136050,-78.42613073,3.09300592,0.50999855,18.56121021,-7.54544778,0.19457837,-0.10779249,0.44266876,0.03345987
1732337344.98440456,2341,535744.98440456,22.30397657,114.18058625,5.49059896,-76.70993004,3.08591176,0.65620365,18.53659570,-7.47309846,0.21381699,-0.10172043,0.47025648,0.02577362
1732337345.18457842,2341,535745.18457842,22.30397738,114.18058582,5.47858749,-74.53852413,3.03435867,0.79606710,18.49209412,-7.38408467,0.20180575,-0.09481544,0.46306294,0.02449314
1732337345.38474274,2341,535745.38474274,22.30397831,114.18058576,5.48303721,-72.53660376,2.95892672,0.87064095,18.48606185,-7.28066681,0.20625561,-0.07301201,0.49218626,0.01753452
1732337345.58491945,2341,535745.58491945,22.30397915,114.18058540,5.48861797,-71.14120129,2.91609838,0.81612970,18.44915873,-7.18764614,0.21183658,-0.11774479,0.46920774,0.01698731
1732337345.78509474,2341,535745.78509474,22.30398005,114.18058505,5.48627929,-70.14132503,2.68517485,1.18947322,18.41355298,-7.08827221,0.20949812,-0.11005360,0.45638242,0.01696607
1732337345.98526406,2341,535745.98526406,22.30398082,114.18058479,5.49419061,-69.36035165,2.60588091,1.35785380,18.38646734,-7.00251108,0.21740961,-0.10868464,0.51586559,0.01621813
1732337346.18544722,2341,535746.18544722,22.30398180,114.18058449,5.48739784,-68.78596426,2.31105457,0.88179098,18.35579017,-6.89360112,0.21061705,-0.17526159,0.48499088,0.01500775
1732337346.38562012,2341,535746.38562012,22.30398266,114.18058414,5.49144479,-68.31897071,2.47792601,1.36308262,18.31950187,-6.79895320,0.21466421,-0.18786415,0.41956972,0.01233263
1732337346.58578897,2341,535746.58578897,22.30398317,114.18058380,5.50760609,-67.98637050,2.42563773,1.28874634,18.28457272,-6.74226622,0.23082567,-0.16381024,0.46870728,0.01934064
1732337346.78608704,2341,535746.78608704,22.30398419,114.18058349,5.50398445,-67.66924085,2.20516815,1.44303068,18.25225277,-6.62956898,0.22720424,-0.19449234,0.46509804,0.01605526
1732337346.98621845,2341,535746.98621845,22.30398489,114.18058307,5.50677042,-67.17034198,2.35588423,1.20584089,18.20925708,-6.55222863,0.22999041,-0.23064985,0.41394070,0.00962981
1732337347.18640041,2341,535747.18640041,22.30398569,114.18058292,5.52026288,-66.85342485,2.76633485,1.19046374,18.19370787,-6.46312488,0.24348300,-0.18904771,0.45677881,0.01871694
1732337347.38648224,2341,535747.38648224,22.30398644,114.18058261,5.52510520,-66.59181349,2.40297264,1.34237504,18.16220096,-6.37977259,0.24832551,-0.17473276,0.43316441,0.02120496
1732337347.58671427,2341,535747.58671427,22.30398710,114.18058227,5.54097801,-66.36472543,2.66478267,1.15368991,18.12718230,-6.30677794,0.26419848,-0.18214386,0.44839571,0.01170277
1732337347.78682566,2341,535747.78682566,22.30398809,114.18058194,5.53328240,-66.26414380,2.68036222,1.51861971,18.09242249,-6.19713442,0.25650308,-0.18050041,0.44578809,0.01407873
1732337347.98698926,2341,535747.98698926,22.30398860,114.18058147,5.52191494,-66.04316698,2.56496593,1.41992252,18.04389894,-6.14136674,0.24513581,-0.18987977,0.42613609,0.01852257
1732337348.18717051,2341,535748.18717051,22.30398949,114.18058098,5.53495476,-65.85862597,2.44025369,1.69406456,17.99364815,-6.04216839,0.25817587,-0.17213008,0.41695825,0.02443484
1732337348.38733411,2341,535748.38733411,22.30399033,114.18058078,5.54383907,-65.84320036,2.40084006,1.63754731,17.97322482,-5.94925972,0.26706032,-0.15185099,0.45799543,0.01700244
1732337348.58750248,2341,535748.58750248,22.30399108,114.18058029,5.53193876,-65.73819571,2.42754001,1.62362547,17.92288270,-5.86629195,0.25516023,-0.16273635,0.44255105,0.01739063
1732337348.78779507,2341,535748.78779507,22.30399179,114.18058002,5.54799824,-65.74875500,2.44726915,1.55509343,17.89504146,-5.78743868,0.27121987,-0.19321880,0.44734160,0.01673597
1732337348.98786545,2341,535748.98786545,22.30399261,114.18057967,5.53652511,-65.61596279,2.31396155,1.73440860,17.85855222,-5.69672251,0.25974691,-0.14991896,0.39706285,0.03002947
1732337349.18802309,2341,535749.18802309,22.30399343,114.18057943,5.54221356,-65.41408925,2.27360026,1.90909539,17.83372016,-5.60570842,0.26543552,-0.16014727,0.40679283,0.00713389
1732337349.38819528,2341,535749.38819528,22.30399421,114.18057882,5.54842198,-65.46660074,2.10489271,1.84674975,17.77167698,-5.51979997,0.27164419,-0.21155313,0.40072309,0.00715401
1732337349.58836842,2341,535749.58836842,22.30399504,114.18057860,5.55662991,-65.28607326,1.93465565,1.50323324,17.74897651,-5.42770919,0.27985226,-0.18517689,0.37589191,0.02529826
1732337349.78859949,2341,535749.78859949,22.30399583,114.18057815,5.55643967,-65.32316599,1.72429054,1.68014989,17.70245181,-5.34065896,0.27966222,-0.20848099,0.40122559,0.01752106
1732337349.98870850,2341,535749.98870850,22.30399655,114.18057777,5.56013609,-65.14966378,1.79236670,1.65583520,17.66261195,-5.26072332,0.28335882,-0.20497477,0.41432371,0.01801804
1732337350.18887281,2341,535750.18887281,22.30399719,114.18057739,5.58009434,-64.93402770,1.90302872,1.74416950,17.62339732,-5.18995687,0.30331723,-0.27004822,0.45357660,-0.00157144
1732337350.38928366,2341,535750.38928366,22.30399810,114.18057703,5.57384040,-64.50952445,1.63878325,1.72464562,17.58724646,-5.08861540,0.29706347,-0.21242420,0.38918695,0.00233549
1732337350.58922696,2341,535750.58922696,22.30399901,114.18057662,5.57392699,-63.72907281,2.11695937,1.47077778,17.54466028,-4.98804334,0.29715027,-0.26319977,0.41844134,0.01244252
1732337350.78940344,2341,535750.78940344,22.30399973,114.18057634,5.56685817,-62.33756161,2.17323160,1.53115137,17.51515141,-4.90846931,0.29008158,-0.22473172,0.40798402,0.01860329
1732337350.98957229,2341,535750.98957229,22.30400062,114.18057586,5.58132494,-60.62511472,2.12958422,1.59523708,17.46657811,-4.80978029,0.30454857,-0.22379801,0.43982084,0.02009321
1732337351.18974829,2341,535751.18974829,22.30400111,114.18057538,5.57851863,-59.58086583,2.08857134,1.64982688,17.41661602,-4.75545229,0.30174244,-0.26699572,0.40324480,0.01272389
1732337351.38999963,2341,535751.38999963,22.30400196,114.18057496,5.58205749,-58.78522614,2.14981661,1.81767297,17.37342477,-4.66117142,0.30528148,-0.25126217,0.38816006,0.01573106
1732337351.59008932,2341,535751.59008932,22.30400266,114.18057447,5.59220991,-58.31438035,2.08639520,1.81557360,17.32343211,-4.58373266,0.31543409,-0.24650232,0.40990106,0.00661402
1732337351.79030609,2341,535751.79030609,22.30400347,114.18057408,5.59480284,-57.86737922,2.06281916,1.67904782,17.28279611,-4.49431564,0.31802720,-0.23437965,0.37486381,0.01608375
1732337351.99044180,2341,535751.99044180,22.30400418,114.18057371,5.60555555,-57.46555052,2.36811892,1.72594685,17.24495642,-4.41614714,0.32878006,-0.21602127,0.44571748,0.01674290
1732337352.19060755,2341,535752.19060755,22.30400496,114.18057313,5.61173437,-56.97034779,2.16890668,1.77633752,17.18457217,-4.32933379,0.33495911,-0.21316168,0.42668800,0.00947096
1732337352.39083481,2341,535752.39083481,22.30400563,114.18057261,5.60456169,-56.68939634,2.20423906,1.91060325,17.13110589,-4.25517838,0.32778662,-0.22110330,0.41260520,-0.00232031
1732337352.59104323,2341,535752.59104323,22.30400635,114.18057206,5.59744557,-56.46251812,2.03596711,1.97302104,17.07450597,-4.17576294,0.32067071,-0.22856053,0.41718291,0.01842678
1732337352.79112720,2341,535752.79112720,22.30400717,114.18057157,5.59587852,-56.19055113,1.70826860,2.05957316,17.02417584,-4.08438161,0.31910386,-0.21815808,0.39241270,0.03023061
1732337352.99129081,2341,535752.99129081,22.30400790,114.18057112,5.61525297,-55.96214713,1.73118200,2.03622589,16.97786589,-4.00345838,0.33847847,-0.23987061,0.43795203,0.01921467
1732337353.19146252,2341,535753.19146252,22.30400866,114.18057064,5.62966102,-55.79144611,1.45224520,2.03196221,16.92868448,-3.92014468,0.35288671,-0.25526822,0.44620271,0.01316493
1732337353.39165425,2341,535753.39165425,22.30400941,114.18056985,5.60459145,-55.58411818,1.48273834,1.84714681,16.84692211,-3.83621900,0.32781740,-0.27202106,0.41023590,0.00793096
1732337353.59186411,2341,535753.59186411,22.30401012,114.18056941,5.61892600,-55.44759340,1.39496678,2.15018554,16.80160588,-3.75763073,0.34215212,-0.27046948,0.40681194,0.01850363
1732337353.79196644,2341,535753.79196644,22.30401101,114.18056896,5.62529642,-55.29408118,1.26630027,2.07125994,16.75500625,-3.65980364,0.34852272,-0.24930966,0.43723959,0.00797719
1732337353.99214864,2341,535753.99214864,22.30401178,114.18056847,5.63209189,-55.35253792,1.39059263,1.76299238,16.70449236,-3.57445893,0.35531837,-0.29770317,0.41440850,0.02115057
1732337354.19232011,2341,535754.19232011,22.30401237,114.18056794,5.63326715,-55.58090675,1.68866114,1.99822174,16.65040626,-3.50864237,0.35649381,-0.30488268,0.40785221,0.01374890
1732337354.39250660,2341,535754.39250660,22.30401301,114.18056752,5.63683010,-55.65186634,1.70437620,2.01695669,16.60673532,-3.43778365,0.36005691,-0.26307007,0.40312494,0.02197920
1732337354.59279251,2341,535754.59279251,22.30401376,114.18056712,5.63426762,-55.69652756,1.70737479,2.14372666,16.56588056,-3.35482596,0.35749458,-0.23940892,0.37548467,0.02331346
1732337354.79285049,2341,535754.79285049,22.30401448,114.18056671,5.63687325,-55.67279441,1.77207493,2.12305055,16.52388346,-3.27564041,0.36010037,-0.22257223,0.37561819,0.01879694
1732337354.99302721,2341,535754.99302721,22.30401526,114.18056618,5.64286587,-55.80596788,1.70456220,2.20954143,16.46923419,-3.18911916,0.36609317,-0.21559497,0.39981719,0.02379699
1732337355.19319463,2341,535755.19319463,22.30401594,114.18056561,5.65993911,-55.94915034,1.37940049,1.98153336,16.40978311,-3.11398624,0.38316660,-0.24555928,0.41680790,0.02803918
1732337355.39336967,2341,535755.39336967,22.30401668,114.18056509,5.66209684,-55.90022498,1.52850415,2.08050214,16.35609388,-3.03214739,0.38532451,-0.26077666,0.40516707,0.01705891
1732337355.59362268,2341,535755.59362268,22.30401758,114.18056455,5.67104021,-55.92774348,1.59239397,2.21730988,16.30122577,-2.93237720,0.39426807,-0.26650733,0.40509367,0.02900812
1732337355.79371929,2341,535755.79371929,22.30401818,114.18056416,5.66331911,-55.84025489,1.57403412,2.10009450,16.26110361,-2.86532228,0.38654710,-0.24518196,0.40814718,0.01427080
1732337355.99388885,2341,535755.99388885,22.30401897,114.18056361,5.68131592,-55.78413423,1.51431855,2.02384336,16.20370597,-2.77855855,0.40454410,-0.27225140,0.37554449,0.01411562
1732337356.19405961,2341,535756.19405961,22.30401963,114.18056315,5.68004839,-55.86629514,1.53999571,2.21198691,16.15660600,-2.70537824,0.40327671,-0.22749525,0.41587035,0.02152625
1732337356.39423132,2341,535756.39423132,22.30402057,114.18056260,5.67574225,-55.87623780,1.60970572,2.05465914,16.09971695,-2.60068866,0.39897076,-0.27493898,0.46312913,0.01858896
1732337356.59439945,2341,535756.59439945,22.30402129,114.18056194,5.68617441,-55.87159663,1.46585892,2.07031019,16.03224614,-2.52163371,0.40940312,-0.30532633,0.41564706,0.01242317
1732337356.79464340,2341,535756.79464340,22.30402191,114.18056157,5.68441105,-55.75478344,1.50608464,2.22822667,15.99385307,-2.45292008,0.40763988,-0.26946335,0.41259388,0.02073819
1732337356.99473381,2341,535756.99473381,22.30402260,114.18056110,5.68487809,-55.74019407,1.39107086,2.07551246,15.94579007,-2.37616146,0.40810708,-0.26367607,0.41822855,0.03422435
1732337357.19491506,2341,535757.19491506,22.30402340,114.18056080,5.70129667,-55.69520703,1.62690657,2.10660604,15.91403274,-2.28802907,0.42452577,-0.27852638,0.43032602,0.01886333
1732337357.39509058,2341,535757.39509058,22.30402410,114.18056030,5.71309513,-55.62718942,1.75153628,2.12829658,15.86274168,-2.20964258,0.43632438,-0.31361944,0.44062677,0.01237845
1732337357.59530115,2341,535757.59530115,22.30402489,114.18055960,5.70506107,-55.70284429,1.64397179,2.21478672,15.79070169,-2.12290776,0.42829053,-0.28616254,0.40547783,0.02347020
1732337357.79544258,2341,535757.79544258,22.30402562,114.18055901,5.71141676,-55.63677222,1.60237471,2.27677392,15.72952321,-2.04216899,0.43464640,-0.27097113,0.38790446,0.02307799
1732337357.99561715,2341,535757.99561715,22.30402637,114.18055867,5.71910021,-55.57402618,1.66953870,2.26450257,15.69538518,-1.95911701,0.44232996,-0.25722149,0.39738746,0.01888822
1732337358.19588041,2341,535758.19588041,22.30402705,114.18055817,5.71387970,-55.50240728,1.85140405,2.05821455,15.64346973,-1.88352193,0.43710960,-0.25018350,0.37435055,0.02746606
1732337358.39605474,2341,535758.39605474,22.30402781,114.18055762,5.72094444,-55.51297745,1.99147814,2.14506614,15.58659232,-1.79871862,0.44417451,-0.23542564,0.41144348,0.03470986
1732337358.59613419,2341,535758.59613419,22.30402839,114.18055720,5.72617484,-55.50988539,1.77764130,2.40536003,15.54393632,-1.73476148,0.44940503,-0.22445081,0.35651411,0.02191713
1732337358.79629135,2341,535758.79629135,22.30402926,114.18055661,5.73013707,-55.43145965,1.85153500,2.22273922,15.48280160,-1.63825385,0.45336743,-0.20629774,0.36584774,0.03053606
1732337358.99647284,2341,535758.99647284,22.30402997,114.18055626,5.73076621,-55.25208045,1.65765803,2.14360399,15.44670065,-1.55988336,0.45399668,-0.19304490,0.38059996,0.03125258
1732337359.19665289,2341,535759.19665289,22.30403087,114.18055581,5.73495938,-55.23702854,1.22239428,1.81813419,15.40049742,-1.46034927,0.45818998,-0.20065006,0.37149020,0.01713417
1732337359.39680362,2341,535759.39680362,22.30403162,114.18055534,5.76271537,-55.24519491,1.25839494,1.93535836,15.35166720,-1.37730166,0.48594610,-0.25681327,0.43216088,0.02708159
1732337359.59699011,2341,535759.59699011,22.30403237,114.18055471,5.76522504,-55.16655163,1.03447411,1.88922415,15.28706899,-1.29375429,0.48845595,-0.24241963,0.41348559,0.02040730
1732337359.79723072,2341,535759.79723072,22.30403316,114.18055426,5.74883195,-55.09527971,1.18376822,1.92901432,15.24018730,-1.20700446,0.47206300,-0.30237452,0.41970035,0.02267066
1732337359.99732971,2341,535759.99732971,22.30403381,114.18055355,5.76438338,-55.05820524,1.03844944,1.89505269,15.16739654,-1.13511747,0.48761460,-0.25960786,0.41266032,0.01571237
1732337360.19750667,2341,535760.19750667,22.30403463,114.18055311,5.76343129,-54.97377740,1.06830555,1.72896592,15.12196714,-1.04369666,0.48666264,-0.29080616,0.37158982,0.03405179
1732337360.39768815,2341,535760.39768815,22.30403527,114.18055277,5.77397644,-55.07780219,1.29596357,1.98025257,15.08698907,-0.97312288,0.49720788,-0.29605982,0.46780220,0.02106554
1732337360.59784365,2341,535760.59784365,22.30403587,114.18055210,5.78782708,-55.11054622,1.21506883,2.03578784,15.01769678,-0.90622093,0.51105870,-0.29629720,0.45423188,0.01570831
1732337360.79802704,2341,535760.79802704,22.30403662,114.18055160,5.78031318,-55.14985219,1.27668568,2.10741934,14.96639158,-0.82340235,0.50354493,-0.29739113,0.42771448,0.00633576
1732337360.99830675,2341,535760.99830675,22.30403738,114.18055107,5.78266369,-55.10102842,1.32299558,2.20663955,14.91144017,-0.73953220,0.50589558,-0.28841166,0.44229577,0.02236798
1732337361.19836807,2341,535761.19836807,22.30403807,114.18055053,5.78885233,-55.00934506,1.15952213,2.17576265,14.85575109,-0.66309783,0.51208435,-0.24337193,0.42943528,0.01640109
1732337361.39853334,2341,535761.39853334,22.30403887,114.18055001,5.78548829,-55.03507881,1.18509695,2.22661145,14.80257397,-0.57441740,0.50872045,-0.28762080,0.41671476,0.00917317
1732337361.59871173,2341,535761.59871173,22.30403956,114.18054947,5.78860179,-55.05462992,1.23028108,2.28415574,14.74724292,-0.49768823,0.51183408,-0.28388288,0.41312176,0.00882153
1732337361.79897785,2341,535761.79897785,22.30404022,114.18054895,5.79104618,-55.00330408,1.19020464,2.28534628,14.69333639,-0.42491486,0.51427860,-0.27025505,0.39520952,0.00930412
1732337361.99904490,2341,535761.99904490,22.30404095,114.18054839,5.80099084,-54.93623329,1.25012077,2.45523133,14.63522413,-0.34463196,0.52422340,-0.26745764,0.40551915,0.00806209
1732337362.19922161,2341,535762.19922161,22.30404162,114.18054781,5.79903490,-54.89308811,1.12697110,2.43492828,14.57575295,-0.27037935,0.52226761,-0.25711203,0.38746160,0.00099532
1732337362.39940596,2341,535762.39940596,22.30404241,114.18054738,5.79016569,-54.83733778,1.26604821,2.29342434,14.53183405,-0.18257527,0.51339849,-0.24637904,0.39624121,0.01953275
1732337362.59957266,2341,535762.59957266,22.30404324,114.18054693,5.79234400,-54.80841473,1.21779977,2.28376901,14.48484773,-0.09010739,0.51557691,-0.24351106,0.38816775,0.02117403
1732337362.79973888,2341,535762.79973888,22.30404398,114.18054638,5.80069872,-54.77944837,1.16565852,2.28522140,14.42842927,-0.00867093,0.52393176,-0.24974821,0.39106876,0.01068656
1732337362.99991584,2341,535762.99991584,22.30404466,114.18054577,5.80785800,-54.68856652,1.16768657,2.33567670,14.36572740,0.06637009,0.53109119,-0.26019269,0.39958153,0.02402139
1732337363.20015979,2341,535763.20015979,22.30404541,114.18054519,5.81125169,-54.62732770,0.93824113,2.30915060,14.30607737,0.14996973,0.53448501,-0.23667973,0.37871018,0.00773302
1732337363.40027809,2341,535763.40027809,22.30404622,114.18054477,5.81024120,-54.63908086,1.00021079,2.34613838,14.26300558,0.23970436,0.53347461,-0.30381081,0.39231457,0.01027133
1732337363.60042000,2341,535763.60042000,22.30404702,114.18054430,5.81666883,-54.60006484,1.13880443,2.18153947,14.21420057,0.32790582,0.53990234,-0.26749198,0.40776408,0.00813829
1732337363.80061436,2341,535763.80061436,22.30404766,114.18054378,5.81380296,-54.54104131,1.18915236,2.26282052,14.16090514,0.39941310,0.53703659,-0.28481055,0.40651686,0.01986536
1732337364.00077295,2341,535764.00077295,22.30404844,114.18054327,5.82074372,-54.48986448,1.18901689,2.29189341,14.10786912,0.48469880,0.54397746,-0.29557645,0.39803603,0.01311799
1732337364.20093441,2341,535764.20093441,22.30404917,114.18054274,5.82016739,-54.39047422,1.39987516,2.29991395,14.05359454,0.56597824,0.54340124,-0.29392477,0.38807308,0.01569419
1732337364.40111780,2341,535764.40111780,22.30404971,114.18054231,5.82070638,-54.42321188,1.10487616,2.24579271,14.00907198,0.62639913,0.54394033,-0.25742841,0.37502366,0.02390567
1732337364.60128045,2341,535764.60128045,22.30405050,114.18054187,5.83687780,-54.48925391,1.28868602,2.23712986,13.96341672,0.71388008,0.56011183,-0.28448960,0.42656772,0.01469694
1732337364.80155778,2341,535764.80155778,22.30405135,114.18054116,5.83568413,-54.49162161,1.29334271,2.37247220,13.89044520,0.80695707,0.55891832,-0.28124263,0.44207310,0.00554553
1732337365.00164127,2341,535765.00164127,22.30405207,114.18054051,5.83050517,-54.42312755,1.15688185,2.34166674,13.82406188,0.88686970,0.55373949,-0.27690563,0.40911956,0.00597069
1732337365.20190263,2341,535765.20190263,22.30405281,114.18053991,5.84627375,-54.41955390,1.23085317,2.32394221,13.76199205,0.96861953,0.56950819,-0.29264382,0.43103280,0.01765592
1732337365.40197253,2341,535765.40197253,22.30405341,114.18053934,5.84692133,-54.39264926,0.94829021,2.45501159,13.70305303,1.03540481,0.57015589,-0.25832775,0.41293142,0.01310969
1732337365.60216999,2341,535765.60216999,22.30405427,114.18053888,5.84282571,-54.43159408,1.15371954,2.42919849,13.65570685,1.13129118,0.56606035,-0.29252826,0.42732400,0.01692529
1732337365.80233765,2341,535765.80233765,22.30405488,114.18053835,5.84899081,-54.45898772,1.32000722,2.39118390,13.60104451,1.19884285,0.57222555,-0.30407965,0.42501240,0.00943951
1732337366.00249624,2341,535766.00249624,22.30405548,114.18053777,5.85709240,-54.43296307,1.23816797,2.61438626,13.54162792,1.26487352,0.58032726,-0.24173748,0.38588476,0.00004892
1732337366.20268393,2341,535766.20268393,22.30405630,114.18053713,5.84742910,-54.44688079,1.10677936,2.71918174,13.47589645,1.35607883,0.57066408,-0.23570610,0.36430964,0.00144054
1732337366.40294123,2341,535766.40294123,22.30405701,114.18053685,5.85633071,-54.42713700,1.01635046,2.65002855,13.44622411,1.43424780,0.57956573,-0.24423099,0.40035463,0.00969585
1732337366.60301971,2341,535766.60301971,22.30405778,114.18053627,5.86321599,-54.45010059,0.75184583,2.54502259,13.38640690,1.51929018,0.58645112,-0.26960268,0.39827713,0.01887362
1732337366.80318189,2341,535766.80318189,22.30405856,114.18053580,5.86424582,-54.37155287,0.88999628,2.50765984,13.33856848,1.60625808,0.58748103,-0.26334504,0.38661419,0.00963121
1732337367.00336933,2341,535767.00336933,22.30405931,114.18053518,5.86488116,-54.31194942,0.93441237,2.50574732,13.27454728,1.68885272,0.58811648,-0.28257601,0.38538205,0.00018210
1732337367.20361423,2341,535767.20361423,22.30406008,114.18053462,5.86124409,-54.16145535,0.91496481,2.43222542,13.21692507,1.77421713,0.58447951,-0.29502711,0.34298523,0.00423700
1732337367.40370846,2341,535767.40370846,22.30406080,114.18053428,5.86085969,-54.02610949,1.19590031,2.41343539,13.18130292,1.85356330,0.58409516,-0.27229155,0.37603869,0.00719955
1732337367.60388041,2341,535767.60388041,22.30406147,114.18053381,5.84967871,-54.02147909,1.25178687,2.32487767,13.13354511,1.92862383,0.57291425,-0.29232695,0.37618880,0.01197136
1732337367.80405331,2341,535767.80405331,22.30406227,114.18053331,5.84996596,-53.96437254,1.36915488,2.37361118,13.08131069,2.01653116,0.57320159,-0.25636951,0.41708112,0.00950241
1732337368.00430799,2341,535768.00430799,22.30406305,114.18053275,5.86295567,-53.95402860,1.40807551,2.40918780,13.02415259,2.10302516,0.58619138,-0.29504719,0.40376444,0.01193029
1732337368.20439315,2341,535768.20439315,22.30406369,114.18053211,5.86280880,-53.93542213,1.46655309,2.38186868,12.95857723,2.17355546,0.58604462,-0.28379209,0.38004155,0.00946420
1732337368.40467644,2341,535768.40467644,22.30406437,114.18053172,5.86553790,-53.83710618,1.42761299,2.40735641,12.91774853,2.24911187,0.58877378,-0.25262982,0.40052097,0.02224508
1732337368.60473466,2341,535768.60473466,22.30406509,114.18053124,5.87943557,-53.90286209,1.17104195,2.36191070,12.86841261,2.32861276,0.60267152,-0.28152176,0.40895603,0.03146547
1732337368.80489969,2341,535768.80489969,22.30406581,114.18053067,5.88299899,-53.88940947,1.26959220,2.42867047,12.80927419,2.40911079,0.60623503,-0.29432562,0.41077206,0.02462770
1732337369.00517249,2341,535769.00517249,22.30406659,114.18052996,5.89275718,-53.97249035,1.33288135,2.51795696,12.73686046,2.49538490,0.61599333,-0.30143985,0.41972625,0.01370060
1732337369.20525908,2341,535769.20525908,22.30406729,114.18052948,5.90026714,-53.89624488,1.17865857,2.46979949,12.68665264,2.57258979,0.62350336,-0.27687688,0.40560836,0.01629927
1732337369.40542412,2341,535769.40542412,22.30406802,114.18052896,5.88658163,-53.91430367,1.27654191,2.39789721,12.63355910,2.65393024,0.60981792,-0.29375655,0.41148105,0.02622115
1732337369.60577941,2341,535769.60577941,22.30406873,114.18052848,5.90686937,-54.22000048,1.20468415,2.37390411,12.58402491,2.73208066,0.63010573,-0.28490155,0.42390436,0.03120107
1732337369.80577803,2341,535769.80577803,22.30406938,114.18052789,5.92107247,-54.34248640,1.57988920,2.44862012,12.52304848,2.80449384,0.64430892,-0.26925288,0.41405098,0.02865891
1732337370.00599909,2341,535770.00599909,22.30407015,114.18052729,5.91813713,-54.72375337,1.58675575,2.41030263,12.46154790,2.88909300,0.64137366,-0.23756626,0.40246100,0.01698273
1732337370.20611334,2341,535770.20611334,22.30407083,114.18052685,5.91879199,-55.18579248,1.57549734,2.43552782,12.41624776,2.96492646,0.64202857,-0.24914686,0.39221521,0.01896953
1732337370.40629363,2341,535770.40629363,22.30407156,114.18052638,5.91502631,-55.78635375,1.71150545,2.45885760,12.36771061,3.04489063,0.63826295,-0.28240428,0.40062721,0.02813413
1732337370.60646582,2341,535770.60646582,22.30407224,114.18052582,5.93802941,-57.09999653,1.43372198,2.41457721,12.30971822,3.12089667,0.66126613,-0.19009078,0.41107807,0.02873809
1732337370.80662394,2341,535770.80662394,22.30407305,114.18052549,5.92097229,-58.64553667,1.55876821,2.45862293,12.27618316,3.21035262,0.64420902,-0.20408791,0.43639446,0.01743751
1732337371.00686884,2341,535771.00686884,22.30407391,114.18052502,5.92157529,-60.22989209,1.50794363,2.40090293,12.22736576,3.30595867,0.64481206,-0.18764448,0.44613259,0.01720103
1732337371.20713472,2341,535771.20713472,22.30407467,114.18052462,5.93691118,-61.81964015,1.42547488,2.26451252,12.18611483,3.38931805,0.66014800,-0.23102504,0.45497733,0.01493380
1732337371.40715551,2341,535771.40715551,22.30407547,114.18052415,5.93432988,-63.25708105,1.54518857,2.39879897,12.13790906,3.47816418,0.65756674,-0.19064254,0.45627391,0.02297629
1732337371.60733724,2341,535771.60733724,22.30407618,114.18052382,5.93636151,-64.92996214,1.35180251,2.36271705,12.10384536,3.55714029,0.65959839,-0.20688265,0.46091227,0.02402483
1732337371.80749559,2341,535771.80749559,22.30407699,114.18052329,5.94684936,-66.81705191,1.34251870,2.34254429,12.04960214,3.64691340,0.67008629,-0.20268634,0.45348653,0.02618089
1732337372.00776529,2341,535772.00776529,22.30407769,114.18052303,5.94717447,-68.64459570,1.68890949,2.24476010,12.02297076,3.72449713,0.67041140,-0.19075663,0.46675939,0.02880930
1732337372.20796299,2341,535772.20796299,22.30407852,114.18052284,5.95761384,-70.65056685,1.86782179,2.17933833,12.00348292,3.81616410,0.68085075,-0.17075255,0.47243013,0.03360990
1732337372.40801716,2341,535772.40801716,22.30407931,114.18052243,5.97276078,-72.78719799,1.97521201,2.06941181,11.96060338,3.90389597,0.69599773,-0.16078103,0.51164829,0.01947307
1732337372.60818291,2341,535772.60818291,22.30408021,114.18052213,5.96989933,-74.54048825,2.12994483,2.18953369,11.93007029,4.00302667,0.69313627,-0.11379227,0.48032716,0.02555309
1732337372.80835700,2341,535772.80835700,22.30408098,114.18052197,5.97973249,-76.32533410,2.17407005,2.04854717,11.91304640,4.08836271,0.70296941,-0.13204722,0.46918394,0.01615476
1732337373.00862408,2341,535773.00862408,22.30408184,114.18052174,5.97810735,-78.04618117,2.21988715,2.13626486,11.88956894,4.18428941,0.70134425,-0.08731927,0.46559750,0.00922246
1732337373.20870781,2341,535773.20870781,22.30408273,114.18052154,5.98458730,-79.83050333,2.47572175,2.02967209,11.86897962,4.28214165,0.70782417,-0.05145154,0.46559816,0.01475943
1732337373.40887213,2341,535773.40887213,22.30408354,114.18052146,5.98787778,-81.85950020,2.07436391,1.99147835,11.86054889,4.37230683,0.71111460,-0.02135785,0.46274718,0.02973582
1732337373.60903406,2341,535773.60903406,22.30408448,114.18052149,5.99474157,-83.67473879,2.31880804,1.82290040,11.86365559,4.47570054,0.71797832,-0.02978777,0.46607351,0.02010661
1732337373.80921555,2341,535773.80921555,22.30408529,114.18052139,5.99580514,-85.48900198,2.33736826,1.84110946,11.85326029,4.56635719,0.71904184,0.01446814,0.47442070,0.02177224
1732337374.00939035,2341,535774.00939035,22.30408627,114.18052133,5.99221521,-87.36940597,2.15586739,1.92291125,11.84706035,4.67406667,0.71545185,0.02500159,0.47708684,0.03241496
1732337374.20956230,2341,535774.20956230,22.30408729,114.18052132,5.98433465,-89.40139776,2.10435699,1.96832099,11.84675667,4.78719010,0.70757120,0.01233008,0.50684059,0.02716904
1732337374.40973997,2341,535774.40973997,22.30408808,114.18052134,5.99572729,-91.32088074,2.06419664,1.89253554,11.84816080,4.87459612,0.71896378,0.03287529,0.48055126,0.02637948
1732337374.60990572,2341,535774.60990572,22.30408891,114.18052137,6.00746052,-93.26689323,2.47897275,1.73926326,11.85160149,4.96621557,0.73069692,0.06998013,0.47818583,0.02502775
1732337374.81007981,2341,535774.81007981,22.30408984,114.18052150,6.01452873,-95.17025546,2.38015046,1.78466341,11.86445080,5.07010481,0.73776503,0.06548999,0.50547024,0.02142188
1732337375.01026559,2341,535775.01026559,22.30409073,114.18052158,6.02037398,-97.25160349,2.30177070,1.83960464,11.87283566,5.16841169,0.74361019,0.11617003,0.45123813,0.02347312
1732337375.21043897,2341,535775.21043897,22.30409153,114.18052164,6.01891582,-99.48139214,2.06898992,1.67981358,11.87933816,5.25657042,0.74215194,0.13061970,0.48876887,0.02575042
1732337375.41060209,2341,535775.41060209,22.30409244,114.18052184,6.03450895,-101.74382133,2.03918374,1.54121040,11.89995846,5.35756031,0.75774495,0.17065035,0.44151724,0.02707684
1732337375.61086512,2341,535775.61086512,22.30409321,114.18052212,6.03076725,-103.99232971,1.91020196,1.53441327,11.92920264,5.44246167,0.75400312,0.15925731,0.47680147,0.02027148
1732337375.81093979,2341,535775.81093979,22.30409419,114.18052241,6.02682962,-106.21416364,2.02130494,1.73169395,11.95863665,5.55158295,0.75006534,0.15485017,0.45508246,0.03170453
1732337376.01112771,2341,535776.01112771,22.30409490,114.18052278,6.04666208,-108.09391668,1.96607733,1.63183452,11.99693313,5.62950040,0.76989766,0.15808529,0.43368381,0.02700459
1732337376.21128511,2341,535776.21128511,22.30409580,114.18052313,6.04929429,-110.01430313,1.90222081,1.55696728,12.03300047,5.72961647,0.77252971,0.17535916,0.45417884,0.01213725
1732337376.41146731,2341,535776.41146731,22.30409659,114.18052344,6.04815538,-111.88459533,1.94005995,1.18172526,12.06488907,5.81719555,0.77139066,0.17547723,0.47772246,0.02325990
1732337376.61169243,2341,535776.61169243,22.30409742,114.18052372,6.04476599,-113.85451432,2.28602660,1.31378011,12.09318892,5.90920416,0.76800113,0.20855688,0.46835191,0.02503599
1732337376.81186771,2341,535776.81186771,22.30409818,114.18052410,6.05578592,-115.44351305,2.16970156,1.39065059,12.13328520,5.99349474,0.77902091,0.20971622,0.43015684,0.02343913
1732337377.01202178,2341,535777.01202178,22.30409898,114.18052455,6.06362776,-116.47515460,2.32024322,1.25171202,12.17934630,6.08217316,0.78686257,0.21981833,0.43577148,0.02075786
1732337377.21213675,2341,535777.21213675,22.30409979,114.18052495,6.05718433,-117.16151913,2.37379677,1.26167947,12.22030076,6.17179216,0.78041898,0.21133558,0.43241101,0.01958254
1732337377.41230774,2341,535777.41230774,22.30410045,114.18052555,6.06540708,-117.64434255,2.44934849,1.30167274,12.28213961,6.24497228,0.78864154,0.23872658,0.40158103,0.02021882
1732337377.61259031,2341,535777.61259031,22.30410121,114.18052600,6.06844941,-118.21464308,2.68759356,1.21203196,12.32844544,6.32834871,0.79168370,0.26868618,0.40785803,0.02574592
1732337377.81267452,2341,535777.81267452,22.30410191,114.18052648,6.06753592,-119.21492411,2.83042217,1.26382527,12.37803290,6.40587242,0.79077004,0.28842925,0.38828391,0.03075213
1732337378.01283216,2341,535778.01283216,22.30410265,114.18052696,6.08016747,-120.41319002,2.71370791,1.12544626,12.42740695,6.48813769,0.80340141,0.28006283,0.35880199,0.02613106
1732337378.21301579,2341,535778.21301579,22.30410338,114.18052754,6.08860044,-121.97154338,2.42607954,0.99477421,12.48743022,6.56867008,0.81183418,0.30197506,0.34999527,0.02399117
1732337378.41317964,2341,535778.41317964,22.30410408,114.18052813,6.09023889,-123.77459138,2.28113063,0.67005637,12.54847578,6.64633146,0.81347243,0.31052050,0.38502253,0.01964398
1732337378.61345100,2341,535778.61345100,22.30410488,114.18052879,6.09533900,-125.54143918,2.34343717,0.71463224,12.61605247,6.73471748,0.81857231,0.30339695,0.36562566,0.02740667
1732337378.81352520,2341,535778.81352520,22.30410554,114.18052946,6.09839369,-127.41383652,2.21914630,0.62341604,12.68512074,6.80855285,0.82162678,0.32646471,0.35797588,0.01851273
1732337379.01369619,2341,535779.01369619,22.30410618,114.18052995,6.11013324,-129.07061651,2.11855667,0.43378793,12.73519450,6.87941900,0.83336615,0.35794659,0.40289794,0.02130734
1732337379.21387148,2341,535779.21387148,22.30410701,114.18053061,6.10935168,-130.63014888,2.07128012,0.57233892,12.80315334,6.97114377,0.83258436,0.29786605,0.34362925,0.01218653
1732337379.41404653,2341,535779.41404653,22.30410753,114.18053135,6.09353047,-132.03444478,2.44617146,0.25337515,12.87945068,7.02810428,0.81676294,0.31399624,0.34701941,0.01277496
1732337379.61420679,2341,535779.61420679,22.30410802,114.18053183,6.11744690,-133.33408643,2.54340827,0.11445897,12.92948613,7.08243491,0.84067920,0.39262379,0.33084919,0.00642791
1732337379.81437898,2341,535779.81437898,22.30410871,114.18053266,6.11741572,-134.23105829,2.38196509,0.11082519,13.01439818,7.15900523,0.84064776,0.35625110,0.34491049,0.02241347
1732337380.01457119,2341,535780.01457119,22.30410919,114.18053333,6.12337561,-135.13768531,2.47711344,0.20238039,13.08353895,7.21226880,0.84660745,0.38255163,0.36650676,0.02212301
1732337380.21473026,2341,535780.21473026,22.30410983,114.18053378,6.13734810,-136.05841024,2.41739317,0.40410755,13.12979190,7.28372134,0.86057977,0.35810017,0.28580888,0.01877246
1732337380.41490674,2341,535780.41490674,22.30411038,114.18053467,6.12772849,-136.81440380,2.50242814,0.13675047,13.22206899,7.34370004,0.85095990,0.37540514,0.30485089,0.01092343
1732337380.61506891,2341,535780.61506891,22.30411097,114.18053535,6.13034480,-137.39891373,2.46573580,0.19473417,13.29192064,7.40922632,0.85357599,0.33409687,0.26477908,0.00679079
1732337380.81538200,2341,535780.81538200,22.30411144,114.18053613,6.13951605,-137.82461478,2.51699851,0.08152307,13.37229635,7.46174499,0.86274701,0.38880569,0.27420720,0.01144060
1732337381.01542759,2341,535781.01542759,22.30411211,114.18053690,6.13573849,-138.14310590,2.42170441,-0.18668677,13.45146360,7.53573255,0.85896919,0.41287495,0.31597708,0.02120247
1732337381.21559715,2341,535781.21559715,22.30411264,114.18053755,6.13723336,-138.38403272,2.49760971,-0.03899303,13.51891328,7.59489121,0.86046385,0.38575345,0.28910187,0.02077384
1732337381.41577220,2341,535781.41577220,22.30411318,114.18053842,6.14170424,-138.61306772,2.51178602,0.02757803,13.60783875,7.65428419,0.86493447,0.36296268,0.27021987,0.01988162
1732337381.61603642,2341,535781.61603642,22.30411373,114.18053911,6.15870461,-138.76901938,2.55212811,-0.13205355,13.67917776,7.71545250,0.88193461,0.36518962,0.25560782,0.00867762
1732337381.81613064,2341,535781.81613064,22.30411420,114.18053988,6.15348971,-138.83111745,2.32461896,-0.41028684,13.75870774,7.76670619,0.87671948,0.35190256,0.30627274,0.00779898
1732337382.01627135,2341,535782.01627135,22.30411465,114.18054058,6.16393491,-139.03533007,2.32649810,-0.48644723,13.83051935,7.81718630,0.88716446,0.39746594,0.27106461,0.03321349
1732337382.21645117,2341,535782.21645117,22.30411524,114.18054141,6.16347792,-139.11631973,2.11725088,-0.63872796,13.91624350,7.88239510,0.88670720,0.36773865,0.28146443,0.03437666
1732337382.41673040,2341,535782.41673040,22.30411578,114.18054218,6.16778630,-139.28818839,2.18416607,-0.64697883,13.99535988,7.94227652,0.89101533,0.39761104,0.28491936,0.01401478
1732337382.61679220,2341,535782.61679220,22.30411633,114.18054289,6.17768859,-139.35336011,2.21291871,-0.65516677,14.06865858,8.00311381,0.90091739,0.37222364,0.29010152,0.01919395
1732337382.81697035,2341,535782.81697035,22.30411686,114.18054361,6.17518586,-139.46613493,2.32618299,-0.75252957,14.14288586,8.06167649,0.89841442,0.40666033,0.27996499,0.01476801
1732337383.01714087,2341,535783.01714087,22.30411741,114.18054446,6.19013788,-139.51154880,1.92399268,-0.76673996,14.23021185,8.12261097,0.91336617,0.35974020,0.28106531,0.01534670
1732337383.21731043,2341,535783.21731043,22.30411797,114.18054527,6.18494389,-139.61121061,1.97889547,-0.99700470,14.31415021,8.18514852,0.90817191,0.37759808,0.29624036,0.01086034
1732337383.41748095,2341,535783.41748095,22.30411846,114.18054608,6.18103342,-139.67804647,2.01318004,-1.16344198,14.39763466,8.23909682,0.90426118,0.38824554,0.36364517,0.02428234
1732337383.61774969,2341,535783.61774969,22.30411893,114.18054673,6.19167778,-139.71313158,2.14980639,-0.96166110,14.46430873,8.29100011,0.91490533,0.38709828,0.33710257,0.01639891
1732337383.81783533,2341,535783.81783533,22.30411937,114.18054734,6.18643495,-139.71376255,2.32963782,-0.91736787,14.52752086,8.34000314,0.90966229,0.39044975,0.35022251,0.00701511
1732337384.01801777,2341,535784.01801777,22.30412001,114.18054802,6.19696154,-139.77403080,2.50597129,-0.57765747,14.59769910,8.41068158,0.92018862,0.39021889,0.30130344,0.01842737
1732337384.21818924,2341,535784.21818924,22.30412053,114.18054878,6.20258024,-139.78740291,2.31590179,-0.98380059,14.67585738,8.46811809,0.92580706,0.40405755,0.27730537,0.02446897
1732337384.41835594,2341,535784.41835594,22.30412099,114.18054962,6.20257988,-139.80813920,2.45589840,-1.13637817,14.76250591,8.51865413,0.92580644,0.43660394,0.29774973,0.01036203
1732337384.61852264,2341,535784.61852264,22.30412158,114.18055041,6.20919547,-139.85466518,2.48095707,-1.10849561,14.84402124,8.58458275,0.93242175,0.43075565,0.29671465,0.01502245
1732337384.81869674,2341,535784.81869674,22.30412219,114.18055115,6.22033240,-139.91270846,2.50202431,-0.76196061,14.91968714,8.65152734,0.94355841,0.40840524,0.27707969,0.02001476
1732337385.01887608,2341,535785.01887608,22.30412274,114.18055179,6.21094605,-139.97133961,2.24907530,-0.69158604,14.98552553,8.71248497,0.93417183,0.42797189,0.29109281,0.00941834
1732337385.21904469,2341,535785.21904469,22.30412340,114.18055254,6.21612917,-139.93709954,2.00503158,-0.59592119,15.06312863,8.78641193,0.93935466,0.42800985,0.23564796,0.00900864
1732337385.41920996,2341,535785.41920996,22.30412383,114.18055345,6.22191526,-139.89625125,1.68974349,-0.91251827,15.15674191,8.83406484,0.94514047,0.41493815,0.25378536,0.02393300
1732337385.61944294,2341,535785.61944294,22.30412446,114.18055441,6.22560085,-139.84062257,1.59933534,-0.91795071,15.25548333,8.90323344,0.94882572,0.41026447,0.27523576,0.02090816
1732337385.81955051,2341,535785.81955051,22.30412499,114.18055505,6.22252818,-139.85610261,1.58338914,-0.85421556,15.32160867,8.96192630,0.94575282,0.41264492,0.26783675,0.01072639
1732337386.01972628,2341,535786.01972628,22.30412560,114.18055589,6.21744356,-139.86814588,1.39426897,-0.85303220,15.40828079,9.02958038,0.94066788,0.38827994,0.34498364,0.02845770
1732337386.21990299,2341,535786.21990299,22.30412615,114.18055657,6.24023845,-139.76698977,1.33962506,-0.57364829,15.47896662,9.09003360,0.96346252,0.35325807,0.27509902,0.01823858
1732337386.42007804,2341,535786.42007804,22.30412670,114.18055729,6.24467270,-139.67686802,1.43631276,-0.95367157,15.55305979,9.15083598,0.96789651,0.35718089,0.31056836,0.00528601
1732337386.62023926,2341,535786.62023926,22.30412716,114.18055795,6.23678585,-139.66360165,1.48589895,-0.76530864,15.62033480,9.20199731,0.96000942,0.34080812,0.28102667,0.01273168
1732337386.82042122,2341,535786.82042122,22.30412766,114.18055862,6.24240327,-139.70312249,1.68886936,-0.71825254,15.69023909,9.25777272,0.96562659,0.37529344,0.28964226,0.01742424
1732337387.02059507,2341,535787.02059507,22.30412819,114.18055934,6.23951254,-139.62903272,1.56342839,-0.81906236,15.76433844,9.31615619,0.96273558,0.37668039,0.26814529,0.00810895
1732337387.22085261,2341,535787.22085261,22.30412870,114.18056028,6.24673659,-139.52510775,1.30560998,-0.90265630,15.86094546,9.37315164,0.96995931,0.36492609,0.28215790,0.01664027
1732337387.42092252,2341,535787.42092252,22.30412926,114.18056108,6.25382911,-139.46747911,1.06649712,-1.26597118,15.94371225,9.43531723,0.97705153,0.36413703,0.35257597,0.01958998
1732337387.62112021,2341,535787.62112021,22.30412979,114.18056193,6.26067292,-139.43209946,1.12734636,-1.30772032,16.03107181,9.49345433,0.98389504,0.35389630,0.34901135,0.01879395
1732337387.82138872,2341,535787.82138872,22.30413041,114.18056248,6.26502553,-139.31098471,1.25543794,-1.27050872,16.08796440,9.56247490,0.98824739,0.35942247,0.34505880,0.00987536
1732337388.02154350,2341,535788.02154350,22.30413095,114.18056329,6.25850154,-139.25141482,1.44266687,-1.42779445,16.17105734,9.62154802,0.98172311,0.40084898,0.33449250,0.00683540
1732337388.22162724,2341,535788.22162724,22.30413147,114.18056395,6.25847190,-139.20302417,1.52249424,-1.33112534,16.23898107,9.67987924,0.98169321,0.40348052,0.31836360,0.00892828
1732337388.42180276,2341,535788.42180276,22.30413198,114.18056475,6.25946613,-139.13371265,1.52164487,-1.62833651,16.32174522,9.73605845,0.98268714,0.40102737,0.33220830,0.02187276
1732337388.62196541,2341,535788.62196541,22.30413249,114.18056550,6.27298284,-139.13367184,1.77010695,-1.41731613,16.39827768,9.79270443,0.99620357,0.40986096,0.32931506,0.01198325
1732337388.82215405,2341,535788.82215405,22.30413294,114.18056627,6.27461170,-139.11485135,1.78215278,-1.45332136,16.47765895,9.84227072,0.99783214,0.40372254,0.31970379,0.00987362
1732337389.02232027,2341,535789.02232027,22.30413366,114.18056694,6.28241930,-139.11500575,1.89318498,-1.33260675,16.54664926,9.92238487,1.00563945,0.40488958,0.32129603,0.01379838
1732337389.22249889,2341,535789.22249889,22.30413407,114.18056770,6.27992118,-139.09129912,1.88294411,-1.34545079,16.62501310,9.96709191,1.00314105,0.39086921,0.31356598,0.00846382
1732337389.42274737,2341,535789.42274737,22.30413467,114.18056840,6.28871522,-139.02125586,1.87828637,-1.24350255,16.69728246,10.03394544,1.01193479,0.40467148,0.26349795,0.01566768
1732337389.62284136,2341,535789.62284136,22.30413511,114.18056921,6.28231005,-138.99048594,1.71890961,-1.43855030,16.78092653,10.08240253,1.00552933,0.41227115,0.24962299,0.02418360
1732337389.82300997,2341,535789.82300997,22.30413572,114.18057010,6.28763389,-138.97733305,1.69370458,-1.55582861,16.87311276,10.15004191,1.01085282,0.38421319,0.30435890,0.00705102
1732337390.02326632,2341,535790.02326632,22.30413628,114.18057061,6.28985884,-138.96140818,1.76023004,-1.32818796,16.92493657,10.21186982,1.01307753,0.37902521,0.28400873,0.00801255
1732337390.22333717,2341,535790.22333717,22.30413684,114.18057139,6.28666635,-138.98523084,1.82401688,-1.31851190,17.00576618,10.27390879,1.00988472,0.41196376,0.27878874,0.01137035
1732337390.42352247,2341,535790.42352247,22.30413747,114.18057217,6.27817776,-138.92402991,1.41052581,-1.16772655,17.08642188,10.34379519,1.00139580,0.36435105,0.25450490,0.00512277
1732337390.62369919,2341,535790.62369919,22.30413801,114.18057302,6.30666823,-138.78443021,1.49426707,-1.33110702,17.17319950,10.40354367,1.02988594,0.32961433,0.27708017,-0.00045444
1732337390.82386923,2341,535790.82386923,22.30413847,114.18057366,6.29066068,-138.78498158,1.39631366,-1.37267340,17.23956834,10.45517435,1.01387813,0.36878931,0.25877943,0.00287665
1732337391.02403784,2341,535791.02403784,22.30413907,114.18057448,6.28819226,-138.81915381,1.16295196,-1.50757705,17.32440711,10.52147144,1.01140937,0.39499241,0.28904057,0.00904998
1732337391.22420573,2341,535791.22420573,22.30413958,114.18057521,6.28837083,-138.72965788,1.24959345,-1.53915019,17.39884867,10.57783519,1.01158765,0.39110451,0.25939897,0.00283939
1732337391.42436481,2341,535791.42436481,22.30414023,114.18057602,6.29830847,-138.69150234,1.08265570,-1.51394512,17.48226888,10.64917684,1.02152494,0.40074473,0.28386416,0.00449878
1732337391.62455487,2341,535791.62455487,22.30414070,114.18057674,6.30677051,-138.60804648,0.77656110,-1.63031600,17.55659119,10.70164656,1.02998669,0.34339927,0.28488341,0.00988162
1732337391.82472229,2341,535791.82472229,22.30414116,114.18057764,6.29848586,-138.55382471,0.82679198,-1.91461453,17.64965062,10.75255248,1.02170170,0.38155179,0.30608575,0.00158686
1732337392.02501965,2341,535792.02501965,22.30414170,114.18057838,6.30080518,-138.58115874,0.89701815,-1.69431662,17.72556523,10.81263532,1.02402070,0.37078775,0.32321346,-0.00063866
1732337392.22507906,2341,535792.22507906,22.30414234,114.18057891,6.30326365,-138.50317245,0.95090043,-1.58807508,17.78072100,10.88315833,1.02647890,0.37298322,0.29439860,-0.00073140
1732337392.42524433,2341,535792.42524433,22.30414287,114.18057972,6.29942906,-138.51697029,0.77092674,-1.52198822,17.86440120,10.94234423,1.02264397,0.39913420,0.30495178,-0.00308274
1732337392.62542772,2341,535792.62542772,22.30414336,114.18058052,6.29670776,-138.46894496,0.65303202,-1.94812662,17.94669381,10.99603737,1.01992235,0.40243919,0.32205313,0.00803251
1732337392.82559848,2341,535792.82559848,22.30414391,114.18058117,6.29724523,-138.47952198,0.85437984,-1.95776216,18.01376691,11.05745410,1.02045952,0.39436129,0.32787497,0.00903212
1732337393.02575064,2341,535793.02575064,22.30414446,114.18058190,6.30163005,-138.39637929,0.81660719,-1.90822389,18.08882911,11.11817744,1.02484403,0.37735072,0.30716133,0.01425253
1732337393.22594070,2341,535793.22594070,22.30414505,114.18058276,6.31250070,-138.34010248,0.83441611,-1.95332990,18.17673640,11.18289968,1.03571432,0.33927803,0.32992025,0.00881086
1732337393.42611551,2341,535793.42611551,22.30414558,114.18058337,6.31099083,-138.33150186,1.12982154,-1.99742325,18.23988194,11.24229921,1.03420416,0.35722862,0.36891289,0.00103260
1732337393.62628031,2341,535793.62628031,22.30414603,114.18058412,6.29659337,-138.24902116,0.97948187,-1.84301338,18.31755347,11.29170856,1.01980638,0.39023938,0.28339952,0.00050502
1732337393.82645082,2341,535793.82645082,22.30414657,114.18058491,6.31254948,-138.04860495,1.27482522,-2.19533785,18.39870947,11.35160095,1.03576216,0.39209890,0.31975285,0.01564965
1732337394.02662086,2341,535794.02662086,22.30414703,114.18058560,6.31578373,-137.87094582,1.34284577,-2.02327980,18.46984595,11.40248574,1.03899611,0.37358229,0.33114377,0.01668879
1732337394.22679329,2341,535794.22679329,22.30414763,114.18058622,6.31365556,-137.74576659,1.34987207,-1.89390362,18.53334120,11.46892840,1.03686763,0.37197828,0.30113586,0.02355973
1732337394.42697334,2341,535794.42697334,22.30414804,114.18058701,6.32092821,-137.59075089,1.33896985,-2.16830069,18.61496388,11.51459916,1.04413996,0.38683390,0.34358594,0.02921010
1732337394.62714148,2341,535794.62714148,22.30414867,114.18058776,6.31979796,-137.49766739,1.32021677,-1.88240111,18.69233192,11.58438042,1.04300936,0.34309801,0.30729482,0.01861786
1732337394.82731414,2341,535794.82731414,22.30414926,114.18058841,6.32658775,-137.33080369,1.29446662,-2.00953558,18.75944308,11.64950828,1.04979884,0.32170280,0.34340671,0.01687200
1732337395.02751732,2341,535795.02751732,22.30414984,114.18058910,6.33244779,-137.35846620,1.39206734,-1.77074844,18.82998433,11.71333271,1.05565855,0.37672366,0.33614743,0.01117935
1732337395.22766137,2341,535795.22766137,22.30415042,114.18058986,6.34065772,-137.30837461,1.54625984,-1.79923369,18.90828350,11.77794881,1.06386813,0.37687073,0.34740010,0.01388227
1732337395.42783332,2341,535795.42783332,22.30415100,114.18059042,6.34149496,-136.97154057,1.67668947,-1.86844081,18.96682838,11.84201046,1.06470507,0.36224035,0.28966500,0.02669370
1732337395.62800694,2341,535795.62800694,22.30415149,114.18059117,6.33833072,-136.71212117,1.74452149,-1.61864164,19.04371208,11.89607374,1.06154051,0.39403690,0.28877259,0.01283335
1732337395.82816839,2341,535795.82816839,22.30415217,114.18059173,6.33995195,-135.90950289,1.54093138,-1.50529775,19.10193372,11.97171600,1.06316142,0.34621048,0.32363014,0.03229018
1732337396.02833796,2341,535796.02833796,22.30415272,114.18059280,6.35724005,-135.43512546,1.63050746,-1.44080354,19.21156092,12.03232814,1.08044907,0.35670312,0.33922158,0.01687562
1732337396.22852373,2341,535796.22852373,22.30415335,114.18059323,6.35320110,-133.81700931,1.77949899,-1.23835150,19.25558110,12.10286564,1.07640986,0.31804093,0.35167118,0.02277518
1732337396.42881536,2341,535796.42881536,22.30415390,114.18059383,6.35767612,-131.47313776,1.83484677,-1.07772969,19.31768831,12.16323248,1.08088458,0.31671542,0.31376299,0.02153648
1732337396.62885547,2341,535796.62885547,22.30415458,114.18059442,6.36310121,-128.52204379,1.75186291,-1.00528581,19.37834740,12.23894267,1.08630933,0.32579782,0.33858104,0.02117764
1732337396.82909679,2341,535796.82909679,22.30415522,114.18059510,6.35967095,-125.35046747,1.71618982,-0.94025853,19.44898208,12.30930253,1.08287872,0.29767962,0.36892713,0.02074814
1732337397.02920747,2341,535797.02920747,22.30415607,114.18059567,6.36975091,-122.48033260,1.75220547,-0.61501796,19.50746722,12.40404238,1.09295832,0.29443824,0.41257339,0.02353546
1732337397.22937870,2341,535797.22937870,22.30415681,114.18059602,6.36245074,-119.78877789,1.45820877,-0.38982462,19.54347138,12.48511989,1.08565788,0.26146816,0.40430441,0.01118359
1732337397.42956591,2341,535797.42956591,22.30415752,114.18059673,6.37122941,-117.26100068,1.41787792,-0.30421593,19.61657097,12.56466756,1.09443617,0.23684177,0.39900416,0.01415043
1732337397.62972593,2341,535797.62972593,22.30415835,114.18059710,6.37844252,-114.30972184,1.49227038,-0.26320796,19.65473388,12.65641047,1.10164898,0.17211074,0.42774002,0.02123155
1732337397.82989645,2341,535797.82989645,22.30415909,114.18059756,6.38229979,-111.32757412,1.35851002,-0.14650362,19.70204208,12.73802555,1.10550594,0.17346123,0.44388463,0.01932454
1732337398.03006983,2341,535798.03006983,22.30415994,114.18059786,6.38479459,-108.27436084,1.35103177,-0.15322229,19.73296808,12.83232513,1.10800046,0.13717594,0.44154399,0.01532729
1732337398.23023891,2341,535798.23023891,22.30416074,114.18059816,6.38617204,-105.28480468,1.59626886,-0.22451022,19.76382567,12.92097893,1.10937763,0.10505026,0.46578949,0.01532394
1732337398.43048096,2341,535798.43048096,22.30416155,114.18059847,6.38908584,-102.18019753,1.57973824,-0.10637778,19.79603614,13.01091792,1.11229115,0.06170442,0.46135474,0.02671630
1732337398.63058496,2341,535798.63058496,22.30416234,114.18059878,6.39748065,-99.23990481,1.54852715,-0.11100118,19.82810130,13.09812390,1.12068568,0.03821449,0.45815365,0.02288226
1732337398.83076119,2341,535798.83076119,22.30416325,114.18059884,6.41335281,-96.10825658,1.88412079,0.01058970,19.83370925,13.19824781,1.13655762,0.05025054,0.48454937,0.01190196
1732337399.03096652,2341,535799.03096652,22.30416408,114.18059904,6.41269867,-93.32567819,1.91733009,0.06582636,19.85465619,13.29063303,1.13590321,0.01283683,0.48640096,0.02853843
1732337399.23110151,2341,535799.23110151,22.30416489,114.18059917,6.41949439,-90.38941932,2.01025068,0.01204270,19.86819407,13.38000372,1.14269871,0.02885125,0.52462738,0.01919042
1732337399.43126249,2341,535799.43126249,22.30416578,114.18059922,6.42612025,-87.64437339,2.14320175,0.35528617,19.87299526,13.47899170,1.14932434,-0.01135811,0.51128078,0.02660164
1732337399.63144779,2341,535799.63144779,22.30416668,114.18059905,6.42793540,-84.73092277,2.11620359,0.50959206,19.85618053,13.57805959,1.15113933,-0.03062110,0.49270553,0.01677898
1732337399.83164597,2341,535799.83164597,22.30416752,114.18059892,6.42849681,-81.98921427,2.19046881,0.53682289,19.84236187,13.67152428,1.15170059,-0.04759945,0.46002268,0.02624501
1732337400.03178215,2341,535800.03178215,22.30416843,114.18059879,6.42787046,-79.28385346,2.24834644,0.80783294,19.82841403,13.77194037,1.15107406,-0.02614560,0.48727841,0.02077102
1732337400.23195672,2341,535800.23195672,22.30416923,114.18059876,6.43927298,-77.32305490,2.05519581,0.87869831,19.82590428,13.86138459,1.16247639,-0.05388910,0.48002154,0.02736330
1732337400.43213582,2341,535800.43213582,22.30417020,114.18059854,6.44270807,-75.39486918,1.79119429,1.15413913,19.80347237,13.96783602,1.16591132,-0.09085099,0.47041875,0.01796421
1732337400.63229370,2341,535800.63229370,22.30417105,114.18059832,6.44177145,-73.57242028,1.77988562,1.19629484,19.78013376,14.06223265,1.16497457,-0.09187179,0.50923641,0.02105461
1732337400.83247948,2341,535800.83247948,22.30417183,114.18059810,6.45322475,-71.88146329,1.55592778,1.39800459,19.75781811,14.14905368,1.17642774,-0.13682015,0.47533545,0.01743867
1732337401.03266144,2341,535801.03266144,22.30417277,114.18059774,6.43913509,-70.21301324,1.38361881,1.43072883,19.72078972,14.25337645,1.16233796,-0.15307387,0.42749282,0.02610033
1732337401.23282433,2341,535801.23282433,22.30417361,114.18059745,6.45250890,-68.62984342,1.25513253,1.34410168,19.69032865,14.34606115,1.17571165,-0.18722093,0.46156636,0.03493027
1732337401.43300629,2341,535801.43300629,22.30417441,114.18059714,6.45962284,-66.61107940,1.45830584,1.47215812,19.65936305,14.43488725,1.18282549,-0.19485363,0.49004476,0.02041494
1732337401.63323069,2341,535801.63323069,22.30417515,114.18059687,6.47444177,-65.49112326,1.43799540,1.67586496,19.63141168,14.51605980,1.19764432,-0.21775649,0.46449461,0.01367117
1732337401.83341837,2341,535801.83341837,22.30417579,114.18059643,6.47762807,-64.71713530,1.63319728,1.82861495,19.58598141,14.58748200,1.20083060,-0.23957544,0.49153734,0.01363351
1732337402.03351665,2341,535802.03351665,22.30417674,114.18059600,6.47688716,-64.07077235,1.42811482,2.06650399,19.54170085,14.69298853,1.20008958,-0.24427411,0.43751721,0.00606299
1732337402.23367500,2341,535802.23367500,22.30417754,114.18059555,6.46628752,-63.40731166,1.57822245,1.99945231,19.49471019,14.78152524,1.18948988,-0.19976519,0.41432859,0.00914740
1732337402.43384862,2341,535802.43384862,22.30417831,114.18059536,6.47680056,-62.94769211,1.64756833,1.67809495,19.47507721,14.86647648,1.20000278,-0.24227608,0.42807991,0.01674565
1732337402.63401175,2341,535802.63401175,22.30417910,114.18059495,6.47875309,-62.61292515,1.76271568,1.96978891,19.43352117,14.95359930,1.20195524,-0.22851900,0.42439013,0.00886339
1732337402.83428383,2341,535802.83428383,22.30417986,114.18059452,6.48222159,-62.22606754,1.72051852,1.86797962,19.38926598,15.03840280,1.20542367,-0.23547647,0.41435982,0.02008557
1732337403.03437662,2341,535803.03437662,22.30418067,114.18059424,6.48960924,-61.87791103,1.62995053,1.91731736,19.36043758,15.12716336,1.21281119,-0.23522908,0.36241852,0.02591576
1732337403.23453808,2341,535803.23453808,22.30418134,114.18059382,6.48349460,-61.54690452,1.80330686,1.69079542,19.31631784,15.20195808,1.20669650,-0.21050096,0.35139793,0.01839008
1732337403.43472219,2341,535803.43472219,22.30418219,114.18059360,6.49888592,-61.37580861,1.81630974,1.62146333,19.29391957,15.29576409,1.22208766,-0.20165166,0.41174462,0.01438839
1732337403.63489342,2341,535803.63489342,22.30418298,114.18059315,6.49613546,-61.25979210,2.02920964,1.54661855,19.24725042,15.38356826,1.21933714,-0.20788142,0.41001606,0.00810561
1732337403.83506584,2341,535803.83506584,22.30418367,114.18059263,6.48999561,-61.14992064,1.95572951,1.86671608,19.19430518,15.46003153,1.21319726,-0.16254185,0.39858802,0.01246028
1732337404.03523970,2341,535804.03523970,22.30418454,114.18059214,6.50487260,-61.11782357,1.48634523,1.74078869,19.14396975,15.55644255,1.22807417,-0.15286890,0.42913232,0.01244482
1732337404.23548508,2341,535804.23548508,22.30418553,114.18059171,6.48267485,-61.11332403,1.25801511,1.28939884,19.09894960,15.66633365,1.20587628,-0.14335599,0.41965052,0.01745601
1732337404.43558121,2341,535804.43558121,22.30418641,114.18059139,6.50057201,-61.34285871,0.98886267,1.18597757,19.06662219,15.76284517,1.22377330,-0.18274920,0.45224564,0.01080337
1732337404.63575482,2341,535804.63575482,22.30418728,114.18059091,6.50245082,-61.44856638,1.05367387,0.90844418,19.01723939,15.86005487,1.22565202,-0.24440675,0.46815507,0.01562504
1732337404.83608341,2341,535804.83608341,22.30418796,114.18059047,6.51192259,-61.59260906,1.10118848,1.32899869,18.97135332,15.93535817,1.23512373,-0.24233370,0.44094250,0.01301849
1732337405.03611875,2341,535805.03611875,22.30418866,114.18059015,6.51701608,-61.63323471,1.35943587,1.45945457,18.93818560,16.01238459,1.24021712,-0.25391510,0.47452507,0.00021966
1732337405.23626375,2341,535805.23626375,22.30418940,114.18058968,6.50515298,-61.65419717,1.27812964,1.43892562,18.88984426,16.09408480,1.22835396,-0.23340165,0.44924661,-0.00343629
1732337405.43644285,2341,535805.43644285,22.30419032,114.18058929,6.50899394,-61.69160321,1.40517177,1.36557468,18.85011970,16.19624141,1.23219478,-0.23567379,0.45265971,0.00768020
1732337405.63662267,2341,535805.63662267,22.30419092,114.18058895,6.52305925,-61.74497790,1.50433575,1.44285779,18.81447029,16.26224522,1.24626003,-0.24991874,0.44747418,0.01143151
1732337405.83678031,2341,535805.83678031,22.30419177,114.18058846,6.53229035,-61.81416530,1.52917064,1.63345447,18.76455340,16.35637426,1.25549103,-0.23574840,0.45332001,0.01198268
1732337406.03697062,2341,535806.03697062,22.30419251,114.18058793,6.52965898,-61.84036587,1.74519127,1.62609360,18.71003482,16.43862091,1.25285961,-0.26253672,0.47094282,0.00305138
1732337406.23713350,2341,535806.23713350,22.30419325,114.18058756,6.52802510,-61.80924149,1.47266260,1.84217345,18.67186478,16.52033543,1.25122563,-0.18497938,0.39070203,0.01066613
1732337406.43730736,2341,535806.43730736,22.30419406,114.18058713,6.52002633,-61.79295985,1.36850437,1.64221615,18.62721852,16.61049236,1.24322675,-0.21814799,0.40777708,0.01128113
1732337406.63748312,2341,535806.63748312,22.30419492,114.18058668,6.52557630,-61.77111885,1.28761154,1.61700314,18.58147234,16.70598953,1.24877661,-0.19057055,0.42085318,0.00514501
1732337406.83765626,2341,535806.83765626,22.30419582,114.18058634,6.52910322,-61.76700683,1.28673493,1.51167760,18.54635428,16.80550244,1.25230337,-0.20552430,0.43270678,0.00720222
1732337407.03783989,2341,535807.03783989,22.30419661,114.18058589,6.52287650,-61.70190479,1.25897472,1.41757150,18.49958971,16.89244285,1.24607655,-0.18963169,0.43202852,0.00530046
1732337407.23801136,2341,535807.23801136,22.30419740,114.18058546,6.52629125,-61.58155686,1.08736243,1.47964963,18.45529304,16.97994388,1.24949119,-0.18149994,0.39909854,-0.00112618
1732337407.43817902,2341,535807.43817902,22.30419824,114.18058495,6.52308950,-61.47907062,1.05360363,1.47291767,18.40282828,17.07296291,1.24628935,-0.20973997,0.40407171,0.01250914
1732337407.63834429,2341,535807.63834429,22.30419891,114.18058473,6.52663053,-61.45582049,1.03405785,1.23391079,18.38023506,17.14756792,1.24983024,-0.21681181,0.44481134,0.01378781
1732337407.83851337,2341,535807.83851337,22.30419977,114.18058424,6.52678748,-61.42641523,1.25797988,1.27769516,18.32970108,17.24272447,1.24998708,-0.23436548,0.44365378,0.01615950
1732337408.03880429,2341,535808.03880429,22.30420052,114.18058383,6.53200295,-61.37293349,1.21409181,1.46986457,18.28702331,17.32602350,1.25520244,-0.19557103,0.42321036,0.01277447
1732337408.23885679,2341,535808.23885679,22.30420136,114.18058345,6.55362987,-61.35202493,1.18715488,1.50610004,18.24783285,17.41923645,1.27682923,-0.22079787,0.44968324,0.01210242
1732337408.43903589,2341,535808.43903589,22.30420202,114.18058304,6.53583358,-61.32414512,1.16650214,1.35693527,18.20564140,17.49140035,1.25903285,-0.19497350,0.46342512,0.01097242
1732337408.63920069,2341,535808.63920069,22.30420289,114.18058254,6.54144134,-61.27978317,1.19923274,1.39388608,18.15469044,17.58860286,1.26464049,-0.21791680,0.48378453,0.00876553
1732337408.83937883,2341,535808.83937883,22.30420362,114.18058210,6.54403983,-61.28152523,1.19419285,1.37046821,18.10904570,17.66868946,1.26723889,-0.24669185,0.46214375,0.00910262
1732337409.03954506,2341,535809.03954506,22.30420431,114.18058168,6.55278040,-61.25306351,1.20952490,1.79991200,18.06612496,17.74512451,1.27597936,-0.21868254,0.44130091,0.00705995
1732337409.23971939,2341,535809.23971939,22.30420505,114.18058127,6.55816944,-61.22033853,1.05651649,1.90975170,18.02397737,17.82737107,1.28136830,-0.22794876,0.43722892,0.01141360
1732337409.43989468,2341,535809.43989468,22.30420596,114.18058081,6.54810717,-61.16702331,1.04249010,1.75936130,17.97649969,17.92769503,1.27130588,-0.22473209,0.42439524,0.00802702
1732337409.64007139,2341,535809.64007139,22.30420679,114.18058034,6.55939096,-61.16629964,0.98588990,1.77583018,17.92803410,18.02054190,1.28258953,-0.23457011,0.42203452,0.01114407
1732337409.84030437,2341,535809.84030437,22.30420754,114.18057995,6.55833095,-61.14684920,1.02164033,1.78694013,17.88717996,18.10288818,1.28152941,-0.21407602,0.43239049,0.01543460
1732337410.04039907,2341,535810.04039907,22.30420823,114.18057945,6.56379148,-61.15181760,1.04475270,1.83675916,17.83576927,18.17976399,1.28698986,-0.23676592,0.44232227,0.01498182
1732337410.24057150,2341,535810.24057150,22.30420905,114.18057903,6.55662500,-61.02284710,0.96218498,1.83553889,17.79327222,18.27049666,1.27982325,-0.21973461,0.41833933,0.00915616
1732337410.44074202,2341,535810.44074202,22.30420983,114.18057861,6.56573523,-60.93808788,0.92753843,1.89710308,17.74925812,18.35617150,1.28893334,-0.22816713,0.43118454,0.01304547
1732337410.64091420,2341,535810.64091420,22.30421062,114.18057816,6.56364665,-60.85295087,0.91841830,1.90501365,17.70331273,18.44406701,1.28684464,-0.22523907,0.40461342,0.00938931
1732337410.84109735,2341,535810.84109735,22.30421143,114.18057782,6.56581843,-60.81076223,0.95132410,1.84218157,17.66765702,18.53373567,1.28901625,-0.21704705,0.41704120,0.00947938
1732337411.04126859,2341,535811.04126859,22.30421218,114.18057740,6.57412184,-60.76746153,1.09389900,1.87086546,17.62491902,18.61715635,1.29731954,-0.22025774,0.43125588,0.00840671
1732337411.24149561,2341,535811.24149561,22.30421296,114.18057705,6.56300293,-60.72174479,1.05323031,1.84331369,17.58842562,18.70323611,1.28620047,-0.18637844,0.39915593,0.01459913
1732337411.44161463,2341,535811.44161463,22.30421373,114.18057658,6.58425742,-60.66921658,0.94732057,1.86880941,17.54073824,18.78820153,1.30745484,-0.21184993,0.46310427,0.01020049
1732337411.64178371,2341,535811.64178371,22.30421457,114.18057610,6.57085587,-60.62155650,0.90393861,1.72944782,17.49066346,18.88169265,1.29405315,-0.20652975,0.45658428,0.02493215
1732337411.84195518,2341,535811.84195518,22.30421543,114.18057553,6.58627396,-60.57182085,0.82427815,1.87898417,17.43179331,18.97653070,1.30947113,-0.22427664,0.47726533,0.01715246
1732337412.04211855,2341,535812.04211855,22.30421623,114.18057519,6.57101816,-60.51887813,0.72711578,1.78148538,17.39689342,19.06548971,1.29421515,-0.23641630,0.45513618,0.00636817
1732337412.24230433,2341,535812.24230433,22.30421696,114.18057464,6.57498323,-60.44206568,0.81103605,1.94499862,17.34083884,19.14666360,1.29818013,-0.25189649,0.40403835,0.00876200
1732337412.44247437,2341,535812.44247437,22.30421755,114.18057433,6.60052396,-60.51049748,0.77593418,2.11040936,17.30901799,19.21123605,1.32372075,-0.25034084,0.45458234,0.01963178
1732337412.64264917,2341,535812.64264917,22.30421847,114.18057377,6.59749077,-60.47522933,0.86296288,1.96098196,17.25080632,19.31392444,1.32068741,-0.27324436,0.45801044,0.01293318
1732337412.84292698,2341,535812.84292698,22.30421914,114.18057346,6.59077679,-60.43858802,1.09226740,1.77131802,17.21904960,19.38754158,1.31397329,-0.26310738,0.46287463,0.01350308
1732337413.04299450,2341,535813.04299450,22.30421980,114.18057306,6.60053018,-60.43256504,1.31653105,2.17011206,17.17780485,19.46052405,1.32372657,-0.26592335,0.43892365,0.01918311
1732337413.24317026,2341,535813.24317026,22.30422065,114.18057251,6.60179596,-60.37743850,1.68853212,2.57884294,17.12139355,19.55486199,1.32499221,-0.20548411,0.41093127,0.01404571
1732337413.44333148,2341,535813.44333148,22.30422134,114.18057205,6.60927201,-60.34920672,1.35100558,2.55678653,17.07409414,19.63145097,1.33246815,-0.21945626,0.40616330,0.01091700
1732337413.64350319,2341,535813.64350319,22.30422210,114.18057173,6.61088530,-60.32499709,1.19461028,2.45667152,17.04084904,19.71529589,1.33408127,-0.19566283,0.43284920,0.00902257
1732337413.84367895,2341,535813.84367895,22.30422301,114.18057107,6.61100754,-60.24931454,1.07830110,2.38386613,16.97242803,19.81576927,1.33420338,-0.19525130,0.41802963,0.02190001
1732337414.04385376,2341,535814.04385376,22.30422373,114.18057079,6.61438692,-60.24186382,0.80798213,2.39961065,16.94379380,19.89548115,1.33758259,-0.17931150,0.43286441,0.02003607
1732337414.24401999,2341,535814.24401999,22.30422473,114.18057023,6.61909217,-60.24102616,0.61716683,2.32103143,16.88624340,20.00662594,1.34228763,-0.24693102,0.41631530,0.01166494
1732337414.44431925,2341,535814.44431925,22.30422546,114.18056986,6.60681215,-60.08328138,0.60668763,2.31322079,16.84756813,20.08717722,1.33000747,-0.19576837,0.39767628,0.01016950
1732337414.64435148,2341,535814.64435148,22.30422639,114.18056934,6.62989624,-60.02110766,0.55676992,2.11165196,16.79412752,20.19078652,1.35309137,-0.23440239,0.39711328,0.01276783
1732337414.84453940,2341,535814.84453940,22.30422704,114.18056894,6.61903405,-59.89480404,0.55545610,2.07654028,16.75328154,20.26271498,1.34222906,-0.24346089,0.40187959,0.01231831
1732337415.04472613,2341,535815.04472613,22.30422790,114.18056855,6.62331873,-59.83124050,0.59839208,1.81298282,16.71257475,20.35753352,1.34651354,-0.24860455,0.42408190,0.00523980
1732337415.24495006,2341,535815.24495006,22.30422856,114.18056813,6.62387733,-59.81612112,0.80423051,1.86194723,16.66978932,20.43096701,1.34707201,-0.24819475,0.42640894,0.01059994
1732337415.44505024,2341,535815.44505024,22.30422939,114.18056762,6.62172203,-59.70972778,0.89576463,1.86235182,16.61710915,20.52294660,1.34491655,-0.20615225,0.39453926,0.01763879
1732337415.64524221,2341,535815.64524221,22.30422998,114.18056736,6.63844282,-59.69837901,0.90819180,2.10513928,16.59075278,20.58833392,1.36163720,-0.20489161,0.43254655,0.01578968
1732337415.84541464,2341,535815.84541464,22.30423104,114.18056695,6.63823557,-59.65051763,0.87774447,1.91490445,16.54844803,20.70537357,1.36142968,-0.21552766,0.45821652,0.01870467
1732337416.04566956,2341,535816.04566956,22.30423166,114.18056649,6.64763660,-59.64995416,0.79592020,2.01318379,16.50052932,20.77364067,1.37083062,-0.23292098,0.46413744,0.00792583
1732337416.24574757,2341,535816.24574757,22.30423246,114.18056592,6.63907883,-59.63222883,0.85380681,1.82362973,16.44199798,20.86291056,1.36227270,-0.27818902,0.41587116,0.00786881
1732337416.44590712,2341,535816.44590712,22.30423314,114.18056550,6.64425018,-59.63741109,1.01970266,2.22844430,16.39851632,20.93839629,1.36744391,-0.23368635,0.40230853,0.00661126
1732337416.64609861,2341,535816.64609861,22.30423395,114.18056512,6.64621018,-59.64401842,0.93729302,2.21480679,16.35900341,21.02760882,1.36940372,-0.23292143,0.44417769,0.00919601
1732337416.84627771,2341,535816.84627771,22.30423470,114.18056470,6.64661300,-59.63103001,1.01986542,2.20731746,16.31603882,21.11086000,1.36980637,-0.24958418,0.45647619,-0.00420988
1732337417.04643416,2341,535817.04643416,22.30423545,114.18056416,6.64990168,-59.58874879,1.10850551,2.19197301,16.26062844,21.19363023,1.37309492,-0.23210778,0.45131781,0.00464259
1732337417.24669456,2341,535817.24669456,22.30423619,114.18056378,6.65185290,-59.57191592,1.09469017,2.36590144,16.22111076,21.27534057,1.37504596,-0.23107719,0.44091178,0.01742942
1732337417.44678450,2341,535817.44678450,22.30423710,114.18056318,6.65064103,-59.56617896,1.04912179,2.47136526,16.15935377,21.37692739,1.37383391,-0.22843437,0.40893138,0.01586365
1732337417.64696598,2341,535817.64696598,22.30423771,114.18056281,6.65573200,-59.54786239,1.13890532,2.42647831,16.12139258,21.44448164,1.37892475,-0.26584850,0.43921114,0.00412292
1732337417.84712839,2341,535817.84712839,22.30423843,114.18056228,6.65441029,-59.48035359,1.05182064,2.49249472,16.06641835,21.52325283,1.37760291,-0.24504287,0.42878290,-0.00007358
1732337418.04730368,2341,535818.04730368,22.30423932,114.18056192,6.65112217,-59.60848210,1.04627929,2.47663946,16.02931721,21.62225920,1.37431455,-0.21116870,0.45343154,0.01270213
1732337418.24748278,2341,535818.24748278,22.30424013,114.18056121,6.65663003,-59.97666036,0.96294566,2.29917155,15.95633815,21.71173862,1.37982229,-0.15474553,0.46477245,0.01940763
1732337418.44774818,2341,535818.44774818,22.30424089,114.18056104,6.65657674,-60.88255065,1.05877099,2.20629883,15.93882417,21.79630576,1.37976874,-0.25898908,0.44599238,0.01455892
1732337418.64782476,2341,535818.64782476,22.30424158,114.18056032,6.66566733,-61.73295848,1.08721824,2.47115376,15.86443050,21.87203510,1.38885927,-0.21286585,0.45482314,0.01313330
1732337418.84798527,2341,535818.84798527,22.30424239,114.18055998,6.65862453,-63.07552510,1.07681275,2.47354745,15.82990125,21.96215157,1.38181623,-0.20180395,0.42950287,0.00552664
1732337419.04815626,2341,535819.04815626,22.30424318,114.18055969,6.65085933,-64.58068254,1.29038553,2.21634537,15.79995348,22.04992882,1.37405081,-0.18683615,0.37391531,0.01881383
1732337419.24833155,2341,535819.24833155,22.30424389,114.18055960,6.66793520,-66.41374835,1.56717339,2.07356418,15.79044131,22.12837701,1.39112643,-0.14115147,0.47542236,0.00501295
1732337419.44851565,2341,535819.44851565,22.30424475,114.18055912,6.67065361,-68.30108351,1.38403282,2.04943676,15.74106705,22.22383836,1.39384463,-0.18744714,0.45609102,0.01603011
1732337419.64868999,2341,535819.64868999,22.30424550,114.18055874,6.67254210,-69.91547650,1.65737024,2.26172544,15.70173582,22.30633878,1.39573292,-0.13976283,0.45077409,0.01292441
1732337419.84883833,2341,535819.84883833,22.30424628,114.18055835,6.68512679,-71.59390125,1.44276726,2.35014172,15.66201681,22.39287467,1.40831740,-0.08600943,0.44847687,0.02918351
1732337420.04901886,2341,535820.04901886,22.30424726,114.18055818,6.67808481,-73.44164410,1.34202812,1.90899515,15.64481993,22.50104006,1.40127509,-0.09233612,0.41207604,0.00495200
1732337420.24919415,2341,535820.24919415,22.30424810,114.18055799,6.68027467,-74.99409019,1.72521522,1.84414858,15.62508385,22.59501506,1.40346466,-0.10908257,0.49831146,0.00606765
1732337420.44936752,2341,535820.44936752,22.30424891,114.18055775,6.69523821,-76.53954551,1.31610214,2.20356985,15.59961131,22.68412910,1.41842794,-0.05853844,0.49257374,0.02084981
1732337420.64954233,2341,535820.64954233,22.30424994,114.18055746,6.69098261,-77.36305369,1.21699311,2.05842682,15.57039806,22.79770503,1.41417201,-0.06854122,0.47629306,0.00800416
1732337420.84988141,2341,535820.84988141,22.30425076,114.18055744,6.69659621,-78.55317048,0.98434199,1.98957605,15.56779185,22.88859277,1.41978529,-0.08538974,0.46209488,0.02013745
1732337421.04989433,2341,535821.04989433,22.30425151,114.18055726,6.69280273,-79.99532300,1.27402233,1.73793720,15.55003021,22.97240848,1.41599155,-0.08754801,0.51642119,0.01886029
1732337421.25005579,2341,535821.25005579,22.30425237,114.18055720,6.68256439,-81.69618872,2.02374678,1.81900450,15.54309747,23.06689938,1.40575289,-0.10378050,0.54816915,0.00453498
1732337421.45023489,2341,535821.45023489,22.30425324,114.18055705,6.70109458,-83.46931685,1.91215057,2.02052295,15.52795396,23.16369972,1.42428276,-0.01694690,0.46890119,0.01815181
1732337421.65040255,2341,535821.65040255,22.30425402,114.18055698,6.70976819,-85.40970122,1.73956573,1.86166836,15.52127384,23.25016203,1.43295606,-0.00768923,0.47755914,0.01971795
1732337421.85056305,2341,535821.85056305,22.30425498,114.18055698,6.69543339,-87.34964596,1.98551725,1.69199879,15.52117061,23.35622259,1.41862088,-0.01047054,0.47389894,0.01394148
1732337422.05075359,2341,535822.05075359,22.30425573,114.18055704,6.70196637,-89.23871639,2.15402182,1.59372900,15.52733427,23.43925162,1.42515354,0.01858714,0.50002715,0.02149189
1732337422.25091982,2341,535822.25091982,22.30425661,114.18055699,6.71767635,-91.22263712,2.15300367,1.71058594,15.52134647,23.53722110,1.44086317,0.05659249,0.50490204,0.03459783
1732337422.45117283,2341,535822.45117283,22.30425754,114.18055699,6.71723694,-93.41081583,2.13161190,1.69068912,15.52145875,23.63958505,1.44042338,0.04046579,0.46131400,0.01950424
1732337422.65126276,2341,535822.65126276,22.30425833,114.18055711,6.72711667,-95.53371204,2.06688066,1.48367962,15.53390885,23.72766579,1.45030275,0.10173173,0.42901784,0.02098662
1732337422.85143423,2341,535822.85143423,22.30425918,114.18055731,6.72234829,-97.83994953,2.30398131,1.28688862,15.55525261,23.82198580,1.44553396,0.11585602,0.46993952,0.03263095
1732337423.05159998,2341,535823.05159998,22.30426006,114.18055747,6.73099353,-100.50820027,2.21102177,1.26446261,15.57171732,23.91892134,1.45417880,0.13055596,0.45327309,0.02713048
1732337423.25176907,2341,535823.25176907,22.30426093,114.18055757,6.73905562,-103.44316529,2.29184503,1.10675917,15.58162539,24.01553390,1.46224050,0.13359855,0.45896799,0.01883604
1732337423.45195150,2341,535823.45195150,22.30426175,114.18055808,6.74320329,-105.93568218,2.24321056,1.03619794,15.63421469,24.10589099,1.46638770,0.17733261,0.41127097,0.02098789
1732337423.65213346,2341,535823.65213346,22.30426258,114.18055835,6.73825353,-108.82690302,1.96155105,0.86858249,15.66219544,24.19838456,1.46143752,0.17838958,0.40307655,0.02194379
1732337423.85227966,2341,535823.85227966,22.30426349,114.18055866,6.74569453,-111.89662574,2.09951684,0.54366977,15.69420609,24.29902156,1.46887806,0.20055359,0.43971223,0.02491871
1732337424.05246878,2341,535824.05246878,22.30426409,114.18055912,6.75665041,-114.75092848,1.95009268,0.25555408,15.74146744,24.36482802,1.47983357,0.22190577,0.43123361,0.02563299
1732337424.25265598,2341,535824.25265598,22.30426512,114.18055954,6.75646924,-117.58879083,1.88898359,0.27312230,15.78497085,24.47966296,1.47965184,0.23020987,0.41575106,0.00734893
1732337424.45280337,2341,535824.45280337,22.30426568,114.18056011,6.76518506,-120.05346890,1.89907614,0.19756763,15.84349898,24.54130008,1.48836729,0.21512324,0.39982947,0.01933268
1732337424.65298700,2341,535824.65298700,22.30426653,114.18056060,6.76668434,-122.62029744,1.98954045,-0.06450019,15.89358863,24.63546561,1.48986607,0.23858337,0.38856085,0.02438936
1732337424.85316300,2341,535824.85316300,22.30426708,114.18056109,6.76822663,-124.52301279,2.19771638,-0.14745838,15.94450703,24.69666746,1.49140800,0.26627023,0.39098906,0.03574516
1732337425.05332828,2341,535825.05332828,22.30426795,114.18056168,6.77815084,-125.76011161,2.34934204,-0.07816960,16.00474334,24.79239715,1.50133169,0.25348568,0.35226786,0.01176197
1732337425.25359964,2341,535825.25359964,22.30426852,114.18056223,6.78130507,-126.51329305,2.20887014,-0.28658825,16.06217300,24.85521135,1.50448552,0.27111946,0.33541199,0.01175355
1732337425.45368052,2341,535825.45368052,22.30426912,114.18056295,6.78715101,-127.22460174,2.20319084,-0.54204246,16.13613115,24.92163238,1.51033101,0.29549661,0.32722811,0.01474763
1732337425.65384197,2341,535825.65384197,22.30426976,114.18056361,6.78366790,-127.88041903,2.12170492,-0.74317416,16.20437010,24.99280372,1.50684745,0.33273810,0.35122585,0.02012567
1732337425.85402060,2341,535825.85402060,22.30427049,114.18056425,6.77732681,-128.32996631,2.15929823,-0.49416553,16.26949453,25.07334994,1.50050588,0.35555014,0.36832671,0.01140195
1732337426.05420351,2341,535826.05420351,22.30427112,114.18056485,6.78956490,-128.54592076,2.05217167,-0.34987860,16.33147702,25.14327364,1.51274354,0.35506695,0.36534150,0.01168048
1732337426.25436592,2341,535826.25436592,22.30427186,114.18056539,6.79391027,-128.64625693,2.03427966,-0.27226411,16.38770420,25.22534276,1.51708843,0.34989992,0.34589159,0.01499715
1732337426.45453691,2341,535826.45453691,22.30427244,114.18056606,6.79558548,-128.72925762,1.94486127,-0.46547347,16.45639066,25.28940350,1.51876321,0.35283832,0.38084183,0.02278006
1732337426.65470815,2341,535826.65470815,22.30427318,114.18056668,6.80149740,-128.73111932,1.97053513,-0.40339943,16.52002431,25.37213999,1.52467464,0.34276675,0.38442594,0.02341036
1732337426.85487747,2341,535826.85487747,22.30427377,114.18056730,6.79322890,-128.77934647,2.02487039,-0.33917399,16.58400280,25.43745524,1.51640571,0.32122878,0.41320507,0.03037409
1732337427.05505371,2341,535827.05505371,22.30427448,114.18056785,6.80752409,-128.86443682,2.30806747,-0.33797635,16.64044651,25.51517234,1.53070044,0.34284210,0.40950144,0.02329011
1732337427.25533128,2341,535827.25533128,22.30427508,114.18056840,6.81514756,-128.86327469,2.44185728,-0.26457967,16.69795856,25.58235368,1.53832349,0.33503219,0.39609309,0.03529781
1732337427.45549345,2341,535827.45549345,22.30427570,114.18056903,6.82403768,-128.88524778,2.41556144,0.00724318,16.76239265,25.65074865,1.54721317,0.35178573,0.34227125,0.01703128
1732337427.65556836,2341,535827.65556836,22.30427639,114.18056957,6.83654790,-128.89216297,2.36444533,-0.04709329,16.81806958,25.72733960,1.55972293,0.32768799,0.32127822,0.02311637
1732337427.85574198,2341,535827.85574198,22.30427709,114.18057029,6.82376402,-128.88557508,2.38734090,-0.35945438,16.89231340,25.80508599,1.54693854,0.34144894,0.37180166,0.03157268
1732337428.05592561,2341,535828.05592561,22.30427756,114.18057095,6.83473859,-128.86219210,2.42719475,-0.37788528,16.96016070,25.85729381,1.55791271,0.34362009,0.34058576,0.02774204
1732337428.25608683,2341,535828.25608683,22.30427826,114.18057150,6.83653243,-128.95160121,2.23354200,-0.28614317,17.01721643,25.93395573,1.55970609,0.38419011,0.34744572,0.02480486
1732337428.45624948,2341,535828.45624948,22.30427919,114.18057211,6.85061704,-128.94096881,2.24461359,-0.03878861,17.08022661,26.03689924,1.57379011,0.33621525,0.35252179,0.01581171
1732337428.65643716,2341,535828.65643716,22.30427982,114.18057275,6.84599085,-128.92819770,1.86203509,0.01089178,17.14561627,26.10676677,1.56916346,0.28836562,0.32926123,0.01409390
1732337428.85661983,2341,535828.85661983,22.30428046,114.18057346,6.85046727,-128.87377080,1.90154559,-0.29626349,17.21852488,26.17767582,1.57363939,0.32430607,0.34187286,0.01708754
1732337429.05677843,2341,535829.05677843,22.30428103,114.18057414,6.85107870,-128.83344582,2.00771144,-0.35169393,17.28870287,26.24087000,1.57425037,0.32233618,0.34670242,0.01542078
1732337429.25694847,2341,535829.25694847,22.30428179,114.18057471,6.84656363,-128.96134281,2.06778259,-0.03641523,17.34814451,26.32490240,1.56973479,0.34345575,0.35372953,0.02891506
1732337429.45713377,2341,535829.45713377,22.30428238,114.18057531,6.85926618,-128.89956398,1.95200137,0.06468267,17.40932878,26.39059458,1.58243690,0.35815185,0.35050251,0.01849887
1732337429.65730071,2341,535829.65730071,22.30428315,114.18057598,6.86847062,-128.89093371,1.65159517,-0.13533245,17.47851623,26.47525052,1.59164080,0.31895920,0.37792845,0.02301742
1732337429.85746694,2341,535829.85746694,22.30428390,114.18057659,6.87533098,-128.82804550,1.54067632,-0.10038943,17.54134542,26.55858870,1.59850064,0.32695500,0.35009249,0.02210244
1732337430.05765200,2341,535830.05765200,22.30428460,114.18057726,6.88009660,-128.83265622,1.36734263,-0.03082284,17.60994625,26.63674592,1.60326574,0.32541197,0.34656146,0.01294522
1732337430.25781298,2341,535830.25781298,22.30428523,114.18057801,6.87368746,-128.87570654,1.29713691,-0.18710077,17.68725491,26.70631781,1.59685609,0.34288903,0.39258978,0.01059516
1732337430.45808268,2341,535830.45808268,22.30428593,114.18057852,6.88192309,-128.90226765,1.35001541,-0.05211326,17.74009554,26.78407682,1.60509125,0.30894659,0.40533925,0.01254618
1732337430.65823841,2341,535830.65823841,22.30428654,114.18057911,6.89341670,-128.91687636,1.47838311,-0.09016039,17.80103395,26.85102418,1.61658441,0.34799766,0.42226808,0.00825723
1732337430.85833597,2341,535830.85833597,22.30428737,114.18057970,6.88245610,-128.79795096,1.39554944,0.08101887,17.86147180,26.94275007,1.60562325,0.28237420,0.38418008,0.00909856
1732337431.05848980,2341,535831.05848980,22.30428790,114.18058032,6.88253179,-128.75439320,1.55987850,-0.03092852,17.92590921,27.00217838,1.60569851,0.30666873,0.39779391,0.02777101
1732337431.25867534,2341,535831.25867534,22.30428837,114.18058097,6.88732119,-128.63043064,1.92636900,-0.26850787,17.99249288,27.05355897,1.61048750,0.31136501,0.37786812,0.02957496
1732337431.45884824,2341,535831.45884824,22.30428892,114.18058152,6.88668455,-128.53966844,2.08482344,-0.05611497,18.04916871,27.11415056,1.60985044,0.31438231,0.37459214,0.01946401
1732337431.65902495,2341,535831.65902495,22.30428970,114.18058216,6.89954438,-128.56525936,1.97490410,0.05656445,18.11491694,27.20152813,1.62270972,0.34516854,0.33788983,0.00486138
1732337431.85919142,2341,535831.85919142,22.30429043,114.18058272,6.90493521,-128.53202812,1.71730394,-0.00344177,18.17278936,27.28148864,1.62810004,0.31725034,0.34114195,0.01793784
1732337432.05936098,2341,535832.05936098,22.30429099,114.18058323,6.89629491,-128.50159405,1.71935285,-0.00744955,18.22580864,27.34432305,1.61945931,0.33848542,0.37161347,0.01421353
1732337432.25954676,2341,535832.25954676,22.30429172,114.18058398,6.90937981,-128.39627685,1.70397403,-0.04213463,18.30280096,27.42437086,1.63254365,0.35347766,0.33365796,0.01557658
1732337432.45970297,2341,535832.45970297,22.30429253,114.18058463,6.90963201,-128.42427162,1.41900726,0.23637569,18.36957535,27.51434966,1.63279526,0.36143061,0.35610875,0.01159827
1732337432.65987873,2341,535832.65987873,22.30429325,114.18058526,6.91818526,-128.38665368,1.30992066,0.41291894,18.43469925,27.59389900,1.64134798,0.31577305,0.36721219,0.01265406
1732337432.86015916,2341,535832.86015916,22.30429390,114.18058582,6.91088920,-128.38980122,1.09050168,0.34132522,18.49292489,27.66611854,1.63405144,0.27474914,0.40674997,0.02546163
1732337433.06029081,2341,535833.06029081,22.30429453,114.18058632,6.92522943,-128.30322927,1.35513903,0.17154307,18.54387410,27.73574251,1.64839121,0.32145936,0.40508420,0.01409970
1732337433.26039863,2341,535833.26039863,22.30429516,114.18058699,6.92997298,-128.25035470,1.40192836,0.21918250,18.61277689,27.80570066,1.65313426,0.29114355,0.39567467,0.01693160
1732337433.46057820,2341,535833.46057820,22.30429591,114.18058751,6.91302830,-128.28478598,1.49935098,0.44316158,18.66607400,27.88847473,1.63618907,0.29795446,0.42849670,0.01281683
1732337433.66074133,2341,535833.66074133,22.30429649,114.18058801,6.93964587,-128.19527018,1.61206012,0.44092964,18.71843295,27.95347646,1.66280619,0.30305857,0.39374931,0.00419494
1732337433.86091280,2341,535833.86091280,22.30429709,114.18058871,6.94214961,-128.12212466,1.33106126,0.29672198,18.79018070,28.01919160,1.66530943,0.28778361,0.38647257,0.02753046
1732337434.06117868,2341,535834.06117868,22.30429788,114.18058932,6.93730576,-128.01520117,1.59240809,0.08861470,18.85339205,28.10727788,1.66046501,0.27944549,0.39396101,0.02327868
1732337434.26126432,2341,535834.26126432,22.30429844,114.18058989,6.94757515,-127.94360349,1.75996022,0.17747121,18.91228847,28.16875677,1.67073395,0.28537066,0.35332854,0.01602276
1732337434.46142340,2341,535834.46142340,22.30429907,114.18059040,6.94745368,-127.92096569,1.79989859,0.09648620,18.96484339,28.23854345,1.67061201,0.29132889,0.36436995,0.01823171
1732337434.66160154,2341,535834.66160154,22.30429976,114.18059096,6.94397018,-127.86184731,1.85009497,0.16433371,19.02214884,28.31521691,1.66712799,0.30473895,0.32853215,0.01317953
1732337434.86176515,2341,535834.86176515,22.30430035,114.18059157,6.96253266,-127.80440639,1.89871500,0.06811207,19.08470814,28.38026198,1.68569001,0.34093572,0.29952316,0.00140628
1732337435.06195068,2341,535835.06195068,22.30430098,114.18059240,6.96907563,-127.66652799,1.76092494,-0.00899371,19.17084832,28.45000314,1.69223240,0.33157744,0.30593295,0.01403677
1732337435.26212931,2341,535835.26212931,22.30430176,114.18059298,6.95525672,-127.56769981,1.34229128,-0.05102388,19.23033159,28.53646348,1.67841292,0.32048664,0.33134290,0.02574601
1732337435.46232843,2341,535835.46232843,22.30430234,114.18059364,6.96231277,-127.48812402,1.27711068,-0.11549261,19.29839300,28.60105776,1.68546848,0.33357852,0.34190156,0.01179501
1732337435.66246724,2341,535835.66246724,22.30430323,114.18059434,6.96372630,-127.45088977,0.92774563,0.04433579,19.36996912,28.69973015,1.68688134,0.29321447,0.32581098,0.00947156
1732337435.86264038,2341,535835.86264038,22.30430394,114.18059499,6.95706834,-127.38230985,0.92579436,-0.31366422,19.43776969,28.77818821,1.68022283,0.30132189,0.38676738,0.01889915
1732337436.06281352,2341,535836.06281352,22.30430456,114.18059558,6.96314707,-127.35159318,0.98788282,-0.54046451,19.49777665,28.84630317,1.68630106,0.29614244,0.39373079,0.01751809
1732337436.26297045,2341,535836.26297045,22.30430519,114.18059615,6.96930114,-127.34926450,1.10650853,-0.38971738,19.55653532,28.91623923,1.69245464,0.29807747,0.40509426,0.00860212
1732337436.46316123,2341,535836.46316123,22.30430586,114.18059681,6.97530619,-127.29374507,1.08575616,-0.47340572,19.62476409,28.99035260,1.69845914,0.25736472,0.38607505,0.00331337
1732337436.66332340,2341,535836.66332340,22.30430650,114.18059729,6.97779168,-127.19986506,1.28345916,-0.53723274,19.67454149,29.06147914,1.70094415,0.22314851,0.39545274,0.00971148
1732337436.86358690,2341,535836.86358690,22.30430710,114.18059793,6.97768706,-127.16942848,1.45400811,-0.74225017,19.74022668,29.12746237,1.70083902,0.27880557,0.41260811,0.01593808
1732337437.06369162,2341,535837.06369162,22.30430773,114.18059846,6.98153988,-127.18998912,1.47344287,-0.91865345,19.79515620,29.19746559,1.70469135,0.29908453,0.43374438,0.02130896
1732337437.26383233,2341,535837.26383233,22.30430836,114.18059913,6.98027587,-127.11305702,1.73063990,-0.98880304,19.86343992,29.26723103,1.70342680,0.28216649,0.46008370,0.02132284
1732337437.46408057,2341,535837.46408057,22.30430907,114.18059959,6.99375316,-126.98365924,1.92546660,-0.73681305,19.91136710,29.34623835,1.71690358,0.27055696,0.36741733,0.00873832
1732337437.66418862,2341,535837.66418862,22.30430972,114.18060026,6.98512201,-126.95844608,1.92865814,-0.78664819,19.97990918,29.41785399,1.70827188,0.29041531,0.38620125,0.01707310
1732337437.86434698,2341,535837.86434698,22.30431032,114.18060080,6.99953520,-126.93826422,2.11318462,-0.99763044,20.03644842,29.48479851,1.72268459,0.35328941,0.33583474,0.01440247
1732337438.06458354,2341,535838.06458354,22.30431102,114.18060131,6.99713764,-126.91413451,2.07683859,-0.92032659,20.08825289,29.56145970,1.72028651,0.33621373,0.36946953,0.02935978
1732337438.26469517,2341,535838.26469517,22.30431175,114.18060187,7.00469388,-126.92929517,1.86904895,-0.73340619,20.14623275,29.64268144,1.72784218,0.35088777,0.36005876,0.02744910
1732337438.46485567,2341,535838.46485567,22.30431251,114.18060257,7.00319300,-126.59506866,1.65580861,-0.49356114,20.21802816,29.72684866,1.72634068,0.34235950,0.32462444,0.01795121
1732337438.66505909,2341,535838.66505909,22.30431327,114.18060334,7.00874827,-126.23055279,1.50395209,-0.84368504,20.29761531,29.81081075,1.73189531,0.32898528,0.37923499,0.02663616
1732337438.86523342,2341,535838.86523342,22.30431396,114.18060368,7.00951048,-126.05625702,1.72790928,-0.72720270,20.33261160,29.88713570,1.73265704,0.32676250,0.38869914,0.02182680
1732337439.06537318,2341,535839.06537318,22.30431466,114.18060439,7.02213744,-125.62041755,1.62417509,-0.72737983,20.40593404,29.96466247,1.74528341,0.34194310,0.35537227,-0.00119752
1732337439.26557350,2341,535839.26557350,22.30431534,114.18060497,7.02654105,-124.66768731,1.47830794,-0.59558863,20.46617428,30.04016214,1.74968647,0.31425342,0.35275732,0.01011481
1732337439.46574688,2341,535839.46574688,22.30431612,114.18060557,7.01986687,-124.11453213,1.32113713,-0.61021363,20.52775080,30.12650502,1.74301168,0.30087460,0.37680408,0.01157060
1732337439.66590834,2341,535839.66590834,22.30431672,114.18060630,7.01976980,-122.81918093,1.37953089,-0.64608950,20.60227421,30.19259486,1.74291405,0.31269599,0.41095223,0.01502985
1732337439.86608315,2341,535839.86608315,22.30431759,114.18060680,7.02852019,-122.38286364,1.34215050,-0.65281850,20.65449925,30.28935151,1.75166382,0.30038576,0.40027274,0.01591934
1732337440.06627703,2341,535840.06627703,22.30431824,114.18060743,7.03512756,-121.24370296,1.26916458,-0.51550480,20.71892737,30.36110406,1.75827063,0.28060521,0.40933529,0.01220456
1732337440.26648426,2341,535840.26648426,22.30431919,114.18060795,7.03813351,-120.12662969,1.22104108,-0.57096149,20.77236854,30.46676712,1.76127591,0.25075505,0.43067016,0.01860171
1732337440.46659803,2341,535840.46659803,22.30431971,114.18060840,7.04780631,-119.52142139,1.39557279,-0.70549105,20.81933098,30.52462573,1.77094827,0.22045684,0.43311331,0.01070505
1732337440.66677380,2341,535840.66677380,22.30432029,114.18060885,7.03899513,-118.39350074,1.55891752,-0.59881001,20.86520559,30.58863076,1.76213664,0.24580706,0.42878435,0.00769752
1732337440.86694336,2341,535840.86694336,22.30432108,114.18060945,7.04057089,-118.02471785,1.65368587,-0.65783070,20.92689889,30.67574295,1.76371178,0.26289287,0.44692662,0.00876613
1732337441.06711149,2341,535841.06711149,22.30432178,114.18060988,7.04540099,-117.01061371,1.62343387,-0.68118919,20.97128758,30.75312778,1.76854136,0.24875065,0.43145395,0.01044755
1732337441.26728964,2341,535841.26728964,22.30432258,114.18061035,7.04945590,-116.42060839,1.76188651,-0.57310605,21.02053136,30.84211038,1.77259566,0.24963927,0.45828388,0.01185065
1732337441.46756339,2341,535841.46756339,22.30432327,114.18061083,7.05436824,-115.90353948,1.70732505,-0.60214879,21.06958425,30.91849733,1.77750748,0.20880581,0.42308668,0.02449144
1732337441.66762590,2341,535841.66762590,22.30432401,114.18061126,7.05806190,-115.51418563,1.81962032,-0.59102549,21.11330091,31.00000642,1.78120059,0.20260773,0.47409705,0.02710356
1732337441.86780071,2341,535841.86780071,22.30432480,114.18061158,7.06495059,-115.12001806,1.93875886,-0.50759333,21.14652787,31.08823682,1.78808874,0.19493428,0.41977448,0.02223637
1732337442.06797743,2341,535842.06797743,22.30432548,114.18061205,7.06569598,-114.93924595,2.12634851,-0.46988644,21.19537839,31.16339433,1.78883360,0.22286860,0.42421524,0.02454344
1732337442.26814914,2341,535842.26814914,22.30432625,114.18061248,7.07095846,-114.61233950,2.21082005,-0.61055629,21.23909975,31.24878380,1.79409552,0.23849030,0.41577351,0.02176982
1732337442.46831155,2341,535842.46831155,22.30432701,114.18061300,7.07076374,-114.39966287,1.93961352,-0.51354889,21.29350163,31.33235641,1.79390020,0.20374399,0.42166615,0.03468224
1732337442.66849923,2341,535842.66849923,22.30432775,114.18061325,7.07601538,-114.16951265,2.11657397,-0.54085880,21.31933891,31.41463851,1.79915135,0.20935369,0.44773972,0.03908827
1732337442.86868525,2341,535842.86868525,22.30432858,114.18061370,7.08320766,-113.84886285,2.02310136,-0.16459956,21.36552484,31.50612402,1.80634302,0.20233727,0.38764594,0.01943357
1732337443.06882954,2341,535843.06882954,22.30432949,114.18061421,7.10259115,-113.18401686,1.98399351,-0.39645392,21.41750339,31.60756361,1.82572583,0.20081741,0.41604810,0.02816390
1732337443.26901722,2341,535843.26901722,22.30433023,114.18061461,7.10680118,-111.59239560,2.19566564,-0.43960412,21.45861912,31.68902961,1.82993532,0.15294169,0.45370209,0.02999265
1732337443.46918154,2341,535843.46918154,22.30433094,114.18061503,7.09651385,-109.62853063,2.39067324,-0.31099643,21.50233321,31.76793489,1.81964745,0.19472456,0.47763518,0.02256685
1732337443.66935992,2341,535843.66935992,22.30433180,114.18061527,7.11253420,-108.53585385,2.44630592,-0.39098254,21.52737537,31.86348410,1.83566723,0.14748133,0.48259869,0.03476282
1732337443.86953402,2341,535843.86953402,22.30433245,114.18061557,7.11791437,-107.69200570,2.52503905,-0.14480198,21.55758781,31.93533743,1.84104694,0.18202202,0.41503856,0.02117269
1732337444.06970739,2341,535844.06970739,22.30433339,114.18061588,7.12498540,-107.03588783,2.53419873,-0.26567172,21.58975645,32.03898524,1.84811734,0.14021055,0.41123051,0.02772988
1732337444.26997972,2341,535844.26997972,22.30433422,114.18061621,7.11567411,-106.08800605,2.43645680,-0.15070008,21.62432937,32.13105929,1.83880546,0.17714293,0.43450548,0.02169965
1732337444.47004747,2341,535844.47004747,22.30433493,114.18061660,7.12826723,-105.45778377,2.46604584,-0.30212751,21.66367507,32.20943274,1.85139805,0.14837700,0.46903285,0.02236293
1732337444.67030287,2341,535844.67030287,22.30433582,114.18061677,7.12797062,-104.94826376,2.38808358,-0.01165245,21.68122674,32.30809291,1.85110088,0.16109125,0.44888131,0.03365015
1732337444.87050056,2341,535844.87050056,22.30433670,114.18061698,7.14036564,-104.51172353,2.28396439,-0.14352968,21.70356043,32.40524906,1.86349533,0.13126010,0.42090792,0.02674272
1732337445.07067728,2341,535845.07067728,22.30433745,114.18061741,7.14382763,-104.08241056,2.54565714,-0.13785553,21.74799733,32.48860380,1.86695674,0.16828258,0.42938667,0.03568408
1732337445.27072930,2341,535845.27072930,22.30433836,114.18061766,7.13809782,-103.72326882,2.21921877,-0.14586450,21.77285769,32.58911407,1.86122633,0.15892899,0.42255595,0.02635170
1732337445.47097707,2341,535845.47097707,22.30433924,114.18061822,7.15083191,-103.47370925,2.22361346,-0.18325587,21.83107834,32.68655927,1.87395972,0.12625076,0.43326434,0.02344221
1732337445.67108059,2341,535845.67108059,22.30433999,114.18061837,7.14967159,-103.21335601,2.30901536,-0.36134779,21.84601324,32.76965592,1.87279893,0.12856709,0.45821981,0.01574023
1732337445.87124968,2341,535845.87124968,22.30434080,114.18061849,7.16139669,-102.98435891,2.23307506,-0.08260462,21.85870534,32.85932980,1.88452352,0.14186698,0.40335942,0.01539135
1732337446.07149816,2341,535846.07149816,22.30434156,114.18061873,7.16471424,-102.62498126,2.34041171,-0.50148642,21.88315609,32.94423106,1.88784054,0.14629925,0.44862055,0.02094312
1732337446.27158546,2341,535846.27158546,22.30434249,114.18061907,7.17109141,-102.40822267,2.26974822,-0.41838940,21.91902810,33.04690802,1.89421705,0.10114591,0.43845895,0.02540210
1732337446.47176313,2341,535846.47176313,22.30434330,114.18061950,7.17118981,-102.26971818,2.36238545,-0.49062589,21.96330414,33.13662190,1.89431483,0.11751810,0.45590065,0.02473672
1732337446.67197394,2341,535846.67197394,22.30434411,114.18061964,7.16754717,-102.07541949,2.37029363,-0.42946608,21.97688277,33.22647620,1.89067167,0.14136632,0.45904408,0.02189933
1732337446.87210989,2341,535846.87210989,22.30434493,114.18061982,7.17649767,-101.99661418,2.22045213,-0.23829408,21.99575628,33.31686397,1.89962164,0.11066409,0.43705479,0.01192684
1732337447.07227325,2341,535847.07227325,22.30434575,114.18062005,7.18958880,-101.77856531,2.41043941,-0.63548086,22.01942456,33.40761031,1.91271221,0.13181592,0.46385044,0.02040711
1732337447.27244759,2341,535847.27244759,22.30434667,114.18062040,7.18051126,-101.71527066,2.27336619,-0.44783784,22.05576628,33.50963939,1.90363401,0.15231835,0.43690253,0.02558409
1732337447.47264767,2341,535847.47264767,22.30434746,114.18062062,7.19730084,-101.63903494,2.38449925,-0.64492625,22.07805998,33.59663977,1.92042305,0.11869115,0.46171595,0.03504034
1732337447.67279339,2341,535847.67279339,22.30434815,114.18062073,7.19856450,-101.60042812,2.41680098,-0.48468142,22.08978345,33.67388099,1.92168626,0.14344110,0.44856569,0.02717690
1732337447.87297678,2341,535847.87297678,22.30434916,114.18062096,7.20188081,-101.53484214,2.34701263,-0.43504737,22.11302046,33.78578227,1.92500189,0.12410655,0.45869726,0.02870694
1732337448.07314634,2341,535848.07314634,22.30434992,114.18062121,7.21539842,-101.45630456,2.57269303,-0.36633852,22.13854315,33.86899148,1.93851897,0.11980702,0.43628290,0.02856812
1732337448.27332067,2341,535848.27332067,22.30435068,114.18062137,7.22277375,-101.41362265,2.61089574,-0.35161433,22.15512574,33.95351351,1.94589379,0.13101981,0.41435989,0.02720819
1732337448.47349143,2341,535848.47349143,22.30435148,114.18062178,7.22278124,-101.36410571,2.55172751,-0.25945473,22.19751211,34.04216994,1.94590066,0.12729747,0.36628963,0.02653772
1732337448.67366362,2341,535848.67366362,22.30435215,114.18062180,7.23494367,-101.29514625,2.57403452,-0.43016147,22.19956979,34.11656441,1.95806269,0.12282844,0.33242209,0.02286914
1732337448.87383080,2341,535848.87383080,22.30435290,114.18062213,7.23868576,-101.28846665,2.53720567,-0.30804903,22.23414662,34.19974347,1.96180420,0.08737420,0.32140411,0.01770399
1732337449.07400656,2341,535849.07400656,22.30435353,114.18062219,7.24375871,-101.29907988,2.57187087,-0.40012989,22.24021203,34.26932873,1.96687676,-0.00010019,0.35016011,0.02187227
1732337449.27417707,2341,535849.27417707,22.30435385,114.18062225,7.25528765,-101.23755425,2.61044546,-0.20409668,22.24572722,34.30502335,1.97840548,-0.03763848,0.29120220,0.01851349
1732337449.47434902,2341,535849.47434902,22.30435412,114.18062224,7.25067374,-101.17864162,2.64745561,-0.17210156,22.24497167,34.33494236,1.97379142,0.03107405,0.24970134,0.01377414
1732337449.67452717,2341,535849.67452717,22.30435460,114.18062234,7.24523658,-101.07558951,2.65363263,-0.18797804,22.25507125,34.38827278,1.96835393,0.06853448,0.21186317,0.00893160
1732337449.87467623,2341,535849.87467623,22.30435512,114.18062254,7.24978174,-101.09829256,2.67103598,-0.24373289,22.27603375,34.44567060,1.97289870,0.05309729,0.21546316,0.01363267
1732337450.07487869,2341,535850.07487869,22.30435542,114.18062262,7.24210909,-101.03945477,2.66329936,-0.22045800,22.28446262,34.47807978,1.96522585,0.07674829,0.18762506,0.00938291
1732337450.27505445,2341,535850.27505445,22.30435593,114.18062268,7.25199223,-100.99351594,2.62924582,-0.25407439,22.29067414,34.53474974,1.97510866,0.11307271,0.13330305,0.00627300
1732337450.47527075,2341,535850.47527075,22.30435639,114.18062284,7.25012473,-100.91638706,2.61811967,-0.24296517,22.30739629,34.58591288,1.97324083,0.12779310,0.10729083,0.00509477
1732337450.67539215,2341,535850.67539215,22.30435685,114.18062298,7.26277212,-100.98665399,2.62312993,-0.36016573,22.32175912,34.63714240,1.98588789,0.10056677,0.10648729,0.00762919
1732337450.87556148,2341,535850.87556148,22.30435733,114.18062299,7.26827126,-100.89421315,2.46675937,-0.38665880,22.32282424,34.68980413,1.99138673,-0.20213544,0.13928037,0.00567963
1732337451.07573366,2341,535851.07573366,22.30435725,114.18062295,7.25910575,-100.92703150,2.63399878,-0.29539245,22.31841667,34.68100880,1.98222129,-0.06780840,0.06722235,0.00212573
1732337451.27600670,2341,535851.27600670,22.30435718,114.18062307,7.25973289,-100.95260264,2.65296870,-0.33960656,22.33105207,34.67294119,1.98284843,-0.04877687,0.04693075,0.00178538
1732337451.47607899,2341,535851.47607899,22.30435722,114.18062301,7.26199178,-100.94841169,2.64595386,-0.32351118,22.32412525,34.67786347,1.98510732,-0.03302486,0.02954020,0.00019603
1732337451.67624044,2341,535851.67624044,22.30435722,114.18062298,7.26633550,-100.92921598,2.64616017,-0.35084895,22.32099805,34.67827808,1.98945105,-0.02170688,0.01713914,-0.00116555
1732337451.87642145,2341,535851.87642145,22.30435714,114.18062306,7.25906249,-100.96892106,2.60218789,-0.28833419,22.32982910,34.66928464,1.98217805,-0.01412635,0.00961712,-0.00106007
1732337452.07659268,2341,535852.07659268,22.30435713,114.18062291,7.25939249,-100.93095894,2.58993117,-0.33580639,22.31426098,34.66810474,1.98250811,-0.00530418,0.00265175,-0.00111076
1732337452.27675438,2341,535852.27675438,22.30435719,114.18062300,7.25775511,-100.93312831,2.62198360,-0.34599994,22.32308733,34.67488962,1.98087067,-0.00108246,-0.00191769,-0.00088389
1732337452.47694349,2341,535852.47694349,22.30435719,114.18062307,7.25263041,-100.96001181,2.59951670,-0.28961952,22.33103788,34.67479816,1.97574594,0.00101539,-0.00644436,0.00050732
1732337452.67712283,2341,535852.67712283,22.30435724,114.18062297,7.26244546,-100.93863735,2.63949267,-0.31375564,22.32008136,34.68027507,1.98556100,0.00438390,-0.01028930,0.00000338
1732337452.87738276,2341,535852.87738276,22.30435713,114.18062305,7.25949451,-100.93855103,2.61535055,-0.32678614,22.32871677,34.66795921,1.98261008,0.00366519,-0.00902652,0.00056736
1732337453.07745409,2341,535853.07745409,22.30435703,114.18062304,7.26172074,-100.95639151,2.60182832,-0.29604274,22.32722144,34.65732796,1.98483637,0.00395570,-0.00578613,0.00048750
1732337453.27763653,2341,535853.27763653,22.30435709,114.18062296,7.26264080,-100.94393406,2.61056380,-0.36449310,22.31937950,34.66305356,1.98575643,0.00466248,-0.00158908,0.00034655
1732337453.47779846,2341,535853.47779846,22.30435711,114.18062301,7.25765665,-100.95023878,2.58123617,-0.33708231,22.32497734,34.66519646,1.98077225,0.00374353,0.00175564,0.00064464
1732337453.67805839,2341,535853.67805839,22.30435715,114.18062311,7.26361697,-100.95097057,2.61416822,-0.34179101,22.33532385,34.67026633,1.98673250,-0.00147651,0.00657833,0.00094686
1732337453.87814283,2341,535853.87814283,22.30435712,114.18062316,7.25841420,-100.96216102,2.58626690,-0.29640214,22.34000451,34.66641875,1.98152974,0.01576724,0.00571085,0.00190121
1732337454.07832527,2341,535854.07832527,22.30435714,114.18062309,7.26223129,-100.95366640,2.59089843,-0.29278009,22.33270926,34.66863592,1.98534685,0.01156372,0.01255374,0.00208122
1732337454.27849269,2341,535854.27849269,22.30435710,114.18062315,7.26135525,-100.92100202,2.61293206,-0.29184659,22.33927995,34.66412694,1.98447081,-0.00971486,0.02225000,0.00215595
1732337454.47866535,2341,535854.47866535,22.30435718,114.18062316,7.25852532,-100.94237266,2.65805640,-0.32786927,22.34042110,34.67341384,1.98164082,0.01140655,0.02396546,0.00351957
1732337454.67883825,2341,535854.67883825,22.30435729,114.18062307,7.25999218,-100.94854736,2.61188948,-0.32984632,22.33055891,34.68576515,1.98310765,0.02300814,0.02405451,0.00410777
1732337454.87905312,2341,535854.87905312,22.30435734,114.18062315,7.25943537,-100.93051261,2.60332441,-0.33613893,22.33901614,34.69136459,1.98255078,0.02474037,0.02896469,0.00592650
1732337455.07916880,2341,535855.07916880,22.30435738,114.18062318,7.26437287,-100.95132452,2.62037240,-0.29122612,22.34152037,34.69598072,1.98748824,0.02945418,0.03347913,0.00611675
1732337455.27934861,2341,535855.27934861,22.30435752,114.18062325,7.26434300,-100.99040096,2.58842024,-0.28024885,22.34901428,34.71067746,1.98745827,0.02529957,0.03644863,0.00785165
1732337455.47962761,2341,535855.47962761,22.30435757,114.18062326,7.26863844,-100.97152421,2.61696757,-0.29499517,22.34996871,34.71609803,1.99175367,0.03515396,0.03908046,0.00683748
1732337455.67969561,2341,535855.67969561,22.30435770,114.18062334,7.26811706,-100.96334429,2.61606022,-0.23441532,22.35819158,34.73130830,1.99123219,0.04119261,0.03963601,0.00866993
1732337455.87987304,2341,535855.87987304,22.30435781,114.18062322,7.27060762,-100.95514822,2.60568888,-0.27928129,22.34582999,34.74285579,1.99372273,0.03695163,0.03160617,0.00747465
1732337456.08014345,2341,535856.08014345,22.30435791,114.18062323,7.27431425,-100.94198584,2.54616358,-0.20086939,22.34703018,34.75402882,1.99742929,0.03876782,0.01974776,0.00503395
1732337456.28020191,2341,535856.28020191,22.30435808,114.18062327,7.27925698,-100.91523939,2.57059753,-0.25459314,22.35161970,34.77331710,2.00237190,-0.03418160,0.02607501,0.00179662
1732337456.48037529,2341,535856.48037529,22.30435804,114.18062328,7.27531021,-100.92423083,2.56661641,-0.22541701,22.35208627,34.76905516,1.99842515,-0.02819518,0.01546501,0.00241279
1732337456.68056631,2341,535856.68056631,22.30435795,114.18062311,7.28130683,-100.91169150,2.57218441,-0.21300880,22.33432539,34.75864033,2.00442189,-0.02244457,0.01146519,-0.00000443
1732337456.88079548,2341,535856.88079548,22.30435797,114.18062322,7.27800581,-100.91574400,2.57286413,-0.25348131,22.34665834,34.76068329,2.00112082,-0.02001822,0.00846891,-0.00028850
1732337457.08089375,2341,535857.08089375,22.30435794,114.18062323,7.27402740,-100.90465053,2.54930292,-0.22399582,22.34747629,34.75761984,1.99714242,-0.01625681,0.00527721,-0.00036350
1732337457.28106380,2341,535857.28106380,22.30435803,114.18062322,7.27718918,-100.91376795,2.56176975,-0.22940215,22.34637481,34.76765143,2.00030415,-0.01366814,0.00245655,-0.00032739
1732337457.48132610,2341,535857.48132610,22.30435793,114.18062325,7.27145932,-100.92753659,2.53458315,-0.25854963,22.34958838,34.75662502,1.99457433,-0.01148792,0.00120470,-0.00016848
1732337457.68142390,2341,535857.68142390,22.30435801,114.18062310,7.27652188,-100.90977076,2.57362165,-0.26470733,22.33421842,34.76485831,1.99963691,-0.00787613,-0.00024005,-0.00090991
1732337457.88158917,2341,535857.88158917,22.30435799,114.18062311,7.27395635,-100.89194470,2.56075167,-0.25642022,22.33438435,34.76291903,1.99707138,-0.00638360,-0.00061709,-0.00088437
1732337458.08176470,2341,535858.08176470,22.30435797,114.18062318,7.26664942,-100.91600644,2.53646246,-0.24056197,22.34212872,34.76144806,1.98976443,-0.00447831,-0.00066188,0.00146870
1732337458.28194284,2341,535858.28194284,22.30435800,114.18062307,7.27229688,-100.88317381,2.53901178,-0.29999654,22.33090150,34.76400147,1.99541192,-0.00188796,-0.00148966,0.00165243
1732337458.48209834,2341,535858.48209834,22.30435796,114.18062317,7.27678517,-100.90108373,2.56627602,-0.25536564,22.34121379,34.76028503,1.99990020,-0.00201590,-0.00103929,0.00151978
1732337458.68238211,2341,535858.68238211,22.30435793,114.18062316,7.26995375,-100.91595183,2.55280326,-0.23056307,22.34006809,34.75666551,1.99306880,-0.00301799,-0.00185845,0.00268979
1732337458.88244152,2341,535858.88244152,22.30435792,114.18062321,7.28275538,-100.90021046,2.60067912,-0.24564097,22.34469040,34.75497788,2.00587042,-0.00326893,-0.00067386,0.00102979
1732337459.08263969,2341,535859.08263969,22.30435795,114.18062311,7.27374274,-100.88211995,2.56825243,-0.25892941,22.33470579,34.75885024,1.99685779,-0.00271447,0.00036668,0.00238682
1732337459.28278589,2341,535859.28278589,22.30435805,114.18062303,7.27037082,-100.88957693,2.56002897,-0.24038016,22.32693705,34.76935747,1.99348585,-0.00069107,-0.00222678,0.00314005
1732337459.48297548,2341,535859.48297548,22.30435805,114.18062314,7.28179237,-100.90104849,2.59865559,-0.26216009,22.33799374,34.77003044,2.00490735,-0.00176611,-0.00330820,0.00206882
1732337459.68312097,2341,535859.68312097,22.30435793,114.18062318,7.27530527,-100.91848563,2.56737796,-0.23785367,22.34237521,34.75653116,1.99842031,-0.00254780,-0.00386386,0.00271776
1732337459.88331413,2341,535859.88331413,22.30435798,114.18062305,7.28259628,-100.89615970,2.59723651,-0.28543403,22.32824804,34.76199327,2.00571134,-0.00000078,-0.00412861,0.00133419
1732337460.08348441,2341,535860.08348441,22.30435803,114.18062311,7.27196285,-100.89596839,2.56789046,-0.27264586,22.33476040,34.76722622,1.99507786,-0.00176770,-0.00564426,0.00210097
1732337460.28366041,2341,535860.28366041,22.30435785,114.18062313,7.28735775,-100.90230195,2.61280720,-0.21373605,22.33732564,34.74781177,2.01047286,-0.00140661,-0.00356134,0.00117490
1732337460.48382020,2341,535860.48382020,22.30435800,114.18062301,7.27966442,-100.87174248,2.59545598,-0.25890914,22.32472717,34.76450555,2.00277948,-0.00006769,-0.00477211,0.00056484
1732337460.68399811,2341,535860.68399811,22.30435797,114.18062306,7.27976417,-100.88941179,2.60136692,-0.24420058,22.32969340,34.76079642,2.00287924,-0.00003283,-0.00503730,0.00128659
1732337460.88442373,2341,535860.88442373,22.30435799,114.18062304,7.27710440,-100.87628092,2.56907540,-0.27789937,22.32744832,34.76312036,2.00021946,0.00333656,-0.00611902,0.00143095
1732337461.08434510,2341,535861.08434510,22.30435792,114.18062312,7.27304896,-100.89833515,2.57136767,-0.25037384,22.33595083,34.75496947,1.99616404,0.00301514,-0.00586566,0.00285292
1732337461.28451920,2341,535861.28451920,22.30435795,114.18062305,7.28007284,-100.88184480,2.60638810,-0.24674405,22.32818219,34.75876561,2.00318792,0.00318300,-0.00717174,0.00292356
1732337461.48469353,2341,535861.48469353,22.30435789,114.18062308,7.28142559,-100.88857152,2.61663530,-0.23820173,22.33202683,34.75223663,2.00454069,0.00424120,-0.00725595,0.00303802
1732337461.68486142,2341,535861.68486142,22.30435787,114.18062305,7.28283725,-100.89369918,2.61322287,-0.26865763,22.32820423,34.74931601,2.00595238,0.00517187,-0.00739781,0.00206262
1732337461.88503313,2341,535861.88503313,22.30435790,114.18062312,7.28893697,-100.90317434,2.62472278,-0.26021179,22.33536442,34.75267436,2.01205206,0.00530444,-0.00597402,0.00102917
1732337462.08521080,2341,535862.08521080,22.30435778,114.18062319,7.27842842,-100.91595615,2.56952618,-0.23679619,22.34295454,34.73947486,2.00154355,0.00537366,-0.00358561,0.00116585
1732337462.28546476,2341,535862.28546476,22.30435792,114.18062311,7.28319740,-100.90263273,2.59993530,-0.27121669,22.33501128,34.75501392,2.00631247,0.00643092,-0.00388530,0.00120840
1732337462.48555374,2341,535862.48555374,22.30435789,114.18062322,7.28423891,-100.91647558,2.59642574,-0.26076123,22.34575030,34.75255581,2.00735396,0.00548703,-0.00513540,0.00060692
1732337462.68572402,2341,535862.68572402,22.30435786,114.18062307,7.28585757,-100.86967396,2.62565871,-0.27130355,22.33083077,34.74864308,2.00897270,0.00546407,-0.00432593,0.00005752
1732337462.88589716,2341,535862.88589716,22.30435784,114.18062316,7.28437847,-100.91354816,2.58903250,-0.22069030,22.34033408,34.74699923,2.00749357,0.00542499,-0.00475105,0.00022955
1732337463.08606958,2341,535863.08606958,22.30435788,114.18062316,7.28601521,-100.89130087,2.60734653,-0.24303517,22.33946418,34.75053282,2.00913030,0.00552893,-0.00566352,-0.00085784
1732337463.28623390,2341,535863.28623390,22.30435786,114.18062325,7.28020143,-100.91703734,2.58407278,-0.24030913,22.34900385,34.74836420,2.00331650,0.00298710,-0.00499731,-0.00012116
1732337463.48642063,2341,535863.48642063,22.30435793,114.18062312,7.27786983,-100.91673575,2.56637087,-0.23027565,22.33581856,34.75701167,2.00098489,0.00379078,-0.00780664,0.00081541
1732337463.68659401,2341,535863.68659401,22.30435785,114.18062315,7.28710151,-100.90853196,2.60096434,-0.23808835,22.33871182,34.74768789,2.01021661,0.00478579,-0.00997004,-0.00035602
1732337463.88675833,2341,535863.88675833,22.30435784,114.18062319,7.28475706,-100.90491838,2.61072202,-0.26196059,22.34258109,34.74665348,2.00787216,0.00467560,-0.01145958,0.00008528
1732337464.08698773,2341,535864.08698773,22.30435786,114.18062312,7.28183278,-100.89372596,2.60837473,-0.25169187,22.33586838,34.74853484,2.00494789,0.00496698,-0.01148176,0.00024163
1732337464.28710461,2341,535864.28710461,22.30435778,114.18062328,7.27436450,-100.93097194,2.56841325,-0.21626910,22.35281053,34.74023099,1.99747959,0.00507610,-0.01004729,0.00287455
1732337464.48728371,2341,535864.48728371,22.30435780,114.18062316,7.27918425,-100.89724952,2.55811028,-0.28064050,22.34037464,34.74200022,2.00229938,0.00408252,-0.01012020,0.00388378
1732337464.68745708,2341,535864.68745708,22.30435784,114.18062315,7.28472021,-100.92485727,2.58819081,-0.21826224,22.33894939,34.74664436,2.00783532,0.00440226,-0.01159001,0.00365967
1732337464.88762760,2341,535864.88762760,22.30435778,114.18062321,7.28432996,-100.91985310,2.60949906,-0.25323121,22.34562620,34.73986550,2.00744508,0.00342347,-0.01112028,0.00398655
1732337465.08780050,2341,535865.08780050,22.30435777,114.18062317,7.28871458,-100.92294276,2.60536488,-0.24516234,22.34148751,34.73857565,2.01182973,0.00393279,-0.00918865,0.00326755
1732337465.28805399,2341,535865.28805399,22.30435782,114.18062312,7.28942304,-100.91237333,2.57163025,-0.24311002,22.33634701,34.74478931,2.01253817,0.00388730,-0.00929992,0.00229387
1732337465.48814464,2341,535865.48814464,22.30435772,114.18062319,7.29026638,-100.90883974,2.60067196,-0.25836176,22.34315223,34.73282256,2.01338155,0.00283674,-0.00554006,0.00210193
1732337465.68842387,2341,535865.68842387,22.30435782,114.18062328,7.29011059,-100.92254218,2.59181365,-0.25411224,22.35233141,34.74465845,2.01322566,0.00006920,-0.00427568,0.00123250
1732337465.88848305,2341,535865.88848305,22.30435774,114.18062314,7.29104039,-100.91349844,2.59088769,-0.28992289,22.33771813,34.73528012,2.01415556,-0.00236499,0.00088299,0.00044291
1732337466.08866358,2341,535866.08866358,22.30435780,114.18062317,7.28465025,-100.91064075,2.58332532,-0.27230513,22.34098627,34.74172393,2.00776538,-0.00431755,0.00614339,0.00074453
1732337466.28882718,2341,535866.28882718,22.30435782,114.18062312,7.28232303,-100.90588113,2.56632224,-0.30356719,22.33574814,34.74457827,2.00543816,-0.00799862,0.01260217,0.00243784
1732337466.48900080,2341,535866.48900080,22.30435778,114.18062321,7.29012412,-100.91163673,2.60152641,-0.26958233,22.34498054,34.73954600,2.01323924,-0.01478655,0.02274756,0.00102787
1732337466.68916845,2341,535866.68916845,22.30435783,114.18062319,7.28928775,-100.90708413,2.59260209,-0.28867908,22.34280483,34.74523803,2.01240285,-0.02356085,0.03527138,0.00164512
1732337466.88934994,2341,535866.88934994,22.30435781,114.18062316,7.29475848,-100.90931717,2.59476403,-0.27508117,22.33977363,34.74300536,2.01787360,-0.03373439,0.05209463,0.00060318
1732337467.08951616,2341,535867.08951616,22.30435779,114.18062318,7.28610139,-100.90425362,2.58336453,-0.30300982,22.34163189,34.74135978,2.00921652,-0.04818394,0.07407152,0.00163881
1732337467.28976774,2341,535867.28976774,22.30435779,114.18062317,7.28983801,-100.88704992,2.59010956,-0.28553894,22.34101082,34.74128391,2.01295314,-0.06672415,0.10165028,0.00242047
1732337467.48985624,2341,535867.48985624,22.30435777,114.18062306,7.29398873,-100.88434355,2.61964791,-0.26261347,22.32959418,34.73923654,2.01710391,-0.01365764,0.12030848,0.00421636
1732337467.69004011,2341,535867.69004011,22.30435781,114.18062321,7.28342922,-100.88767217,2.60567159,-0.28538058,22.34537595,34.74336865,2.00654432,0.03319119,0.14085117,0.00744236
1732337467.89020467,2341,535867.89020467,22.30435806,114.18062317,7.29015618,-100.84406409,2.66208954,-0.37036475,22.34090111,34.77047452,2.01327115,0.04040164,0.18230750,0.00728626
1732337468.09038973,2341,535868.09038973,22.30435839,114.18062337,7.29329286,-100.84872426,2.65638748,-0.35950918,22.36133883,34.80751145,2.01640756,0.05147144,0.20370023,0.01085550
1732337468.29055691,2341,535868.29055691,22.30435861,114.18062354,7.29110037,-100.83083408,2.83448213,-0.23746414,22.37878064,34.83144136,2.01421487,0.12914889,0.24494523,0.00910157
1732337468.49072409,2341,535868.49072409,22.30435928,114.18062355,7.28825578,-100.79108009,2.65331956,-0.26727911,22.38027521,34.90574532,2.01136987,0.11432237,0.23180400,0.01180666
1732337468.69089413,2341,535868.69089413,22.30435985,114.18062364,7.29186016,-100.79851496,2.73496927,-0.30844282,22.38902236,34.96859714,2.01497387,0.09005932,0.27052693,0.00717267
1732337468.89107513,2341,535868.89107513,22.30436036,114.18062405,7.29612416,-100.75507767,2.87264513,-0.29046714,22.43196613,35.02609437,2.01923741,0.10414669,0.32688244,0.02028705
1732337469.09132004,2341,535869.09132004,22.30436083,114.18062408,7.29746872,-100.52853801,2.87792221,-0.17085571,22.43479899,35.07806936,2.02058167,0.13425130,0.34739415,0.02013473
1732337469.29140759,2341,535869.29140759,22.30436183,114.18062422,7.32132906,-100.01119821,2.81536052,-0.12596682,22.44931047,35.18865158,2.04444135,0.10254611,0.37412906,0.01857717
1732337469.49158788,2341,535869.49158788,22.30436233,114.18062418,7.31295506,-99.71486081,2.86523635,-0.07112906,22.44554127,35.24322799,2.03606705,0.07919652,0.36347193,0.02162237
1732337469.69175816,2341,535869.69175816,22.30436303,114.18062443,7.31277827,-99.21121370,2.82130210,-0.03507291,22.47093200,35.32068972,2.03588974,0.07814740,0.36435967,0.02558828
1732337469.89192820,2341,535869.89192820,22.30436365,114.18062444,7.32112129,-98.35807999,2.74307341,0.06772691,22.47202736,35.38935120,2.04423237,0.05871391,0.36802150,0.02002283
1732337470.09209490,2341,535870.09209490,22.30436440,114.18062477,7.33086812,-97.26654192,2.83622503,0.03110982,22.50538413,35.47309802,2.05397862,0.03487746,0.40787206,0.02641455
1732337470.29227161,2341,535870.29227161,22.30436505,114.18062491,7.33311262,-96.53399270,2.94667134,0.04273054,22.51994684,35.54450286,2.05622267,0.04472120,0.43535891,0.02428150
1732337470.49243593,2341,535870.49243593,22.30436575,114.18062495,7.33078780,-95.90441193,2.95101076,0.11983910,22.52402345,35.62278611,2.05389739,0.06001387,0.44508650,0.02696643
1732337470.69271636,2341,535870.69271636,22.30436656,114.18062509,7.33034737,-95.42951661,2.96025609,0.09028244,22.53870073,35.71220797,2.05345641,0.10635895,0.43025327,0.02776174
1732337470.89284945,2341,535870.89284945,22.30436725,114.18062523,7.34351001,-94.99039582,3.10391084,0.19390392,22.55304366,35.78880169,2.06661857,0.08584450,0.44257514,0.02566727
1732337471.09296703,2341,535871.09296703,22.30436815,114.18062525,7.34433851,-94.62266741,3.03426378,0.35300754,22.55579584,35.88813171,2.06744650,0.10726832,0.41466391,0.02539591
1732337471.29314709,2341,535871.29314709,22.30436903,114.18062543,7.34109960,-94.24097035,2.94263081,0.14856010,22.57424587,35.98565867,2.06420697,0.08994721,0.44034670,0.02335012
1732337471.49330759,2341,535871.49330759,22.30436998,114.18062551,7.34912943,-93.88506595,3.02753009,0.06880918,22.58217854,36.09094175,2.07223617,0.08834287,0.43744042,0.03124798
1732337471.69348669,2341,535871.69348669,22.30437072,114.18062566,7.35547409,-93.56597636,3.05823323,0.25460031,22.59781510,36.17226376,2.07858032,0.06892527,0.43243845,0.02450805
1732337471.89371419,2341,535871.89371419,22.30437158,114.18062580,7.35460820,-93.29734501,3.03270995,0.37279594,22.61223023,36.26843238,2.07771383,0.07032918,0.41091894,0.03324504
1732337472.09383631,2341,535872.09383631,22.30437259,114.18062569,7.37229036,-93.03802623,2.92757706,0.36847627,22.60061467,36.38034474,2.09539539,0.05821549,0.41819826,0.02186396
1732337472.29399967,2341,535872.29399967,22.30437340,114.18062583,7.36836692,-92.76142074,2.98230309,0.27577355,22.61512901,36.47000498,2.09147138,0.04574808,0.43516303,0.02829262
1732337472.49416542,2341,535872.49416542,22.30437409,114.18062598,7.38856067,-92.53052758,2.98984219,0.39367711,22.63016901,36.54640728,2.11166464,0.06181868,0.45548846,0.02489742
1732337472.69434309,2341,535872.69434309,22.30437500,114.18062611,7.38956988,-92.32141589,2.89490213,0.29170213,22.64363851,36.64718117,2.11267322,0.02597894,0.46066253,0.03358678
1732337472.89463639,2341,535872.89463639,22.30437589,114.18062605,7.39013626,-92.13252958,3.04101604,0.26074176,22.63823846,36.74532437,2.11323905,-0.02743844,0.44775515,0.03825794
1732337473.09474850,2341,535873.09474850,22.30437648,114.18062605,7.40426368,-92.00798718,3.27948351,0.36748034,22.63822652,36.81045982,2.12736609,0.00611956,0.46618986,0.03212418
1732337473.29486609,2341,535873.29486609,22.30437730,114.18062605,7.40988624,-91.90661234,3.36227382,0.39962432,22.63799187,36.90153854,2.13298813,-0.00016238,0.46032605,0.02712166
1732337473.49512291,2341,535873.49512291,22.30437809,114.18062615,7.40338279,-91.82713291,3.55862404,0.37913986,22.64851044,36.98876583,2.12648413,-0.01665465,0.42980232,0.03543026
1732337473.69531155,2341,535873.69531155,22.30437899,114.18062632,7.41663454,-91.74291108,3.81192253,0.33108153,22.66578025,37.08845964,2.13973524,0.00104739,0.47953190,0.04309198
1732337473.89538431,2341,535873.89538431,22.30437989,114.18062630,7.42305649,-91.71261828,3.65298370,0.59171007,22.66398176,37.18822135,2.14615661,0.04153347,0.44110360,0.03114982
1732337474.09555483,2341,535874.09555483,22.30438065,114.18062623,7.43743388,-91.56469988,3.45103156,0.21952533,22.65647549,37.27201584,2.16053353,-0.00531277,0.53775291,0.04288460
1732337474.29571009,2341,535874.29571009,22.30438147,114.18062634,7.44893689,-91.52254957,3.37405247,0.37865222,22.66769455,37.36268923,2.17203597,-0.11431711,0.61999145,0.03771865
1732337474.49589562,2341,535874.49589562,22.30438231,114.18062627,7.45094008,-91.54239994,3.60256402,0.93400160,22.66076275,37.45595973,2.17403863,-0.17466681,0.55471190,0.05947486
1732337474.69606400,2341,535874.69606400,22.30438283,114.18062654,7.45456569,-91.40339301,4.95580349,0.65741533,22.68873084,37.51407780,2.17766380,-0.16875078,0.60106119,0.05469199
1732337474.89622688,2341,535874.89622688,22.30438348,114.18062632,7.45277619,-91.31047896,5.81053650,0.81680696,22.66522805,37.58614333,2.17587396,-0.15309619,0.46296363,0.03932050
1732337475.09640026,2341,535875.09640026,22.30438384,114.18062647,7.48537180,-91.14763588,6.95627895,0.58107940,22.68100470,37.62612597,2.20846928,-0.10787356,0.49072873,0.05009444
1732337475.29658461,2341,535875.29658461,22.30438455,114.18062648,7.48461807,-91.24293949,7.66772735,0.72981863,22.68243236,37.70436348,2.20771508,-0.06953527,0.51660018,0.04718083
1732337475.49674797,2341,535875.49674797,22.30438541,114.18062613,7.48591803,-91.17186597,7.67108500,1.35076436,22.64555029,37.79911582,2.20901461,-0.00607363,0.47216431,0.05913105
1732337475.69692993,2341,535875.69692993,22.30438618,114.18062593,7.48266755,-90.98927092,7.40658638,0.83040101,22.62583345,37.88446863,2.20576369,0.02066790,0.46984946,0.06057411
1732337475.89719057,2341,535875.89719057,22.30438716,114.18062606,7.51765450,-90.89995937,7.49188005,1.12560496,22.63929669,37.99311364,2.24074993,0.00544462,0.42757593,0.05362851
1732337476.09728718,2341,535876.09728718,22.30438787,114.18062617,7.52310207,-90.82387054,7.51153748,1.01159475,22.64963849,38.07134060,2.24619700,-0.00081881,0.42097457,0.05564398
1732337476.29743338,2341,535876.29743338,22.30438871,114.18062623,7.53776770,-90.88647918,7.61785294,1.12077564,22.65656579,38.16474922,2.26086205,0.01635276,0.42009621,0.05390454
1732337476.49761367,2341,535876.49761367,22.30438947,114.18062634,7.54604958,-91.12406587,7.66607285,1.23542489,22.66756236,38.24906221,2.26914338,0.00195861,0.42127288,0.06058061
1732337476.69779873,2341,535876.69779873,22.30439035,114.18062628,7.55521345,-91.61631886,7.34323052,1.40324710,22.66158811,38.34607625,2.27830669,0.04010403,0.40755803,0.05712336
1732337476.89795947,2341,535876.89795947,22.30439122,114.18062623,7.57204356,-91.92025239,7.19311688,1.20692238,22.65594925,38.44249428,2.29513624,0.02744549,0.44252752,0.05990960
1732337477.09813213,2341,535877.09813213,22.30439219,114.18062622,7.57858627,-92.45558554,7.08046006,1.30984469,22.65480660,38.55067448,2.30167829,0.12664453,0.37915020,0.03897449
1732337477.29830599,2341,535877.29830599,22.30439320,114.18062613,7.57862553,-92.73550386,6.59567570,0.70945467,22.64577097,38.66160229,2.30171690,0.11532592,0.46181776,0.06378556
1732337477.49853158,2341,535877.49853158,22.30439414,114.18062616,7.61821174,-93.61273119,6.42214683,0.97446463,22.64863400,38.76625947,2.34130247,0.10966726,0.35377671,0.03868065
1732337477.69864845,2341,535877.69864845,22.30439509,114.18062615,7.61154368,-94.42194764,6.02849278,0.80294963,22.64837257,38.87113654,2.33463377,0.12785564,0.36555601,0.04660761
1732337477.89881110,2341,535877.89881110,22.30439629,114.18062640,7.63213863,-95.32004841,5.42887688,0.80131280,22.67415562,39.00405236,2.35522781,0.17000583,0.35250533,0.05775329
1732337478.09899330,2341,535878.09899330,22.30439717,114.18062654,7.65611056,-96.55675036,4.81859508,0.37460849,22.68842710,39.10138329,2.37919909,0.11795105,0.29950843,0.01926278
1732337478.29917908,2341,535878.29917908,22.30439803,114.18062695,7.66045995,-97.27656917,5.20094810,0.25081139,22.73080819,39.19678577,2.38354774,0.21587913,0.27850425,0.02421337
1732337478.49941492,2341,535878.49941492,22.30439888,114.18062712,7.66516460,-97.87078874,4.31921796,0.61022244,22.74840867,39.29128227,2.38825175,0.26163274,0.24694264,0.01149093
1732337478.69959855,2341,535878.69959855,22.30440002,114.18062723,7.66649902,-98.30210653,3.73501874,-0.13414130,22.75979141,39.41777294,2.38958534,0.18821633,0.26195412,0.02121241
1732337478.89968109,2341,535878.89968109,22.30440072,114.18062736,7.67636425,-98.52703214,2.87611453,0.29386540,22.77246238,39.49490237,2.39945004,0.13848207,0.24192066,0.00942111
1732337479.09984779,2341,535879.09984779,22.30440142,114.18062755,7.69197072,-98.80480649,2.75381913,0.36196038,22.79203847,39.57286205,2.41505595,0.14083652,0.26791124,0.01938323
1732337479.30010462,2341,535879.30010462,22.30440189,114.18062762,7.68378107,-99.18091328,2.31493579,0.20982958,22.79942008,39.62392581,2.40686597,0.12711135,0.23914499,0.02321010
1732337479.50019693,2341,535879.50019693,22.30440237,114.18062772,7.68732789,-99.23744973,2.23685198,0.03033579,22.80976314,39.67800029,2.41041241,0.04230555,0.21890888,0.00337644
1732337479.70042181,2341,535879.70042181,22.30440283,114.18062769,7.69048482,-99.26964940,2.16068601,0.80658005,22.80636885,39.72811190,2.41356904,-0.07237581,0.18417196,0.00073923
1732337479.90053844,2341,535879.90053844,22.30440281,114.18062770,7.69178856,-99.45934786,2.24048610,0.67784349,22.80747974,39.72618387,2.41487278,-0.10707001,0.15294629,0.00010675
1732337480.10069704,2341,535880.10069704,22.30440277,114.18062775,7.68705699,-99.48934278,2.28278747,0.18665130,22.81242414,39.72211173,2.41014123,-0.10799128,0.12895274,0.00108522
1732337480.30088973,2341,535880.30088973,22.30440282,114.18062769,7.67742590,-99.40250993,2.28700226,0.19934281,22.80670878,39.72778532,2.40051012,-0.08818057,0.10080966,-0.00081224
1732337480.50107145,2341,535880.50107145,22.30440285,114.18062770,7.68315577,-99.37045427,2.31383297,0.06292702,22.80799803,39.73119101,2.40623996,-0.06542659,0.07114109,0.00089463
1732337480.70128107,2341,535880.70128107,22.30440280,114.18062765,7.68256927,-99.34646418,2.31545503,0.05079334,22.80254311,39.72475214,2.40565352,-0.04258092,0.05031513,0.00033309
1732337480.90141058,2341,535880.90141058,22.30440277,114.18062779,7.68441710,-99.36790587,2.31286998,0.12288505,22.81725814,39.72165914,2.40750132,-0.03340380,0.03419749,0.00044652
1732337481.10157800,2341,535881.10157800,22.30440279,114.18062776,7.68463033,-99.35691550,2.28099958,0.24294580,22.81372814,39.72357140,2.40771455,-0.02457096,0.02109581,0.00042585
1732337481.30182648,2341,535881.30182648,22.30440270,114.18062774,7.68408226,-99.34627846,2.29090588,0.17600423,22.81205337,39.71395129,2.40716654,-0.01479441,0.01296938,0.00018662
1732337481.50193691,2341,535881.50193691,22.30440265,114.18062786,7.68453014,-99.36557615,2.30345061,0.14131613,22.82442593,39.70895238,2.40761442,-0.01045395,0.01028380,-0.00001281
1732337481.70209718,2341,535881.70209718,22.30440254,114.18062808,7.68451643,-99.39649630,2.29599397,0.15711512,22.84643203,39.69590481,2.40760070,-0.01240760,0.01174587,-0.00023737
1732337481.90226936,2341,535881.90226936,22.30440258,114.18062787,7.68667717,-99.35795725,2.30181685,0.09864629,22.82485959,39.70110476,2.40976149,-0.01474250,0.01524863,-0.00035951
1732337482.10244846,2341,535882.10244846,22.30440258,114.18062777,7.68654454,-99.35036000,2.31011681,0.15193615,22.81510892,39.70066283,2.40962890,-0.01626093,0.02254396,-0.00008885
1732337482.30260301,2341,535882.30260301,22.30440259,114.18062784,7.68721503,-99.35778209,2.29475586,0.12370520,22.82190633,39.70177624,2.41029936,-0.02322849,0.03305802,0.00009118
1732337482.50279355,2341,535882.50279355,22.30440262,114.18062771,7.68642656,-99.34510830,2.30311407,0.06580119,22.80867997,39.70468703,2.40951092,-0.02729656,0.04637290,-0.00007965
1732337482.70305777,2341,535882.70305777,22.30440266,114.18062769,7.68578416,-99.34546772,2.29538928,0.17905653,22.80697624,39.71010983,2.40886849,-0.03528526,0.06255231,0.00020789
1732337482.90313673,2341,535882.90313673,22.30440257,114.18062763,7.68891250,-99.32222424,2.31534191,0.13190752,22.80007883,39.69947235,2.41199692,-0.03976058,0.08406405,-0.00029244
1732337483.10330534,2341,535883.10330534,22.30440263,114.18062785,7.68505365,-99.37076088,2.32194315,-0.03873328,22.82271293,39.70617200,2.40813794,-0.06522004,0.10901520,0.00044174
1732337483.30347729,2341,535883.30347729,22.30440263,114.18062782,7.69090895,-99.35042426,2.41708240,0.35703037,22.82025027,39.70670197,2.41399325,0.03232146,0.12531341,0.00467705
1732337483.50364828,2341,535883.50364828,22.30440294,114.18062777,7.69021480,-99.30577549,2.24814280,0.21495686,22.81522158,39.74090048,2.41329891,0.09400000,0.13734255,0.00249759
1732337483.70392275,2341,535883.70392275,22.30440323,114.18062787,7.68580000,-99.27409497,2.22825758,0.09583299,22.82570405,39.77301619,2.40888387,0.05938678,0.17931935,0.00091381
1732337483.90399051,2341,535883.90399051,22.30440344,114.18062801,7.67549818,-99.31187817,2.17581669,0.13843583,22.84005313,39.79580207,2.39858185,0.04708190,0.20913937,0.00759845
1732337484.10416389,2341,535884.10416389,22.30440388,114.18062809,7.69330732,-99.26143818,2.24803917,0.07858171,22.84812046,39.84474451,2.41639065,0.10232274,0.23201748,0.00655230
1732337484.30432081,2341,535884.30432081,22.30440427,114.18062822,7.68049799,-99.29261139,2.27287121,-0.03666020,22.86154240,39.88765455,2.40358101,0.11534811,0.27031212,0.01093915
1732337484.50452042,2341,535884.50452042,22.30440479,114.18062832,7.68551192,-99.25404916,2.32211143,-0.01240392,22.87159641,39.94579511,2.40859453,0.14511963,0.27544337,0.01017234
1732337484.70467949,2341,535884.70467949,22.30440550,114.18062847,7.69053544,-99.21495142,2.35190024,0.73912791,22.88659491,40.02451508,2.41361750,0.09585435,0.28905508,0.01678425
1732337484.90484929,2341,535884.90484929,22.30440602,114.18062860,7.68690560,-99.27116722,2.26713697,-0.03073397,22.90021048,40.08218298,2.40998725,0.08140792,0.32905735,0.01989172
1732337485.10503674,2341,535885.10503674,22.30440672,114.18062860,7.69519124,-99.19708219,2.48356574,1.01903703,22.90033324,40.15881344,2.41827241,0.05532566,0.33678742,0.03059658
1732337485.30519724,2341,535885.30519724,22.30440736,114.18062887,7.70352694,-99.15441832,2.48436723,0.38737733,22.92786739,40.23045937,2.42660756,0.08129775,0.33283898,0.02146996
1732337485.50546932,2341,535885.50546932,22.30440794,114.18062903,7.70909028,-99.13399317,2.36304822,-0.12936420,22.94474945,40.29481100,2.43217043,0.09488316,0.32171909,0.02279117
1732337485.70562506,2341,535885.70562506,22.30440849,114.18062912,7.71188034,-99.11116268,2.32210300,-0.35967596,22.95408726,40.35548162,2.43496007,0.07594928,0.34391957,0.02385222
1732337485.90570784,2341,535885.90570784,22.30440916,114.18062916,7.72456837,-99.11022641,2.40771550,-0.24929124,22.95800789,40.42994739,2.44764761,0.06553219,0.35079340,0.02610933
1732337486.10588741,2341,535886.10588741,22.30440980,114.18062935,7.72376935,-99.01174071,2.51950401,0.18083702,22.97807015,40.50051796,2.44684806,0.06410509,0.34760702,0.02262779
1732337486.30606031,2341,535886.30606031,22.30441048,114.18062956,7.71894658,-98.99809401,2.38226033,-0.20437834,22.99930179,40.57545991,2.44202474,0.07636863,0.34762400,0.02544563
1732337486.50633740,2341,535886.50633740,22.30441117,114.18062986,7.72471443,-98.94804479,2.36401188,-0.30479401,23.03037106,40.65144229,2.44779199,0.04816932,0.35995347,0.03470545
1732337486.70640516,2341,535886.70640516,22.30441166,114.18063000,7.73467751,-98.98486408,2.37665919,-0.06961701,23.04452269,40.70574418,2.45775468,0.07295573,0.37401027,0.03275556
1732337486.90657806,2341,535886.90657806,22.30441227,114.18063018,7.74508731,-98.94183192,2.45413195,-0.59870390,23.06359982,40.77355187,2.46816397,0.05907928,0.37134301,0.03396467
1732337487.10674906,2341,535887.10674906,22.30441283,114.18063034,7.73582491,-98.92235649,2.39307804,-0.44723218,23.08002668,40.83552617,2.45890111,0.06361616,0.37952304,0.04073376
1732337487.30699873,2341,535887.30699873,22.30441349,114.18063041,7.76918002,-98.90099728,2.44042302,-0.73176644,23.08651629,40.90944932,2.49225573,0.07548449,0.39385903,0.04513655
1732337487.50709486,2341,535887.50709486,22.30441431,114.18063069,7.78053259,-98.91015674,2.53821451,-0.30298060,23.11630760,41.00011920,2.50360760,0.07224614,0.38945647,0.03551312
1732337487.70727062,2341,535887.70727062,22.30441488,114.18063076,7.78179773,-98.74795058,2.54912338,-0.60731822,23.12334590,41.06260059,2.50487231,0.05729762,0.36970075,0.02463737
1732337487.90744591,2341,535887.90744591,22.30441545,114.18063071,7.78921973,-98.63677421,2.45428107,-0.24143779,23.11795513,41.12540003,2.51229392,0.09213312,0.37111776,0.02852352
1732337488.10771370,2341,535888.10771370,22.30441628,114.18063094,7.79270268,-98.63797412,2.43005282,-0.33577504,23.14150597,41.21822161,2.51577619,0.06252717,0.38935219,0.02976242
1732337488.30783606,2341,535888.30783606,22.30441695,114.18063100,7.78688816,-98.58557137,2.39249903,-0.02403257,23.14822228,41.29205516,2.50996116,0.10001551,0.40855340,0.02922459
1732337488.50800991,2341,535888.50800991,22.30441772,114.18063114,7.79035099,-98.57796683,2.26094693,-0.40645280,23.16244466,41.37675474,2.51342339,0.06548983,0.43590898,0.04146102
1732337488.70820856,2341,535888.70820856,22.30441828,114.18063093,7.80282700,-98.50941339,2.37657148,-0.27393121,23.14019616,41.43962581,2.52589907,0.09748924,0.44083730,0.03429627
1732337488.90834379,2341,535888.90834379,22.30441941,114.18063144,7.80925357,-98.48465544,2.39704436,-0.30139759,23.19353784,41.56454333,2.53232463,0.08114407,0.42232800,0.03674582
1732337489.10846782,2341,535889.10846782,22.30442031,114.18063152,7.83490820,-98.47367510,2.33891202,-0.15392738,23.20091699,41.66425931,2.55797858,0.10375370,0.42464271,0.03201421
1732337489.30880165,2341,535889.30880165,22.30442093,114.18063189,7.83596374,-98.46726300,2.27782079,-0.57752721,23.23985679,41.73284826,2.55903352,0.07916953,0.44835921,0.03150149
1732337489.50887871,2341,535889.50887871,22.30442173,114.18063193,7.83907293,-98.42891693,2.14325646,-0.56440914,23.24334708,41.82102148,2.56214212,0.08158915,0.45428644,0.03294296
1732337489.70907974,2341,535889.70907974,22.30442248,114.18063205,7.85729997,-98.38318758,2.33674452,-0.76726237,23.25605437,41.90464016,2.58036856,0.07071941,0.44343703,0.02150197
1732337489.90916443,2341,535889.90916443,22.30442330,114.18063222,7.83532635,-98.32552109,2.25698410,-0.71103486,23.27368088,41.99467502,2.55839429,0.06123876,0.46070907,0.03489294
1732337490.10934353,2341,535890.10934353,22.30442409,114.18063239,7.83685508,-98.23766699,2.07441089,-0.61934216,23.29081724,42.08291534,2.55992236,0.06001262,0.46364086,0.02167269
1732337490.30950856,2341,535890.30950856,22.30442488,114.18063247,7.84441655,-98.21958386,2.21282721,-1.12939585,23.29975988,42.17066529,2.56748322,0.06463885,0.46962972,0.02596629
1732337490.50969172,2341,535890.50969172,22.30442585,114.18063269,7.85416492,-98.04431177,2.20862102,-1.05388105,23.32197611,42.27774811,2.57723080,0.08873661,0.45820315,0.02129978
1732337490.70986176,2341,535890.70986176,22.30442654,114.18063282,7.85680165,-98.63193826,2.19870262,-1.46517912,23.33540253,42.35441901,2.57986697,0.13758755,0.44258854,0.02669863
1732337490.91002226,2341,535890.91002226,22.30442742,114.18063316,7.85397281,-98.58903729,2.29244595,-1.67212906,23.37017160,42.45135159,2.57703735,0.06142193,0.46894026,0.02526339
1732337491.11020136,2341,535891.11020136,22.30442826,114.18063321,7.87670272,-99.40024319,2.42285442,-1.51607236,23.37546085,42.54403016,2.59976662,0.12103357,0.47675800,0.03419774
1732337491.31037378,2341,535891.31037378,22.30442898,114.18063336,7.88381818,-99.86420955,2.31101772,-1.37497629,23.39074068,42.62451392,2.60688149,0.06760849,0.43909352,0.03274421
1732337491.51054811,2341,535891.51054811,22.30442975,114.18063349,7.89404325,-100.36726376,2.46978072,-0.96677867,23.40448091,42.70960861,2.61710593,0.09307688,0.43653888,0.02362441
1732337491.71071148,2341,535891.71071148,22.30443056,114.18063369,7.89018181,-101.10031435,2.53724181,-0.95363820,23.42514487,42.79875919,2.61324381,0.09433149,0.43252981,0.02602136
1732337491.91088343,2341,535891.91088343,22.30443139,114.18063379,7.89645798,-101.96794730,2.52222415,-1.21796891,23.43574728,42.89122754,2.61951932,0.11380891,0.42506644,0.02937057
1732337492.11115432,2341,535892.11115432,22.30443202,114.18063403,7.92941091,-102.93475217,2.62559716,-1.57084532,23.46037130,42.96076252,2.65247169,0.14040080,0.39793411,0.02833347
1732337492.31122828,2341,535892.31122828,22.30443265,114.18063430,7.94343404,-103.48747246,2.47040414,-1.40402781,23.48742393,43.03096952,2.66649424,0.15131146,0.33590598,0.01283501
1732337492.51140165,2341,535892.51140165,22.30443328,114.18063460,7.94228292,-105.17532612,2.30547640,-1.55933294,23.51920593,43.10082162,2.66534254,0.18936879,0.34502443,0.00197521
1732337492.71157980,2341,535892.71157980,22.30443400,114.18063497,7.92826952,-106.01094228,2.34381399,-1.70502648,23.55660922,43.18039253,2.65132845,0.17597606,0.34500701,0.00000869
1732337492.91176081,2341,535892.91176081,22.30443466,114.18063516,7.89806199,-106.64147546,2.21487002,-0.85696904,23.57656423,43.25321258,2.62112035,0.16740412,0.34847296,0.00494714
1732337493.11192203,2341,535893.11192203,22.30443536,114.18063561,7.91507958,-107.01078667,2.01345546,-1.44925223,23.62281170,43.33092170,2.63813724,0.15268699,0.36577311,0.00753541
1732337493.31209564,2341,535893.31209564,22.30443600,114.18063598,7.92100886,-107.36746395,2.09168686,-1.64111751,23.66075893,43.40149616,2.64406590,0.16137654,0.37020002,0.00729051
1732337493.51226377,2341,535893.51226377,22.30443691,114.18063629,7.89894181,-107.56446884,1.85115761,-1.20458302,23.69334791,43.50235645,2.62199804,0.12770905,0.36652682,0.01251753
1732337493.71253967,2341,535893.71253967,22.30443738,114.18063653,7.90859699,-107.85751832,1.67822530,-1.33116241,23.71720278,43.55477472,2.63165277,0.12304433,0.35488896,0.01532463
1732337493.91261292,2341,535893.91261292,22.30443798,114.18063684,7.92515111,-108.21115037,1.60735370,-1.52085648,23.74945471,43.62114102,2.64820631,0.22066221,0.36168154,0.01391171
1732337494.11277556,2341,535894.11277556,22.30443888,114.18063714,7.91574900,-108.37250333,1.33751742,-0.97872296,23.78076320,43.72013018,2.63880341,0.18287608,0.33270922,0.01617495
1732337494.31294870,2341,535894.31294870,22.30443931,114.18063745,7.91777562,-108.58207264,1.27687500,-1.01947207,23.81261846,43.76770604,2.64082958,0.16928392,0.38088211,0.01380354
1732337494.51313400,2341,535894.51313400,22.30444018,114.18063781,7.93278508,-108.55470964,1.16927622,-1.13834749,23.84983756,43.86492538,2.65583823,0.17267225,0.40481072,0.01486918
1732337494.71329784,2341,535894.71329784,22.30444087,114.18063830,7.93998672,-108.03801460,1.13378886,-1.50287739,23.90038490,43.94114866,2.66303915,0.22539084,0.40643751,0.01654315
1732337494.91346693,2341,535894.91346693,22.30444178,114.18063860,7.94137277,-107.77102637,1.38902630,-0.80514803,23.93067789,44.04175238,2.66442439,0.16374017,0.44811119,0.01039032
1732337495.11364412,2341,535895.11364412,22.30444243,114.18063878,7.92936284,-107.54144118,1.41080603,-0.87422975,23.94956405,44.11305888,2.65241390,0.15353813,0.41704172,0.02320325
1732337495.31380606,2341,535895.31380606,22.30444318,114.18063927,7.94393953,-106.64618604,1.34255356,-1.30099294,23.99968870,44.19655148,2.66698981,0.10945990,0.41940157,0.01783393
1732337495.51398659,2341,535895.51398659,22.30444403,114.18063949,7.94037037,-106.20718320,1.53142716,-0.72504438,24.02248805,44.29067424,2.66341992,0.14584775,0.43130254,0.02753964
1732337495.71416950,2341,535895.71416950,22.30444470,114.18063985,7.96177854,-105.67002892,1.38104420,-1.14347120,24.05950855,44.36515998,2.68482743,0.15672832,0.43521025,0.02076991
1732337495.91433120,2341,535895.91433120,22.30444550,114.18064019,7.96225062,-104.65016580,1.34077333,-1.36850452,24.09473170,44.45376923,2.68529875,0.13495388,0.43658814,0.01973293
1732337496.11450791,2341,535896.11450791,22.30444640,114.18064050,7.96001311,-104.03953696,1.37224419,-1.41873813,24.12712336,44.55325572,2.68306042,0.15206197,0.46815665,0.01897145
1732337496.31467390,2341,535896.31467390,22.30444696,114.18064082,7.98040556,-103.54574236,1.41190837,-1.16542246,24.15985778,44.61557797,2.70345231,0.13917654,0.44670390,0.01841429
1732337496.51484680,2341,535896.51484680,22.30444795,114.18064107,7.96809593,-103.13657284,1.41655992,-1.28732252,24.18551226,44.72443067,2.69114182,0.12881318,0.46485396,0.02245039
1732337496.71502972,2341,535896.71502972,22.30444885,114.18064123,7.96681661,-102.81436460,1.42494885,-1.38533842,24.20204608,44.82449468,2.68986173,0.13199904,0.45779192,0.01961134
1732337496.91524410,2341,535896.91524410,22.30444949,114.18064145,7.98272886,-102.54978125,1.38964716,-1.03550004,24.22471684,44.89512575,2.70577339,0.13091491,0.46258360,0.02520697
1732337497.11537075,2341,535897.11537075,22.30445038,114.18064182,7.98172188,-102.22513806,1.42480192,-1.08050710,24.26319313,44.99427345,2.70476556,0.12084033,0.51087011,0.02106595
1732337497.31554222,2341,535897.31554222,22.30445089,114.18064204,7.98124306,-101.96425164,1.48830909,-0.84076697,24.28531878,45.05077564,2.70428625,0.12785034,0.47138138,0.02484092
1732337497.51579762,2341,535897.51579762,22.30445190,114.18064230,8.00345670,-101.61678647,1.50617285,-0.82691694,24.31191447,45.16191684,2.72649900,0.13159152,0.49087704,0.02133317
1732337497.71600199,2341,535897.71600199,22.30445274,114.18064248,7.98865482,-101.39986823,1.54033343,-0.84452196,24.33083792,45.25493356,2.71169639,0.11804830,0.45832197,0.02570618
1732337497.91604757,2341,535897.91604757,22.30445338,114.18064280,8.00018980,-101.18204027,1.49105906,-0.73044576,24.36327632,45.32662058,2.72323074,0.11748386,0.47113889,0.01778542
1732337498.11622715,2341,535898.11622715,22.30445413,114.18064302,8.00575076,-100.97904417,1.48392376,-0.83014244,24.38600524,45.40942243,2.72879102,0.09934741,0.49653972,0.02549879
1732337498.31639862,2341,535898.31639862,22.30445492,114.18064315,8.00612153,-100.82318591,1.49324144,-0.46099893,24.39993370,45.49640122,2.72916111,0.10607611,0.48531604,0.02052427
1732337498.51658583,2341,535898.51658583,22.30445581,114.18064350,8.01334630,-100.63747959,1.53706197,-0.41564898,24.43579807,45.59468601,2.73638504,0.09393376,0.47364359,0.03049747
1732337498.71674490,2341,535898.71674490,22.30445656,114.18064373,8.01758007,-100.55260201,1.55019477,-0.39839499,24.45969123,45.67831416,2.74061811,0.12676332,0.44893246,0.02550558
1732337498.91690874,2341,535898.91690874,22.30445754,114.18064384,8.02259340,-100.48396333,1.47917504,-0.51840896,24.47057540,45.78686867,2.74563062,0.12445825,0.45673226,0.02615720
1732337499.11716533,2341,535899.11716533,22.30445826,114.18064414,8.02254021,-100.41829986,1.46920563,-0.42686093,24.50176190,45.86611861,2.74557674,0.12211300,0.42023727,0.02945097
1732337499.31726408,2341,535899.31726408,22.30445919,114.18064443,8.02486046,-100.33316451,1.61117234,-0.51590929,24.53203350,45.96960447,2.74789613,0.15400167,0.39390488,0.02103064
1732337499.51743174,2341,535899.51743174,22.30445975,114.18064457,8.03711982,-100.52640050,1.58118001,-0.09864456,24.54587120,46.03161162,2.76015498,0.18863234,0.37294119,-0.00032191
1732337499.71761227,2341,535899.71761227,22.30446074,114.18064486,8.06402136,-100.90018308,0.26178172,0.10540602,24.57553379,46.14150075,2.78705560,0.17600291,0.39968054,0.00682980
1732337499.91778207,2341,535899.91778207,22.30446187,114.18064525,8.06676077,-100.97526514,-0.12497728,-0.10183589,24.61663126,46.26648568,2.78979395,0.17907554,0.41476027,0.00996660
1732337500.11794925,2341,535900.11794925,22.30446265,114.18064549,8.05246262,-101.12191132,-0.27023100,-0.00680134,24.64058928,46.35310529,2.77549507,0.18690761,0.40450024,-0.00044296
1732337500.31812572,2341,535900.31812572,22.30446365,114.18064561,8.06706574,-101.58997131,-0.85188258,0.00101153,24.65328203,46.46365785,2.79009734,0.23771999,0.46366750,-0.00939941
1732337500.51829743,2341,535900.51829743,22.30446467,114.18064585,8.02965555,-101.70544185,-1.51639189,-0.16449710,24.67756618,46.57591765,2.75268623,-0.02228975,0.47020669,-0.01504923
1732337500.71847296,2341,535900.71847296,22.30446537,114.18064627,8.03465297,-101.90462499,-0.64539925,-0.34307115,24.72098237,46.65335437,2.75768291,0.13668168,0.47556945,-0.02711239
1732337500.91864729,2341,535900.91864729,22.30446627,114.18064650,8.04048438,-101.94439007,-1.21584013,-0.06248632,24.74512189,46.75335303,2.76351349,0.14918278,0.43324763,-0.00217808
1732337501.11883783,2341,535901.11883783,22.30446695,114.18064705,8.03409487,-101.98074129,-1.53385226,0.16181717,24.80172878,46.82834803,2.75712322,0.17886112,0.45182998,-0.01137741
1732337501.31898403,2341,535901.31898403,22.30446796,114.18064725,8.02616736,-102.00334164,-1.66829311,-0.53222987,24.82270752,46.94052122,2.74919479,0.18431713,0.50133830,-0.01871557
1732337501.51915669,2341,535901.51915669,22.30446895,114.18064747,8.03683123,-102.04409507,-1.97493944,-0.02344383,24.84438358,47.04986284,2.75985776,0.19765815,0.44399821,-0.00722168
1732337501.71934271,2341,535901.71934271,22.30446993,114.18064801,8.04106513,-102.05576243,-2.44240739,0.13686895,24.90006454,47.15922799,2.76409064,0.18717972,0.47520053,-0.02006783
1732337501.91951275,2341,535901.91951275,22.30447072,114.18064796,8.03349940,-102.17447218,-2.46596241,0.15288091,24.89487351,47.24676702,2.75652428,0.15595029,0.46884901,-0.00808338
1732337502.11972713,2341,535902.11972713,22.30447160,114.18064834,8.03403551,-102.20045013,-2.61858029,0.30554184,24.93468312,47.34345034,2.75705951,0.13303127,0.51212214,-0.02379416
1732337502.31985188,2341,535902.31985188,22.30447263,114.18064836,8.02187407,-102.29722253,-2.68757216,0.24641479,24.93667922,47.45758219,2.74489721,0.12459287,0.47362252,-0.00513513
1732337502.52008820,2341,535902.52008820,22.30447339,114.18064876,8.01565450,-102.28298769,-2.75063934,0.28069131,24.97814721,47.54211443,2.73867685,0.14988592,0.46338777,-0.00451557
1732337502.72018528,2341,535902.72018528,22.30447431,114.18064912,8.02366347,-102.24039638,-3.08651097,-0.27659099,25.01492012,47.64355482,2.74668491,0.11200977,0.47288113,-0.01391324
1732337502.92036057,2341,535902.92036057,22.30447511,114.18064943,8.00721501,-102.27098529,-2.95481942,-0.06194556,25.04712333,47.73204413,2.73023566,0.14371115,0.46954422,-0.02159388
1732337503.12053299,2341,535903.12053299,22.30447603,114.18064950,8.00797337,-102.34517098,-2.98396527,-0.09480269,25.05432709,47.83410178,2.73099322,0.15469000,0.50566026,-0.04414659
1732337503.32070160,2341,535903.32070160,22.30447692,114.18064991,8.00308395,-102.32485496,-3.17091800,-0.05177700,25.09630120,47.93282528,2.72610289,0.17027684,0.42142026,-0.00739521
1732337503.52087021,2341,535903.52087021,22.30447780,114.18065025,8.00131198,-102.39343800,-3.14116921,-0.09404435,25.13150615,48.03058547,2.72433005,0.14181691,0.45627330,-0.02760561
1732337503.72105265,2341,535903.72105265,22.30447856,114.18065054,7.99366509,-102.38875399,-2.93527838,-0.23436156,25.16115002,48.11409857,2.71668240,0.09482712,0.50789074,-0.01418939
1732337503.92122507,2341,535903.92122507,22.30447950,114.18065081,7.98880140,-102.49197354,-3.54599869,0.40099369,25.18886189,48.21811647,2.71181782,0.18496563,0.49661008,-0.05195157
1732337504.12151623,2341,535904.12151623,22.30448044,114.18065119,8.00367686,-102.44070134,-3.82117387,-0.82090881,25.22799706,48.32240187,2.72669233,-0.00177666,0.56550382,-0.03123437
1732337504.32162857,2341,535904.32162857,22.30448121,114.18065129,7.97691961,-102.50121422,-3.10166194,-0.12502312,25.23825691,48.40790040,2.69993438,0.03754050,0.50043843,-0.01990334
1732337504.52174973,2341,535904.52174973,22.30448170,114.18065146,7.97745271,-102.53980552,-2.66037306,-0.71200714,25.25637199,48.46190870,2.70046700,0.05787109,0.58671836,-0.04104553
1732337504.72191715,2341,535904.72191715,22.30448255,114.18065163,7.97450447,-102.61954085,-2.48150468,-0.09490425,25.27317135,48.55585744,2.69751797,0.02733401,0.48729063,-0.02447458
1732337504.92218781,2341,535904.92218781,22.30448313,114.18065180,7.97577619,-102.49256555,-1.41676431,-0.34502089,25.29124929,48.62068283,2.69878913,0.00486905,0.48182865,-0.04351298
1732337505.12225866,2341,535905.12225866,22.30448379,114.18065205,7.97175764,-102.53298480,-0.67130697,-0.19607387,25.31699088,48.69370997,2.69476991,0.05106423,0.45758478,-0.00870258
1732337505.32242203,2341,535905.32242203,22.30448462,114.18065243,7.97279722,-102.60338635,-0.66832042,-0.23597763,25.35628861,48.78504668,2.69580864,0.08430794,0.42387950,-0.00385414
1732337505.52271152,2341,535905.52271152,22.30448531,114.18065277,7.97101956,-102.62378538,-0.34090629,-0.59637102,25.39116510,48.86167551,2.69403024,0.08328623,0.40778709,-0.01124480
1732337505.72277713,2341,535905.72277713,22.30448620,114.18065297,7.95592104,-102.59376735,-0.47018905,-0.01673979,25.41108690,48.96013395,2.67893089,0.11749963,0.32022244,0.00480989
1732337505.92294788,2341,535905.92294788,22.30448700,114.18065318,7.96615295,-102.54471267,-0.57256078,-0.52353375,25.43290773,49.04893566,2.68916203,0.13955379,0.34682029,0.00400100
1732337506.12311268,2341,535906.12311268,22.30448784,114.18065371,7.96741249,-102.51105379,-0.82197192,-0.56751519,25.48808427,49.14213705,2.69042062,0.18638781,0.39401722,-0.00102168
1732337506.32329273,2341,535906.32329273,22.30448871,114.18065391,7.97723138,-102.51564631,-1.12610414,-0.79911163,25.50863583,49.23882462,2.70023868,0.18872170,0.40925361,-0.00688377
1732337506.52346516,2341,535906.52346516,22.30448958,114.18065410,7.96278374,-102.41826816,-0.73608270,-1.12701997,25.52788930,49.33423053,2.68579023,0.16666323,0.39565572,0.00015949
1732337506.72363758,2341,535906.72363758,22.30449022,114.18065445,7.95989066,-102.57608955,-0.74002519,-1.10035292,25.56446073,49.40542076,2.68289645,0.17438754,0.41351944,-0.00308855
1732337506.92381191,2341,535906.92381191,22.30449094,114.18065467,7.96548101,-102.69142289,-0.42840746,-1.30435886,25.58653508,49.48571593,2.68848609,0.12680159,0.44449190,0.00221090
1732337507.12399387,2341,535907.12399387,22.30449178,114.18065494,7.96482593,-103.49904164,-0.12626582,-1.14377988,25.61483766,49.57814398,2.68783017,0.09027933,0.43778927,-0.00409608
1732337507.32419634,2341,535907.32419634,22.30449242,114.18065505,7.96153045,-104.72315013,-0.05431909,-0.94404472,25.62608756,49.64876312,2.68453409,0.11875242,0.43767682,0.00951392
1732337507.52432919,2341,535907.52432919,22.30449299,114.18065534,7.96233546,-106.41505084,0.02746531,-1.17233695,25.65621114,49.71231998,2.68533848,0.11916134,0.42025020,0.01176646
1732337507.72450233,2341,535907.72450233,22.30449356,114.18065563,7.97667103,-108.13470537,0.68394031,-1.47526779,25.68616296,49.77570820,2.69967343,0.15966363,0.42374020,0.00399062
1732337507.92467308,2341,535907.92467308,22.30449409,114.18065574,7.98148921,-109.89986658,0.97378787,-1.08507607,25.69692342,49.83401198,2.70449111,0.17485971,0.44747615,0.01533505
1732337508.12484455,2341,535908.12484455,22.30449490,114.18065590,7.96214088,-112.49425350,0.77623400,-0.44085747,25.71310945,49.92342346,2.68514202,0.20376885,0.42808263,-0.00481983
1732337508.32509041,2341,535908.32509041,22.30449547,114.18065612,7.97039676,-115.04046929,0.29559436,-0.08730159,25.73638860,49.98658411,2.69339730,0.17623497,0.37215456,0.00902162
1732337508.52527714,2341,535908.52527714,22.30449622,114.18065657,7.97345795,-117.86502015,0.38572818,-0.42665597,25.78281203,50.06999850,2.69645765,0.21316625,0.31787460,0.01229895
1732337508.72544575,2341,535908.72544575,22.30449663,114.18065715,7.98543169,-120.35811102,0.50628257,-0.82229837,25.84254548,50.11521205,2.70843080,0.24321838,0.35532547,0.00883654
1732337508.92552924,2341,535908.92552924,22.30449729,114.18065752,7.97610311,-122.72739223,0.62166028,-0.59279515,25.88062310,50.18830678,2.69910148,0.26180745,0.35934876,0.02676393
1732337509.12579632,2341,535909.12579632,22.30449800,114.18065781,7.98463390,-124.72835835,1.00348857,-0.57141583,25.91079920,50.26683324,2.70763153,0.29233995,0.37000346,0.00461597
1732337509.32588434,2341,535909.32588434,22.30449862,114.18065835,7.99466383,-126.93204067,0.58752488,-0.42680072,25.96582876,50.33628428,2.71766068,0.26631956,0.32959535,0.01620519
1732337509.52608490,2341,535909.52608490,22.30449923,114.18065915,7.99642194,-129.13659882,0.77407018,-0.94615522,26.04810726,50.40378782,2.71941792,0.26213924,0.34622261,0.00665779
1732337509.72622275,2341,535909.72622275,22.30449969,114.18065959,7.98550303,-130.95466559,1.50013740,-1.00529073,26.09387541,50.45446329,2.70849841,0.28913844,0.30137317,0.01611870
1732337509.92639685,2341,535909.92639685,22.30450027,114.18066005,7.99650681,-133.01236137,1.50164454,-0.90556510,26.14087838,50.51830964,2.71950150,0.31835863,0.27285202,0.01243048
1732337510.12659383,2341,535910.12659383,22.30450083,114.18066063,7.98646251,-135.57962472,1.49188036,-0.68249880,26.20085004,50.58016653,2.70945645,0.34180416,0.25874342,0.00006139
1732337510.32673454,2341,535910.32673454,22.30450133,114.18066139,7.98922057,-138.41837635,1.11927852,-0.82612640,26.27894463,50.63547763,2.71221375,0.34273339,0.18471269,0.01167301
1732337510.52694678,2341,535910.52694678,22.30450180,114.18066216,7.99379600,-140.64860354,1.00081864,-0.89360040,26.35846000,50.68832197,2.71678843,0.35490909,0.16749697,0.00792298
1732337510.72707605,2341,535910.72707605,22.30450234,114.18066290,7.99278373,-143.15643748,0.85548323,-1.09356656,26.43489096,50.74725569,2.71577539,0.40822895,0.16638226,0.00795584
1732337510.92725539,2341,535910.92725539,22.30450285,114.18066358,8.00932316,-145.76995147,0.34742219,-1.16603068,26.50437850,50.80361651,2.73231407,0.42926357,0.20536361,0.01851692
1732337511.12743187,2341,535911.12743187,22.30450340,114.18066431,7.99633900,-148.43596246,0.30787326,-0.80421507,26.57983962,50.86501187,2.71932910,0.44959052,0.14700004,0.02148919
1732337511.32759809,2341,535911.32759809,22.30450387,114.18066511,7.98650180,-151.47973769,-0.32979738,-0.63465225,26.66278842,50.91752677,2.70949114,0.43513923,0.19220009,0.01709671
1732337511.52778006,2341,535911.52778006,22.30450427,114.18066610,8.01092738,-154.53848329,-0.52212849,-0.69425400,26.76438811,50.96180174,2.73391593,0.39780183,0.17436078,0.00687718
1732337511.72795868,2341,535911.72795868,22.30450449,114.18066691,8.02770011,-156.88403589,-0.31308102,-0.77489695,26.84826549,50.98521439,2.75068813,0.42321126,0.15536878,0.00632598
1732337511.92812276,2341,535911.92812276,22.30450461,114.18066769,8.01918902,-158.31933388,0.04174615,-0.98233686,26.92858405,50.99852952,2.74217659,0.45222618,0.14736057,-0.00423134
1732337512.12829304,2341,535912.12829304,22.30450503,114.18066844,8.01322849,-159.06842040,0.04451949,-0.82758162,27.00565937,51.04511254,2.73621536,0.40512790,0.10662459,-0.01045694
1732337512.32847643,2341,535912.32847643,22.30450534,114.18066909,8.01219647,-160.18824630,0.01991196,-0.68174219,27.07233665,51.08020914,2.73518277,0.42888360,0.07184736,0.00898377
1732337512.52879620,2341,535912.52879620,22.30450551,114.18067014,8.00990722,-162.59626536,-0.27284014,-0.71350317,27.18116218,51.09823163,2.73289292,0.39830125,0.11499628,0.01228171
1732337512.72885776,2341,535912.72885776,22.30450573,114.18067081,8.02150129,-165.64711833,-0.06603909,-0.64300243,27.24984790,51.12314315,2.74448649,0.34139218,0.02757143,0.00766743
1732337512.92897463,2341,535912.92897463,22.30450592,114.18067174,8.03016498,-168.35445301,-0.27573956,-0.77515017,27.34602522,51.14451659,2.75314960,0.34584512,0.01512804,0.00365691
1732337513.12916136,2341,535913.12916136,22.30450605,114.18067283,8.02285238,-170.31308275,-0.31478687,-0.77286875,27.45767590,51.15848302,2.74583641,0.33742051,-0.01463024,0.00064073
1732337513.32932901,2341,535913.32932901,22.30450617,114.18067353,8.02097197,-171.58548015,-0.18604763,-0.69920373,27.52977728,51.17192230,2.74395558,0.30785511,-0.04280249,0.00135770
1732337513.52963018,2341,535913.52963018,22.30450630,114.18067427,8.01655190,-172.62292004,-0.13814342,-0.52994732,27.60630976,51.18650347,2.73953506,0.22890056,-0.05690539,0.00397175
1732337513.72968292,2341,535913.72968292,22.30450640,114.18067495,8.01017371,-173.25329757,-0.28488160,-0.52102579,27.67612539,51.19733092,2.73315649,0.20912647,-0.08073109,0.01025468
1732337513.92984629,2341,535913.92984629,22.30450643,114.18067593,8.00850217,-173.82093245,-0.84916665,-0.90149498,27.77740667,51.20011893,2.73148448,0.12380318,0.25884232,-0.03287990
1732337514.13000870,2341,535914.13000870,22.30450641,114.18067569,8.03506153,-173.63130798,0.08091009,-0.90611955,27.75260838,51.19863721,2.75804396,0.11241395,0.15302517,0.00437514
1732337514.33016682,2341,535914.33016682,22.30450631,114.18067556,8.01661896,-173.66838431,-0.01349923,-1.05093838,27.73887685,51.18679135,2.73960155,0.08113839,0.12692613,0.00638311
1732337514.53035855,2341,535914.53035855,22.30450629,114.18067566,8.02595104,-173.64151436,-0.00273529,-0.99415186,27.74959858,51.18504747,2.74893359,0.05807103,0.08676227,0.00415642
1732337514.73056126,2341,535914.73056126,22.30450634,114.18067571,8.02831588,-173.61862369,-0.04663738,-0.99994129,27.75481822,51.19102765,2.75129836,0.04071717,0.05516710,0.00131369
1732337514.93069601,2341,535914.93069601,22.30450628,114.18067565,8.02904763,-173.61130894,-0.05534093,-0.99577560,27.74899050,51.18395121,2.75203019,0.02861352,0.03252790,-0.00040245
1732337515.13086033,2341,535915.13086033,22.30450633,114.18067571,8.02039822,-173.60056186,-0.07555965,-1.01953533,27.75430942,51.18984940,2.74338071,0.01926967,0.01577246,-0.00059340
1732337515.33113384,2341,535915.33113384,22.30450631,114.18067563,8.02388940,-173.62384486,-0.04841800,-1.00859980,27.74691562,51.18684697,2.74687195,0.01309962,0.00370760,-0.00140585
1732337515.53122711,2341,535915.53122711,22.30450639,114.18067570,8.01570726,-173.60101551,-0.05369084,-1.02629762,27.75339504,51.19592893,2.73868971,0.00721379,-0.00639112,-0.00087724
1732337515.73149657,2341,535915.73149657,22.30450634,114.18067569,8.02241399,-173.61651314,-0.03168713,-1.01451363,27.75289335,51.19092112,2.74539648,0.00359834,-0.01156817,-0.00099479
1732337515.93157363,2341,535915.93157363,22.30450632,114.18067565,8.02296233,-173.61495558,-0.06510515,-1.02132800,27.74884049,51.18893267,2.74594486,0.00269330,-0.01450786,-0.00151119
1732337516.13173437,2341,535916.13173437,22.30450639,114.18067573,8.01737478,-173.61074218,-0.06692615,-1.02326294,27.75726636,51.19606745,2.74035720,0.00205753,-0.01745757,-0.00078527
1732337516.33191109,2341,535916.33191109,22.30450638,114.18067590,8.02279253,-173.57814752,-0.10143331,-1.03009858,27.77387434,51.19546739,2.74577489,-0.00194727,-0.01941723,-0.00088668
1732337516.53208899,2341,535916.53208899,22.30450635,114.18067574,8.01514674,-173.59854845,-0.06467586,-1.04114964,27.75761247,51.19183671,2.73812920,-0.00298842,-0.02016192,-0.00031813
1732337516.73224401,2341,535916.73224401,22.30450638,114.18067578,8.01464118,-173.59758616,-0.04287644,-1.03292231,27.76219586,51.19518360,2.73762360,-0.00349765,-0.01986375,0.00124258
1732337516.93242288,2341,535916.93242288,22.30450637,114.18067559,8.02045878,-173.60870452,-0.06967922,-1.00067688,27.74284477,51.19375156,2.74344129,-0.00177298,-0.01949173,0.00121998
1732337517.13258982,2341,535917.13258982,22.30450631,114.18067576,8.01694344,-173.60867996,-0.03565666,-1.02108376,27.75968958,51.18759679,2.73992593,-0.00072053,-0.01667105,0.00246658
1732337517.33276463,2341,535917.33276463,22.30450628,114.18067573,8.02225827,-173.59197970,-0.07116996,-0.99432541,27.75657482,51.18347357,2.74524081,-0.00199319,-0.01321370,0.00181323
1732337517.53293610,2341,535917.53293610,22.30450627,114.18067575,8.01770907,-173.60549703,-0.02090194,-1.02172513,27.75845377,51.18303520,2.74069160,-0.00075621,-0.00863866,0.00323484
1732337517.73311758,2341,535917.73311758,22.30450634,114.18067575,8.02456627,-173.58703577,-0.07461439,-0.97453070,27.75859054,51.19097913,2.74754873,-0.00185765,-0.00746079,0.00251861
1732337517.93328905,2341,535917.93328905,22.30450631,114.18067586,8.01608155,-173.60832755,-0.02706378,-1.01806349,27.77004351,51.18702640,2.73906400,-0.00156163,-0.00516808,0.00369962
1732337518.13345814,2341,535918.13345814,22.30450634,114.18067585,8.02429371,-173.59482694,-0.14328436,-1.01839577,27.76883081,51.19090309,2.74727613,-0.00247139,-0.00481527,0.00404246
1732337518.33363414,2341,535918.33363414,22.30450638,114.18067584,8.02483210,-173.58290512,-0.10507363,-1.02059452,27.76785711,51.19547333,2.74781448,-0.00318414,-0.00342650,0.00391188
1732337518.53381109,2341,535918.53381109,22.30450640,114.18067578,8.03002987,-173.58271531,-0.10289335,-0.99372675,27.76216056,51.19710269,2.75301227,0.00117054,-0.00310253,0.00254391
1732337518.73403788,2341,535918.73403788,22.30450634,114.18067585,8.02943228,-173.59984516,-0.20463729,-0.99976987,27.76923221,51.19059053,2.75241470,0.00017199,-0.00205996,0.00212550
1732337518.93416500,2341,535918.93416500,22.30450640,114.18067569,8.02376805,-173.59480144,-0.11195092,-1.01399427,27.75291742,51.19704500,2.74675049,0.00119883,-0.00241704,0.00214221
1732337519.13434172,2341,535919.13434172,22.30450635,114.18067587,8.02764728,-173.58414990,-0.10565395,-0.98485036,27.77135658,51.19164263,2.75062968,-0.00012259,-0.00143845,0.00176065
1732337519.33450556,2341,535919.33450556,22.30450632,114.18067585,8.02838852,-173.57569636,-0.13189498,-0.98345833,27.76939342,51.18868608,2.75137096,-0.00037004,-0.00072293,0.00154630
1732337519.53468013,2341,535919.53468013,22.30450644,114.18067582,8.02194865,-173.58185140,-0.10955432,-1.03457112,27.76642600,51.20171121,2.74493100,0.00136959,-0.00157038,0.00256602
1732337519.73484707,2341,535919.73484707,22.30450644,114.18067567,8.02798251,-173.57410086,-0.15549104,-0.99650834,27.75105696,51.20134687,2.75096492,0.00366674,-0.00209599,0.00180397
1732337519.93501997,2341,535919.93501997,22.30450640,114.18067581,8.02984348,-173.58680982,-0.12816620,-0.99417133,27.76541552,51.19729103,2.75282586,0.00335543,-0.00229508,0.00200828
1732337520.13517737,2341,535920.13517737,22.30450637,114.18067590,8.02742963,-173.57455669,-0.10427249,-0.98879402,27.77402208,51.19417704,2.75041200,0.00082325,-0.00301875,0.00183163
1732337520.33536553,2341,535920.33536553,22.30450641,114.18067573,8.02802472,-173.60568197,-0.15669077,-1.01128874,27.75667764,51.19794501,2.75100713,0.00072670,-0.00368306,0.00189271
1732337520.53553057,2341,535920.53553057,22.30450634,114.18067584,8.03080802,-173.58428665,-0.11680580,-0.98024171,27.76770320,51.19026991,2.75379045,0.00153995,-0.00299123,0.00205525
1732337520.73570085,2341,535920.73570085,22.30450635,114.18067587,8.02546353,-173.60279835,-0.10977398,-0.98103977,27.77097092,51.19193476,2.74844593,0.00314813,-0.00260364,0.00298305
1732337520.93587542,2341,535920.93587542,22.30450636,114.18067586,8.03068996,-173.59648751,-0.16134736,-0.99922922,27.77051394,51.19332142,2.75367235,0.00211677,-0.00197248,0.00243410
1732337521.13605309,2341,535921.13605309,22.30450636,114.18067587,8.03248920,-173.58915764,-0.12105211,-0.97347833,27.77100820,51.19238862,2.75547159,0.00111174,-0.00174115,0.00192873
1732337521.33620310,2341,535921.33620310,22.30450631,114.18067581,8.03059513,-173.58809914,-0.11267002,-0.97690052,27.76521982,51.18729459,2.75357759,0.00061612,-0.00001261,0.00197241
1732337521.53638554,2341,535921.53638554,22.30450637,114.18067587,8.03072028,-173.58615327,-0.13479746,-0.97732356,27.77092686,51.19411748,2.75370267,-0.00126045,0.00030918,0.00237914
1732337521.73656917,2341,535921.73656917,22.30450635,114.18067580,8.03659266,-173.60056947,-0.10589313,-0.96271001,27.76384499,51.19218355,2.75957510,-0.00210325,0.00056557,0.00122672
1732337521.93680954,2341,535921.93680954,22.30450639,114.18067583,8.03269654,-173.58012898,-0.11936905,-0.98952372,27.76706018,51.19564968,2.75567893,-0.00164318,-0.00093215,0.00141272
1732337522.13691258,2341,535922.13691258,22.30450634,114.18067583,8.03393281,-173.59735827,-0.15025167,-0.98747958,27.76758223,51.19115719,2.75691524,-0.00188698,-0.00037327,0.00061987
1732337522.33709669,2341,535922.33709669,22.30450637,114.18067585,8.02780336,-173.58710475,-0.11402648,-0.98423791,27.76947478,51.19362863,2.75078576,-0.00083272,-0.00086610,0.00170249
1732337522.53726387,2341,535922.53726387,22.30450637,114.18067581,8.03456181,-173.58912297,-0.17125389,-0.99168652,27.76526212,51.19375389,2.75754423,0.00037506,0.00033095,0.00130671
1732337522.73742151,2341,535922.73742151,22.30450631,114.18067585,8.03099350,-173.59494270,-0.16084884,-0.97990339,27.76946667,51.18781385,2.75397594,0.00148165,0.00146818,0.00177934
1732337522.93760610,2341,535922.93760610,22.30450633,114.18067588,8.03423420,-173.59473043,-0.17325813,-0.98759459,27.77261229,51.19000845,2.75721661,0.00049298,0.00254475,0.00126661
1732337523.13776207,2341,535923.13776207,22.30450642,114.18067574,8.03809723,-173.59720800,-0.17382864,-0.98739804,27.75731708,51.19982059,2.76107962,0.00359389,0.00119182,0.00055503
1732337523.33793211,2341,535923.33793211,22.30450632,114.18067578,8.03134586,-173.62076513,-0.14790014,-0.97554271,27.76231577,51.18860767,2.75432833,0.00402215,0.00147791,0.00085515
1732337523.53824019,2341,535923.53824019,22.30450637,114.18067582,8.03130161,-173.59796776,-0.15028358,-0.99563231,27.76639857,51.19338214,2.75428402,0.00455225,0.00217472,0.00163969
1732337523.73829937,2341,535923.73829937,22.30450636,114.18067590,8.02948289,-173.57810234,-0.16440084,-0.99062124,27.77393619,51.19255698,2.75246528,0.00337445,0.00318026,0.00321415
1732337523.93846178,2341,535923.93846178,22.30450634,114.18067598,8.03387173,-173.56953376,-0.14761631,-0.98044960,27.78236807,51.19076753,2.75685409,-0.00098102,0.00369495,0.00350748
1732337524.13863373,2341,535924.13863373,22.30450641,114.18067589,8.03900289,-173.58058593,-0.12062941,-0.96742613,27.77288284,51.19781116,2.76198523,-0.00144745,0.00205461,0.00266769
1732337524.33880186,2341,535924.33880186,22.30450640,114.18067585,8.03487486,-173.59568373,-0.15837758,-0.99180812,27.76939075,51.19765988,2.75785722,-0.00083221,0.00130881,0.00333036
1732337524.53898168,2341,535924.53898168,22.30450634,114.18067583,8.03088350,-173.59385970,-0.18023923,-1.01021828,27.76714122,51.19013192,2.75386593,0.00090000,0.00231609,0.00431125
1732337524.73914719,2341,535924.73914719,22.30450641,114.18067580,8.03879474,-173.60179224,-0.16062587,-0.99379592,27.76393495,51.19823420,2.76177713,0.00239191,0.00174882,0.00419416
1732337524.93933249,2341,535924.93933249,22.30450640,114.18067584,8.03615786,-173.59245139,-0.17531858,-0.99566991,27.76839235,51.19717264,2.75914023,0.00171529,0.00168399,0.00521394
1732337525.13949394,2341,535925.13949394,22.30450636,114.18067587,8.03764847,-173.59596320,-0.11593086,-0.98342577,27.77074889,51.19254519,2.76063087,0.00297125,0.00293072,0.00535723
1732337525.33966303,2341,535925.33966303,22.30450639,114.18067597,8.04069243,-173.57612164,-0.23038552,-0.98091844,27.78189892,51.19647403,2.76367475,-0.00073776,0.00200905,0.00541573
1732337525.53984833,2341,535925.53984833,22.30450647,114.18067579,8.03115063,-173.59172393,-0.11451109,-0.99320881,27.76273290,51.20498993,2.75413296,0.00171086,0.00211325,0.00770238
1732337525.74001288,2341,535925.74001288,22.30450646,114.18067571,8.04780404,-173.61504146,-0.19680894,-0.96019014,27.75460570,51.20391672,2.77078641,0.00604849,0.00104367,0.00669207
1732337525.94018483,2341,535925.94018483,22.30450642,114.18067597,8.04183428,-173.56992751,-0.20886916,-0.97055535,27.78181362,51.19964694,2.76481658,0.00726026,0.00081782,0.00655162
1732337526.14034700,2341,535926.14034700,22.30450642,114.18067591,8.05156958,-173.57935209,-0.27252400,-0.97403403,27.77529222,51.19960029,2.77455191,0.00663223,0.00074659,0.00481125
1732337526.34053206,2341,535926.34053206,22.30450640,114.18067598,8.04282794,-173.57446907,-0.19950233,-0.97774759,27.78286076,51.19733694,2.76581025,0.00554295,0.00102646,0.00523123
1732337526.54068899,2341,535926.54068899,22.30450640,114.18067589,8.04891941,-173.59436527,-0.20468068,-0.97420122,27.77277829,51.19763673,2.77190176,0.00688957,0.00208527,0.00482645
1732337526.74086857,2341,535926.74086857,22.30450643,114.18067600,8.04995353,-173.55979908,-0.21556925,-0.96044826,27.78469824,51.20065696,2.77293580,0.00511402,0.00356427,0.00403389
1732337526.94104528,2341,535926.94104528,22.30450636,114.18067604,8.05700021,-173.57421626,-0.21344487,-0.94468206,27.78820979,51.19250924,2.77998254,0.00329001,0.00516545,0.00213407
1732337527.14121866,2341,535927.14121866,22.30450646,114.18067593,8.04971413,-173.59622362,-0.23495162,-0.97512152,27.77711559,51.20341049,2.77269641,0.00332069,0.00514159,0.00147955
1732337527.34139538,2341,535927.34139538,22.30450644,114.18067595,8.05165715,-173.58054558,-0.21279879,-0.96239559,27.77948863,51.20160673,2.77463944,0.00355120,0.00554574,0.00037973
1732337527.54156780,2341,535927.54156780,22.30450648,114.18067597,8.04803271,-173.58590287,-0.24159636,-0.98761339,27.78182666,51.20607736,2.77101495,0.00454238,0.00528493,0.00019397
1732337527.74174833,2341,535927.74174833,22.30450646,114.18067594,8.05163120,-173.57808045,-0.26825108,-0.98131092,27.77874904,51.20371716,2.77461347,0.00394537,0.00524028,-0.00035203
1732337527.94191074,2341,535927.94191074,22.30450649,114.18067599,8.05020388,-173.57554726,-0.22775413,-0.98260992,27.78372679,51.20680802,2.77318610,0.00313081,0.00486822,-0.00060889
1732337528.14208078,2341,535928.14208078,22.30450648,114.18067606,8.05057400,-173.56633477,-0.22259860,-0.97793110,27.79067937,51.20641538,2.77355620,0.00139713,0.00445134,-0.00064122
1732337528.34225297,2341,535928.34225297,22.30450650,114.18067609,8.05053403,-173.56294020,-0.24481059,-0.97704963,27.79382658,51.20818748,2.77351620,0.00037500,0.00438031,-0.00125927
1732337528.54242945,2341,535928.54242945,22.30450652,114.18067597,8.05199157,-173.56542523,-0.28282842,-0.98895722,27.78139795,51.21088643,2.77497377,0.00121061,0.00443145,-0.00168703
1732337528.74260426,2341,535928.74260426,22.30450643,114.18067599,8.05381013,-173.57784966,-0.22805460,-0.96342235,27.78321531,51.20085525,2.77679240,0.00041362,0.00603217,-0.00266584
1732337528.94277811,2341,535928.94277811,22.30450650,114.18067604,8.04590613,-173.57956420,-0.19794515,-0.97864252,27.78848317,51.20794626,2.76888832,-0.00072130,0.00560533,-0.00231653
1732337529.14294028,2341,535929.14294028,22.30450651,114.18067596,8.04717827,-173.58266074,-0.22449308,-0.99237630,27.78065265,51.20958042,2.77016049,-0.00086303,0.00515386,-0.00181475
1732337529.34311390,2341,535929.34311390,22.30450652,114.18067601,8.04684756,-173.57383163,-0.23724350,-0.99509466,27.78600600,51.21047545,2.76982974,-0.00085785,0.00547495,-0.00158904
1732337529.54336548,2341,535929.54336548,22.30450657,114.18067588,8.04719556,-173.59142161,-0.24344542,-0.99366303,27.77191419,51.21627468,2.77017776,0.00212479,0.00407884,-0.00137256
1732337529.74354386,2341,535929.74354386,22.30450657,114.18067597,8.04779651,-173.56939637,-0.26417567,-0.99581253,27.78172625,51.21618145,2.77077867,0.00283474,0.00306025,-0.00121823
1732337529.94362593,2341,535929.94362593,22.30450657,114.18067606,8.04661437,-173.54939417,-0.25271210,-0.98390724,27.79103793,51.21579349,2.76959650,0.00184701,0.00334423,-0.00058810
1732337530.14385223,2341,535930.14385223,22.30450658,114.18067599,8.04621803,-173.55988865,-0.22682687,-0.98090752,27.78353942,51.21696590,2.76920018,0.00243877,0.00285624,-0.00008359
1732337530.34407234,2341,535930.34407234,22.30450653,114.18067603,8.04285005,-173.55270629,-0.26088224,-0.99375133,27.78813202,51.21217125,2.76583221,0.00254604,0.00274590,0.00077698
1732337530.54415369,2341,535930.54415369,22.30450654,114.18067602,8.04508057,-173.57001889,-0.24823414,-1.00289540,27.78633809,51.21326228,2.76806273,0.00290745,0.00198562,0.00144920
1732337530.74431086,2341,535930.74431086,22.30450660,114.18067595,8.04485211,-173.57177021,-0.23990293,-1.01554528,27.77984575,51.21976901,2.76783425,0.00529438,0.00065929,0.00203458
1732337530.94464016,2341,535930.94464016,22.30450660,114.18067599,8.04604063,-173.57871388,-0.26129240,-1.00870551,27.78332558,51.21923526,2.76902276,0.00609559,0.00094026,0.00260298
1732337531.14468050,2341,535931.14468050,22.30450656,114.18067600,8.04798763,-173.57397865,-0.25683146,-0.97951851,27.78484380,51.21505642,2.77096979,0.00777397,0.00152278,0.00299693
1732337531.34494972,2341,535931.34494972,22.30450656,114.18067613,8.05237653,-173.54880153,-0.31314970,-0.99156476,27.79796142,51.21545697,2.77535863,0.00506567,0.00224271,0.00205724
1732337531.54500723,2341,535931.54500723,22.30450661,114.18067613,8.05041477,-173.55285130,-0.27423010,-0.99023371,27.79787441,51.22024598,2.77339683,0.00368438,0.00074403,0.00170053
1732337531.74518490,2341,535931.74518490,22.30450664,114.18067602,8.04660902,-173.55659321,-0.25261573,-1.01353491,27.78631818,51.22340182,2.76959110,0.00454579,0.00027230,0.00264824
1732337531.94535542,2341,535931.94535542,22.30450658,114.18067612,8.04869239,-173.55584372,-0.28155987,-0.97853720,27.79675926,51.21737205,2.77167448,0.00363253,0.00188599,0.00268111
1732337532.14553666,2341,535932.14553666,22.30450651,114.18067622,8.05464058,-173.53606078,-0.27353173,-0.95633612,27.80714678,51.20898948,2.77762269,0.00132232,0.00420882,0.00205896
1732337532.34570599,2341,535932.34570599,22.30450662,114.18067607,8.05143585,-173.55288266,-0.30793440,-0.98958262,27.79182961,51.22122894,2.77441793,0.00156366,0.00284444,0.00181517
1732337532.54588008,2341,535932.54588008,22.30450659,114.18067612,8.05089825,-173.55338451,-0.28784261,-1.00548348,27.79694267,51.21843061,2.77388032,0.00099108,0.00296261,0.00203797
1732337532.74604940,2341,535932.74604940,22.30450661,114.18067607,8.05191178,-173.56059745,-0.28859666,-0.99335706,27.79152708,51.22045342,2.77489387,0.00221977,0.00372991,0.00235571
1732337532.94622087,2341,535932.94622087,22.30450660,114.18067612,8.05774944,-173.56828293,-0.28598330,-0.97348385,27.79721084,51.21939584,2.78073150,0.00063155,0.00301328,0.00145008
1732337533.14639664,2341,535933.14639664,22.30450659,114.18067615,8.04623933,-173.54616575,-0.26990383,-1.01651111,27.79965717,51.21822394,2.76922140,-0.00111560,0.00400066,0.00285365
1732337533.34656143,2341,535933.34656143,22.30450661,114.18067613,8.05092869,-173.56313748,-0.26532264,-0.98886493,27.79814888,51.22052725,2.77391074,-0.00232014,0.00479823,0.00289696
1732337533.54673290,2341,535933.54673290,22.30450664,114.18067605,8.05562908,-173.56768763,-0.28937776,-0.98116797,27.79019518,51.22337301,2.77861115,-0.00104551,0.00440880,0.00224929
1732337533.74691820,2341,535933.74691820,22.30450666,114.18067600,8.05629387,-173.56503341,-0.30462595,-0.99181371,27.78471922,51.22604086,2.77927594,0.00256896,0.00362636,0.00158744
1732337533.94713020,2341,535933.94713020,22.30450672,114.18067604,8.05512332,-173.53964180,-0.31634878,-0.99469840,27.78903421,51.23317043,2.77810531,0.00517396,0.00050011,0.00131281
1732337534.14726019,2341,535934.14726019,22.30450663,114.18067620,8.05084342,-173.53175319,-0.32271243,-1.02471505,27.80469733,51.22325365,2.77382542,0.00326216,0.00186568,0.00194273
1732337534.34753370,2341,535934.34753370,22.30450668,114.18067613,8.05577498,-173.55384194,-0.28520481,-0.98141905,27.79769807,51.22842288,2.77875697,0.00252304,0.00142944,0.00203650
1732337534.54761362,2341,535934.54761362,22.30450665,114.18067619,8.05757222,-173.54600334,-0.30203679,-0.99211356,27.80366588,51.22461744,2.78055422,-0.00002204,0.00213935,0.00166342
1732337534.74779797,2341,535934.74779797,22.30450665,114.18067610,8.05530214,-173.55654201,-0.29531882,-0.99290403,27.79490720,51.22520382,2.77828417,0.00134495,0.00198397,0.00120557
1732337534.94794011,2341,535934.94794011,22.30450659,114.18067631,8.05613002,-173.52593963,-0.32575184,-0.98524897,27.81680825,51.21879078,2.77911200,-0.00377658,0.00395553,0.00076805
1732337535.14819288,2341,535935.14819288,22.30450668,114.18067602,8.05622416,-173.56944819,-0.27514958,-0.98517301,27.78693874,51.22771814,2.77920620,-0.00094922,0.00313774,0.00072475
1732337535.34828234,2341,535935.34828234,22.30450667,114.18067603,8.05762820,-173.57419571,-0.34483960,-1.03022597,27.78720539,51.22709276,2.78061025,0.00155772,0.00337245,0.00037721
1732337535.54845715,2341,535935.54845715,22.30450673,114.18067608,8.05678888,-173.55766289,-0.29773116,-1.00668168,27.79289549,51.23347698,2.77977085,-0.00135971,0.00227156,-0.00020883
1732337535.74865294,2341,535935.74865294,22.30450665,114.18067615,8.05320942,-173.55985330,-0.27024869,-1.01189090,27.80055885,51.22528166,2.77619142,-0.00240406,0.00287143,0.00027101
1732337535.94887924,2341,535935.94887924,22.30450672,114.18067618,8.05704563,-173.53047689,-0.30740613,-0.99142407,27.80311075,51.23324389,2.78002755,-0.00190353,0.00247365,-0.00012597
1732337536.14905930,2341,535936.14905930,22.30450667,114.18067616,8.06165698,-173.55251500,-0.35744706,-1.00733013,27.80094043,51.22673736,2.78463897,-0.00238564,0.00353654,-0.00168549
1732337536.34915495,2341,535936.34915495,22.30450669,114.18067620,8.05840819,-173.53945440,-0.33992348,-1.00661861,27.80546170,51.22933739,2.78139014,-0.00294611,0.00301072,-0.00200588
1732337536.54932332,2341,535936.54932332,22.30450668,114.18067613,8.05183912,-173.55820301,-0.33700833,-1.03479365,27.79806183,51.22874374,2.77482111,-0.00424540,0.00365302,-0.00115727
1732337536.74949074,2341,535936.74949074,22.30450671,114.18067608,8.05501498,-173.56491551,-0.29669700,-1.01074030,27.79248279,51.23113691,2.77799697,-0.00519268,0.00322406,-0.00131317
1732337536.94971943,2341,535936.94971943,22.30450675,114.18067598,8.05355175,-173.56754358,-0.31697023,-1.02164035,27.78280692,51.23573613,2.77653374,-0.00318499,0.00236545,-0.00092010
1732337537.14990902,2341,535937.14990902,22.30450672,114.18067608,8.05565711,-173.56539646,-0.31018888,-1.00800558,27.79308109,51.23307632,2.77863908,-0.00402583,0.00172371,-0.00137255
1732337537.34999895,2341,535937.34999895,22.30450676,114.18067613,8.05242919,-173.56008699,-0.30319888,-1.03552859,27.79809847,51.23759235,2.77541111,-0.00516473,0.00004292,-0.00090467
1732337537.55018640,2341,535937.55018640,22.30450669,114.18067604,8.06001390,-173.57716875,-0.32112718,-1.00056649,27.78841135,51.22963793,2.78299592,-0.00330563,0.00125492,-0.00206238
1732337537.75045156,2341,535937.75045156,22.30450673,114.18067613,8.05621806,-173.55209918,-0.35650991,-1.02517431,27.79830615,51.23373444,2.77920001,-0.00576699,0.00107539,-0.00259660
1732337537.95052123,2341,535937.95052123,22.30450672,114.18067601,8.05534093,-173.56541208,-0.33602873,-1.02293492,27.78603485,51.23241662,2.77832295,-0.00381860,0.00255073,-0.00295561
1732337538.15070128,2341,535938.15070128,22.30450671,114.18067608,8.05413316,-173.56028710,-0.35445381,-1.01142405,27.79263718,51.23186173,2.77711515,-0.00412425,0.00299955,-0.00327375
1732337538.35096169,2341,535938.35096169,22.30450677,114.18067600,8.05016246,-173.56864913,-0.31533152,-1.02492509,27.78445973,51.23860377,2.77314442,-0.00203465,0.00329332,-0.00274660
1732337538.55113888,2341,535938.55113888,22.30450673,114.18067605,8.05499952,-173.56995992,-0.34808915,-1.01601230,27.78997794,51.23338496,2.77798150,-0.00189611,0.00222137,-0.00336339
1732337538.75122833,2341,535938.75122833,22.30450678,114.18067602,8.04577143,-173.57137618,-0.35638047,-1.06410215,27.78670281,51.23880300,2.76875338,-0.00134695,0.00088803,-0.00218052
1732337538.95138550,2341,535938.95138550,22.30450675,114.18067603,8.05013634,-173.56692580,-0.34732835,-1.03908691,27.78736847,51.23645446,2.77311832,-0.00134541,0.00089617,-0.00238300
1732337539.15156960,2341,535939.15156960,22.30450675,114.18067596,8.05213219,-173.56930477,-0.33439431,-1.03625832,27.78097915,51.23654754,2.77511419,-0.00038131,0.00027000,-0.00286953
1732337539.35173726,2341,535939.35173726,22.30450677,114.18067607,8.04994670,-173.56618976,-0.33280810,-1.04940022,27.79132945,51.23841354,2.77292863,-0.00069622,-0.00049359,-0.00283667
1732337539.55191064,2341,535939.55191064,22.30450677,114.18067603,8.04683882,-173.57650306,-0.35260342,-1.04968020,27.78757906,51.23876846,2.76982077,-0.00088801,-0.00066617,-0.00183462
1732337539.75208116,2341,535939.75208116,22.30450668,114.18067602,8.05085334,-173.57520960,-0.32980643,-1.03134316,27.78690429,51.22833241,2.77383538,-0.00068586,0.00060751,-0.00210235
1732337539.95225143,2341,535939.95225143,22.30450674,114.18067599,8.05050342,-173.57052426,-0.34637635,-1.03175267,27.78369091,51.23482753,2.77348542,-0.00032235,0.00137758,-0.00262046
1732337540.15242434,2341,535940.15242434,22.30450677,114.18067609,8.04813768,-173.56087914,-0.32546493,-1.03765339,27.79408919,51.23838359,2.77111961,-0.00271474,0.00068336,-0.00221809
1732337540.35259151,2341,535940.35259151,22.30450669,114.18067601,8.04471413,-173.58226259,-0.31830611,-1.05219038,27.78556300,51.22954309,2.76769617,-0.00207614,0.00266033,-0.00118106
1732337540.55275273,2341,535940.55275273,22.30450678,114.18067601,8.05050300,-173.56664786,-0.34033819,-1.03755731,27.78573633,51.23945306,2.77348496,-0.00172629,0.00193234,-0.00218782
1732337540.75293684,2341,535940.75293684,22.30450684,114.18067596,8.04564872,-173.58698895,-0.33753221,-1.05913033,27.78003575,51.24623732,2.76863064,0.00061207,0.00008286,-0.00121994
1732337540.95310426,2341,535940.95310426,22.30450678,114.18067602,8.05006030,-173.57946026,-0.35209315,-1.04509776,27.78656714,51.23909441,2.77304226,0.00151449,-0.00060143,-0.00111719
1732337541.15328455,2341,535941.15328455,22.30450675,114.18067603,8.04355652,-173.56396665,-0.36130943,-1.04894254,27.78750019,51.23556921,2.76653850,0.00050995,-0.00193849,-0.00031707
1732337541.35345912,2341,535941.35345912,22.30450679,114.18067599,8.03582566,-173.58195008,-0.30132083,-1.08060449,27.78332594,51.23999491,2.75880762,0.00174657,-0.00318836,0.00209045
1732337541.55362511,2341,535941.55362511,22.30450678,114.18067604,8.04690621,-173.55608126,-0.36234223,-1.04546429,27.78883334,51.23902711,2.76988816,0.00120539,-0.00378854,0.00202452
1732337541.75380039,2341,535941.75380039,22.30450680,114.18067601,8.04417961,-173.57689114,-0.33470013,-1.04074988,27.78567404,51.24146345,2.76716155,0.00200231,-0.00428391,0.00316210
1732337541.95398188,2341,535941.95398188,22.30450680,114.18067605,8.04497759,-173.56355256,-0.33918032,-1.03885418,27.79013665,51.24129051,2.76795951,0.00196265,-0.00581826,0.00313164
1732337542.15414762,2341,535942.15414762,22.30450684,114.18067602,8.04796944,-173.56859988,-0.34953939,-1.03234141,27.78714907,51.24638743,2.77095133,0.00014757,-0.00704894,0.00373033
1732337542.35431790,2341,535942.35431790,22.30450677,114.18067616,8.05225507,-173.54464878,-0.27573790,-1.00625382,27.80114913,51.23779520,2.77523697,-0.00359439,-0.00681201,0.00277324
1732337542.55450106,2341,535942.55450106,22.30450676,114.18067611,8.05605958,-173.56410038,-0.29902556,-1.01014348,27.79585094,51.23724873,2.77904151,-0.00408670,-0.00676811,0.00208445
1732337542.75467205,2341,535942.75467205,22.30450674,114.18067611,8.04838257,-173.55477587,-0.34906469,-1.02274999,27.79641782,51.23448571,2.77136452,-0.00626471,-0.00610141,0.00188146
1732337542.95484352,2341,535942.95484352,22.30450675,114.18067600,8.04931960,-173.58363196,-0.33032247,-1.03280465,27.78440549,51.23568846,2.77230159,-0.00511642,-0.00514053,0.00238853
1732337543.15500832,2341,535943.15500832,22.30450668,114.18067603,8.04961299,-173.58572108,-0.31206694,-1.02606624,27.78750524,51.22828095,2.77259503,-0.00445693,-0.00343606,0.00223581
1732337543.35517192,2341,535943.35517192,22.30450674,114.18067609,8.04816850,-173.57475528,-0.32654938,-1.03020914,27.79380482,51.23453457,2.77115046,-0.00428611,-0.00189426,0.00316806
1732337543.55534148,2341,535943.55534148,22.30450679,114.18067605,8.05259546,-173.57396591,-0.34274932,-1.02990798,27.78956009,51.24014482,2.77557739,-0.00255127,-0.00163041,0.00314604
1732337543.75550985,2341,535943.75550985,22.30450682,114.18067608,8.05065131,-173.55926030,-0.35280895,-1.02814813,27.79272482,51.24329621,2.77363321,-0.00177568,0.00055497,0.00377322
1732337543.95570087,2341,535943.95570087,22.30450685,114.18067606,8.05587070,-173.54707636,-0.31914292,-0.99609649,27.79043837,51.24704613,2.77885258,0.00046210,0.00266307,0.00274104
1732337544.15587211,2341,535944.15587211,22.30450675,114.18067610,8.05607743,-173.55429683,-0.33711159,-1.01270245,27.79519919,51.23645184,2.77905937,0.00466760,0.00796134,0.00252767
1732337544.35604334,2341,535944.35604334,22.30450679,114.18067607,8.05390419,-173.55314518,-0.36424180,-1.01677605,27.79212736,51.24014913,2.77688611,0.01037576,0.01456716,0.00191353
1732337544.55621243,2341,535944.55621243,22.30450670,114.18067604,8.05858080,-173.55869224,-0.36165221,-0.98849912,27.78893687,51.23075902,2.78156281,0.01769578,0.02424438,0.00099922
1732337544.75638771,2341,535944.75638771,22.30450681,114.18067611,8.05465761,-173.57264202,-0.34878741,-1.03471889,27.79554418,51.24283203,2.77763949,0.02555166,0.03474510,0.00132098
1732337544.95656753,2341,535944.95656753,22.30450677,114.18067605,8.05733334,-173.57201581,-0.33316327,-1.01424234,27.78984556,51.23857801,2.78031528,0.03778980,0.04998993,0.00102847
1732337545.15671968,2341,535945.15671968,22.30450676,114.18067611,8.05476690,-173.55518635,-0.35152885,-1.01408817,27.79611307,51.23696483,2.77774883,0.05189011,0.06805101,0.00053832
1732337545.35689545,2341,535945.35689545,22.30450675,114.18067597,8.05624411,-173.57535961,-0.35965726,-1.05547097,27.78189748,51.23621421,2.77922611,0.07308306,0.09136016,0.00179451
1732337545.55707741,2341,535945.55707741,22.30450680,114.18067611,8.05428429,-173.56410581,-0.33143653,-1.03826032,27.79548045,51.24164688,2.77726619,0.10067659,0.01960709,0.00132131
1732337545.75725722,2341,535945.75725722,22.30450679,114.18067634,8.05771382,-173.55057973,-0.33473948,-1.00408690,27.81991392,51.24022824,2.78069561,0.12201013,-0.00695202,0.00064390
1732337545.95740986,2341,535945.95740986,22.30450683,114.18067662,8.05660851,-173.51871173,-0.28382699,-1.05243259,27.84890947,51.24466129,2.77959015,0.14326425,0.01094252,-0.00113394
1732337546.15759254,2341,535946.15759254,22.30450683,114.18067688,8.05080305,-173.51199903,-0.17825508,-1.08443894,27.87544958,51.24481418,2.77378457,0.17269333,0.00953337,-0.00380402
1732337546.35775614,2341,535946.35775614,22.30450680,114.18067722,8.06221174,-173.51618083,-0.18164114,-1.05835566,27.91030672,51.24138889,2.78519314,0.18359822,-0.02104050,-0.00729329
1732337546.55795050,2341,535946.55795050,22.30450685,114.18067760,8.05632665,-173.52564751,-0.13790728,-1.16097896,27.94997542,51.24674992,2.77930783,0.22712974,-0.01310578,-0.00539396
1732337546.75810766,2341,535946.75810766,22.30450687,114.18067814,8.05100264,-173.52575029,-0.33565219,-1.16019697,28.00474520,51.24944902,2.77398356,0.25809690,-0.00500102,0.00008916
1732337546.95830297,2341,535946.95830297,22.30450698,114.18067865,8.05881867,-173.53889423,-0.17265050,-0.91634578,28.05723059,51.26139667,2.78179926,0.27313135,-0.00171669,-0.00476091
1732337547.15844536,2341,535947.15844536,22.30450704,114.18067918,8.05550959,-173.51470735,-0.34741092,-0.99384834,28.11277974,51.26760368,2.77848989,0.27478803,-0.02381931,-0.00210876
1732337547.35870814,2341,535947.35870814,22.30450698,114.18067986,8.05300442,-173.32452055,-0.31817109,-1.04173034,28.18246406,51.26160583,2.77598446,0.31709711,-0.00379895,0.00273245
1732337547.55879879,2341,535947.55879879,22.30450714,114.18068033,8.05605632,-172.98011884,-0.07808680,-0.80274324,28.23077314,51.27900411,2.77903600,0.32042526,-0.04077627,-0.00950549
1732337547.75897121,2341,535947.75897121,22.30450728,114.18068100,8.03245114,-172.43105674,-0.06528054,-0.61910604,28.29984935,51.29487899,2.75543039,0.38092524,0.03450749,0.00869580
1732337547.95914555,2341,535947.95914555,22.30450739,114.18068167,8.06312904,-170.63647112,-0.37534587,-0.66085241,28.36919361,51.30692715,2.78610788,0.30095585,0.12780005,0.00354793
1732337548.15931630,2341,535948.15931630,22.30450755,114.18068195,8.04615513,-168.27243146,0.25177009,-0.45419638,28.39744843,51.32482671,2.76913370,0.37673164,0.09795002,0.01925960
1732337548.35948372,2341,535948.35948372,22.30450769,114.18068262,8.05178742,-165.61045480,0.25410149,0.13042108,28.46622262,51.34045087,2.77476556,0.29354302,0.14745737,0.01138472
1732337548.55966663,2341,535948.55966663,22.30450784,114.18068299,8.06260816,-162.82615041,0.74507199,0.31523868,28.50530085,51.35645919,2.78558600,0.27582846,0.09440285,0.00736363
1732337548.75984645,2341,535948.75984645,22.30450790,114.18068347,8.06647461,-159.32349161,0.66302411,0.30183017,28.55390657,51.36371381,2.78945217,0.22434866,0.09986111,0.01897420
1732337548.96008348,2341,535948.96008348,22.30450792,114.18068433,8.07763761,-154.61639123,0.37483016,0.22241833,28.64271915,51.36561220,2.80061476,0.13141066,0.16621992,-0.00555642
1732337549.16017532,2341,535949.16017532,22.30450813,114.18068490,8.06892438,-150.11787253,0.57154717,-0.04798138,28.70128365,51.38876949,2.79190107,0.15963503,0.16393883,-0.02737214
1732337549.36034298,2341,535949.36034298,22.30450810,114.18068530,8.05813178,-145.35207305,0.87019894,-0.32236616,28.74261444,51.38603411,2.78110831,0.30657075,0.21185538,0.00461268
1732337549.56052375,2341,535949.56052375,22.30450826,114.18068587,8.07636569,-140.83803308,1.22103724,-0.40692968,28.80164674,51.40303891,2.79934182,0.33652449,0.23240112,0.00503320
1732337549.76069450,2341,535949.76069450,22.30450849,114.18068614,8.06073940,-137.50634736,1.51574070,-0.25533590,28.82966304,51.42897623,2.78371519,0.34563531,0.23263892,0.01911135
1732337549.96086192,2341,535949.96086192,22.30450895,114.18068659,8.06788446,-135.21228250,1.52540881,0.09274234,28.87532040,51.47927036,2.79085964,0.27369239,0.23142035,-0.00357644
1732337550.16104031,2341,535950.16104031,22.30450955,114.18068704,8.06967041,-133.44989119,1.35123222,0.39514147,28.92247416,51.54658481,2.79264482,0.27516817,0.19605071,-0.00018127
1732337550.36134195,2341,535950.36134195,22.30450991,114.18068741,8.06193785,-131.48765903,1.36005581,0.40908675,28.96047308,51.58554123,2.78491178,0.26319378,0.25478762,0.00962104
1732337550.56152129,2341,535950.56152129,22.30451059,114.18068795,8.06574580,-129.38037603,1.24521716,0.58619564,29.01643718,51.66115474,2.78871886,0.17870916,0.29278690,0.01313984
1732337550.76156330,2341,535950.76156330,22.30451107,114.18068827,8.06102831,-127.14978176,1.27138485,0.61180384,29.04891589,51.71483355,2.78400078,0.22650657,0.27634920,0.02072497
1732337550.96172857,2341,535950.96172857,22.30451144,114.18068885,8.07828858,-124.82286047,1.40482553,0.49244823,29.10908631,51.75483992,2.80126045,0.20418706,0.27186696,0.01629806
1732337551.16190100,2341,535951.16190100,22.30451199,114.18068925,8.07495185,-121.60694588,1.53466429,0.51209069,29.15001358,51.81669280,2.79792304,0.21881861,0.30790151,0.01486819
1732337551.36208916,2341,535951.36208916,22.30451248,114.18068972,8.08834492,-118.95291785,1.79995109,0.59691316,29.19820135,51.87062984,2.81131544,0.23365459,0.27231696,-0.00287225
1732337551.56224203,2341,535951.56224203,22.30451313,114.18069018,8.08657125,-117.23897243,1.74995499,0.57599390,29.24551827,51.94296886,2.80954096,0.26659901,0.30397431,0.00806706
1732337551.76241755,2341,535951.76241755,22.30451383,114.18069060,8.08097152,-115.89972692,1.44345352,0.79617904,29.28864871,52.02022282,2.80394040,0.25334739,0.34317214,0.01971630
1732337551.96258450,2341,535951.96258450,22.30451454,114.18069085,8.10082855,-114.83541836,0.98311578,0.98109888,29.31487807,52.09911809,2.82379667,0.17286140,0.37399768,0.02156072
1732337552.16276217,2341,535952.16276217,22.30451518,114.18069113,8.08908300,-114.00327210,1.03894167,1.20683739,29.34360014,52.16981480,2.81205040,0.21152308,0.35853293,0.00689847
1732337552.36301565,2341,535952.36301565,22.30451595,114.18069149,8.09781217,-113.22114590,0.80586287,1.21982099,29.38019847,52.25468046,2.82077870,0.18589908,0.36522363,0.01145235
1732337552.56311536,2341,535952.56311536,22.30451658,114.18069189,8.09418913,-112.65551718,0.72864234,1.22871423,29.42176712,52.32456337,2.81715490,0.13505544,0.40353472,0.01384728
1732337552.76327085,2341,535952.76327085,22.30451723,114.18069210,8.09725279,-112.28578265,0.73905133,1.35335622,29.44323996,52.39672660,2.82021786,0.15208158,0.40002715,0.01515079
1732337552.96346951,2341,535952.96346951,22.30451789,114.18069247,8.09000807,-111.84578308,1.17385285,1.15310863,29.48216358,52.46948461,2.81297236,0.13134804,0.40084833,0.01270746
1732337553.16362691,2341,535953.16362691,22.30451854,114.18069278,8.10030662,-111.27778729,1.19445196,1.30453489,29.51358111,52.54158353,2.82327016,0.12360462,0.37123647,0.01398356
1732337553.36394787,2341,535953.36394787,22.30451899,114.18069331,8.11436154,-110.07285589,1.35937536,1.18800387,29.56867476,52.59154757,2.83732441,0.16624016,0.39077374,0.00526586
1732337553.56397009,2341,535953.56397009,22.30451980,114.18069359,8.10587733,-109.27531009,1.38722613,1.13354028,29.59729901,52.68159343,2.82883933,0.13458826,0.38581012,0.00560592
1732337553.76422405,2341,535953.76422405,22.30452045,114.18069390,8.09947998,-108.67441469,1.50251244,1.19187309,29.62856539,52.75287852,2.82244124,0.14948353,0.40744642,0.01961659
1732337553.96431756,2341,535953.96431756,22.30452130,114.18069412,8.10610050,-107.93129918,1.36964101,1.46942742,29.65147125,52.84765925,2.82906087,0.14882613,0.37113096,0.01248498
1732337554.16448736,2341,535954.16448736,22.30452196,114.18069450,8.12093224,-107.10396699,1.18612468,1.36007049,29.69066499,52.92073378,2.84389181,0.09354424,0.35087145,0.00216009
1732337554.36467695,2341,535954.36467695,22.30452260,114.18069484,8.12320890,-106.60119114,1.37451351,0.99314667,29.72583534,52.99125781,2.84616772,0.12043482,0.38069257,0.01057009
1732337554.56482673,2341,535954.56482673,22.30452328,114.18069522,8.12996227,-105.75628180,1.34619381,0.90252156,29.76482682,53.06660644,2.85292028,0.10856714,0.35140346,0.00346398
1732337554.76500225,2341,535954.76500225,22.30452392,114.18069557,8.12194548,-104.92719690,1.50710023,0.76610071,29.80112065,53.13773848,2.84490273,0.13225077,0.40630081,0.01149382
1732337554.96517682,2341,535954.96517682,22.30452470,114.18069576,8.12140935,-104.37176136,1.53917771,0.87765605,29.82041242,53.22326156,2.84436579,0.12548325,0.41380980,0.00868607
1732337555.16534877,2341,535955.16534877,22.30452558,114.18069594,8.12397400,-103.85120494,1.51723335,0.99891745,29.83926453,53.32069058,2.84692954,0.12941017,0.36430347,-0.00068505
1732337555.36563921,2341,535955.36563921,22.30452626,114.18069624,8.13110607,-103.55039667,1.25046826,0.66974525,29.86970725,53.39637405,2.85406082,0.09713282,0.36069608,0.00678595
1732337555.56569338,2341,535955.56569338,22.30452692,114.18069653,8.12246024,-103.17895682,1.47673345,0.52204272,29.89986524,53.46968803,2.84541423,0.11477895,0.38181558,0.01133083
1732337555.76587033,2341,535955.76587033,22.30452775,114.18069684,8.13826438,-102.86388194,1.31231957,0.56414052,29.93179275,53.56134935,2.86121746,0.13842902,0.40111956,0.00666697
1732337555.96603775,2341,535955.96603775,22.30452853,114.18069710,8.13305807,-102.59851934,1.12100138,0.54100424,29.95881541,53.64746856,2.85601029,0.10045777,0.42651478,0.01283311
1732337556.16621065,2341,535956.16621065,22.30452931,114.18069732,8.13928774,-102.45681941,1.24457161,0.60938873,29.98121098,53.73444548,2.86223912,0.11603121,0.43408395,0.00955781
1732337556.36638021,2341,535956.36638021,22.30453000,114.18069741,8.13037470,-102.28141631,1.07465952,0.65225568,29.99035171,53.81075614,2.85332538,0.10413571,0.42329237,0.00432467
1732337556.56656790,2341,535956.56656790,22.30453076,114.18069776,8.14076637,-102.18026915,1.07189503,0.47567918,30.02690416,53.89510959,2.86371617,0.08263156,0.42232008,0.00823789
1732337556.76672888,2341,535956.76672888,22.30453152,114.18069803,8.13077380,-102.07837931,1.33989397,0.33628989,30.05504950,53.97859523,2.85372276,0.15562528,0.48206666,0.00251101
1732337556.96689248,2341,535956.96689248,22.30453235,114.18069808,8.13524813,-101.93993153,1.18695937,0.59772973,30.05974525,54.07050999,2.85819628,0.14097395,0.47238813,0.01947049
1732337557.16716599,2341,535957.16716599,22.30453326,114.18069822,8.14191787,-101.73091002,1.16743485,0.62419028,30.07441337,54.17129196,2.86486510,0.15231464,0.48308898,0.01315597
1732337557.36724424,2341,535957.36724424,22.30453408,114.18069858,8.15187252,-101.63850835,0.98284783,0.70451831,30.11158822,54.26228095,2.87481879,0.12956582,0.47845279,0.00195070
1732337557.56741667,2341,535957.56741667,22.30453501,114.18069871,8.13586929,-101.58087983,1.00630825,0.61863775,30.12457791,54.36489509,2.85881462,0.12029259,0.50359340,0.01634232
1732337557.76758909,2341,535957.76758909,22.30453577,114.18069896,8.13838606,-101.55991271,1.33833118,0.48462260,30.15081411,54.44901763,2.86133055,0.11260926,0.52742276,0.01738236
1732337557.96775651,2341,535957.96775651,22.30453667,114.18069915,8.14814668,-101.55394228,1.39617800,0.68934408,30.17022681,54.54930795,2.87109022,0.13947160,0.49161127,0.00956742
1732337558.16800261,2341,535958.16800261,22.30453756,114.18069935,8.14498821,-101.45504404,1.56773779,0.87633461,30.19105841,54.64751952,2.86793079,0.11433045,0.50184795,0.00209722
1732337558.36811376,2341,535958.36811376,22.30453833,114.18069964,8.14382624,-101.36721508,1.48413400,1.02836325,30.22003813,54.73324706,2.86676795,0.06136596,0.50340006,-0.01145236
1732337558.56840253,2341,535958.56840253,22.30453919,114.18069968,8.14708340,-101.36373259,1.57566288,1.15914309,30.22454389,54.82785052,2.87002427,0.08239291,0.49415620,0.01153290
1732337558.76845598,2341,535958.76845598,22.30454005,114.18069984,8.15390920,-101.32808291,1.75135432,1.25647696,30.24158187,54.92400583,2.87684916,0.08193882,0.45226678,0.01071460
1732337558.96862078,2341,535958.96862078,22.30454086,114.18069997,8.15067621,-101.29709433,1.80387071,1.31716078,30.25451096,55.01273739,2.87361534,0.11285940,0.46922088,0.02191166
1732337559.16879606,2341,535959.16879606,22.30454163,114.18070033,8.16318659,-101.08573572,1.89170404,1.11456563,30.29156852,55.09869999,2.88612480,0.04610191,0.49555810,-0.00242783
1732337559.36897635,2341,535959.36897635,22.30454242,114.18070046,8.16145648,-101.03246778,2.24499153,1.06913245,30.30517621,55.18572798,2.88439387,0.08337833,0.47832863,0.02332761
1732337559.56922245,2341,535959.56922245,22.30454322,114.18070071,8.16365663,-100.88293937,2.23985510,1.24233694,30.33024982,55.27445544,2.88659313,0.08482431,0.45265343,0.02099526
1732337559.76930666,2341,535959.76930666,22.30454417,114.18070089,8.16832597,-100.81132541,2.23177489,1.00884766,30.34893236,55.37986873,2.89126146,0.04721321,0.40585017,0.00318004
1732337559.96948504,2341,535959.96948504,22.30454490,114.18070117,8.17225446,-100.73203626,2.38921257,0.95944091,30.37835652,55.46099677,2.89518910,0.10140484,0.48599354,0.00795083
1732337560.16966915,2341,535960.16966915,22.30454578,114.18070146,8.17781572,-100.58755224,2.45387826,0.82756032,30.40818293,55.55768159,2.90074938,0.10387699,0.46216323,0.02486593
1732337560.36983109,2341,535960.36983109,22.30454659,114.18070169,8.17214069,-100.50315281,2.52189075,0.85217386,30.43143477,55.64772146,2.89507345,0.13626687,0.47813309,0.02245512
1732337560.57000780,2341,535960.57000780,22.30454752,114.18070181,8.18204834,-100.38912890,2.39469394,0.85291917,30.44365857,55.75057904,2.90498014,0.11000127,0.48235601,0.01671444
1732337560.77017641,2341,535960.77017641,22.30454836,114.18070193,8.18737108,-100.36023978,2.41838605,0.86691917,30.45674136,55.84384081,2.91030199,0.12335854,0.44291145,0.03151129
1732337560.97036648,2341,535960.97036648,22.30454912,114.18070232,8.19693406,-100.33332374,2.40589535,0.66558302,30.49624925,55.92829891,2.91986404,0.10531180,0.51606725,0.01713561
1732337561.17051506,2341,535961.17051506,22.30455004,114.18070247,8.19536757,-100.30447057,2.47671097,0.76143780,30.51181101,56.02942203,2.91829658,0.13113442,0.46503103,0.02261926
1732337561.37080288,2341,535961.37080288,22.30455076,114.18070267,8.19792960,-100.21725522,2.60729296,0.70401529,30.53300597,56.10896083,2.92085780,0.11720778,0.47345517,0.02515650
1732337561.57086539,2341,535961.57086539,22.30455163,114.18070284,8.19278271,-100.15847406,2.66540211,1.08696709,30.55040896,56.20615349,2.91570998,0.13392954,0.44039740,0.02021221
1732337561.77112985,2341,535961.77112985,22.30455252,114.18070298,8.19825915,-100.11106149,2.35077453,0.96293098,30.56462461,56.30418797,2.92118547,0.14761374,0.45569202,0.02618582
1732337561.97135520,2341,535961.97135520,22.30455346,114.18070333,8.21939588,-100.00223811,2.28434786,0.76094919,30.60087899,56.40821562,2.94232111,0.11803937,0.44998521,0.03424278
1732337562.17138481,2341,535962.17138481,22.30455425,114.18070333,8.21462369,-99.97365697,2.37509349,0.89436987,30.60082082,56.49613236,2.93754813,0.12118258,0.42292016,0.01854716
1732337562.37158585,2341,535962.37158585,22.30455516,114.18070379,8.21998377,-99.85042795,2.27092078,0.71513594,30.64779083,56.59644099,2.94290710,0.11034742,0.44859184,0.02508415
1732337562.57173681,2341,535962.57173681,22.30455601,114.18070387,8.23040175,-99.75655777,2.17780042,0.79018483,30.65596702,56.69121579,2.95332419,0.10710833,0.42157246,0.01711266
1732337562.77188802,2341,535962.77188802,22.30455681,114.18070427,8.24493150,-99.66297619,2.11524468,0.73088582,30.69802867,56.77891552,2.96785296,0.09699584,0.43857590,0.00904228
1732337562.97208691,2341,535962.97208691,22.30455777,114.18070447,8.23763576,-99.65259856,1.97948788,0.59589857,30.71833390,56.88589677,2.96055616,0.08497827,0.43050488,0.01662113
1732337563.17223287,2341,535963.17223287,22.30455856,114.18070476,8.23955627,-99.55595304,2.06132644,0.35915769,30.74809261,56.97339368,2.96247574,0.09078016,0.48071292,0.03080082
1732337563.37240505,2341,535963.37240505,22.30455936,114.18070486,8.24062496,-99.46039501,2.07686621,0.35398189,30.75842791,57.06162865,2.96354359,0.06576905,0.44798030,0.01274777
1732337563.57259154,2341,535963.57259154,22.30456021,114.18070508,8.24551746,-99.35191033,2.06736739,0.34196741,30.78102839,57.15570748,2.96843513,0.07708012,0.44930811,0.02928421
1732337563.77275324,2341,535963.77275324,22.30456094,114.18070536,8.25272988,-99.23506619,2.19348795,0.09276628,30.81021847,57.23652335,2.97564669,0.09707128,0.44834758,0.01314547
1732337563.97292447,2341,535963.97292447,22.30456184,114.18070567,8.25794133,-99.15902457,2.05802750,0.05720581,30.84224981,57.33680426,2.98085708,0.07542005,0.43923487,0.00891728
1732337564.17310715,2341,535964.17310715,22.30456271,114.18070584,8.26922183,-99.10521921,2.00110907,-0.32507327,30.85964065,57.43322434,2.99213662,0.06716527,0.52489902,0.01239868
1732337564.37327766,2341,535964.37327766,22.30456350,114.18070593,8.26777047,-99.02508245,2.17856977,-0.15044686,30.86894965,57.52054863,2.99068442,0.09563860,0.46913825,0.01163983
1732337564.57344961,2341,535964.57344961,22.30456433,114.18070623,8.26300239,-98.98450133,2.20673021,-0.13641798,30.89927415,57.61235564,2.98591536,0.12161168,0.49623027,0.01722742
1732337564.77363372,2341,535964.77363372,22.30456530,114.18070624,8.26660490,-99.06514436,2.22542342,-0.02124326,30.90034277,57.72005713,2.98951689,0.11029463,0.46977491,0.02251859
1732337564.97390556,2341,535964.97390556,22.30456615,114.18070638,8.26144325,-99.14755933,2.18291560,0.07340516,30.91517192,57.81343089,2.98435432,0.11725391,0.47372949,0.02121368
1732337565.17398310,2341,535965.17398310,22.30456688,114.18070668,8.27677295,-99.19311975,2.21334231,-0.28496601,30.94635673,57.89406796,2.99968313,0.10917666,0.51493302,0.03657639
1732337565.37415504,2341,535965.37415504,22.30456776,114.18070697,8.28453455,-99.19999649,2.18165917,-0.28356210,30.97619468,57.99150349,3.00744370,0.11010721,0.46768394,0.02001140
1732337565.57431126,2341,535965.57431126,22.30456873,114.18070713,8.28259140,-99.33959926,2.08387722,-0.11108641,30.99217016,58.09947974,3.00549948,0.13490342,0.46602048,0.01779054
1732337565.77449226,2341,535965.77449226,22.30456967,114.18070720,8.28906402,-99.68576677,1.91842192,-0.11576314,30.99987450,58.20332671,3.01197111,0.15980454,0.47350723,0.03512034
1732337565.97465754,2341,535965.97465754,22.30457068,114.18070745,8.29622825,-100.23887689,1.76075564,-0.22043807,31.02568889,58.31516289,3.01913419,0.10409967,0.48219172,0.02397158
1732337566.17484045,2341,535966.17484045,22.30457143,114.18070767,8.29867004,-100.56322946,2.05751467,-0.34253140,31.04837453,58.39813972,3.02157510,0.10925283,0.50164457,0.01879012
1732337566.37500143,2341,535966.37500143,22.30457234,114.18070796,8.29861743,-100.85365385,2.05110372,-0.28525340,31.07725214,58.49915641,3.02152142,0.10773523,0.49031095,0.02197548
1732337566.57517934,2341,535966.57517934,22.30457311,114.18070811,8.31754764,-101.02636324,2.08669409,-0.28880808,31.09281079,58.58461776,3.04045076,0.04757094,0.47665477,0.01306372
1732337566.77534795,2341,535966.77534795,22.30457386,114.18070824,8.30914785,-101.23095372,2.17628288,-0.11739840,31.10627798,58.66793146,3.03205014,0.07351559,0.47373948,0.01721425
1732337566.97551870,2341,535966.97551870,22.30457469,114.18070832,8.31418296,-101.54189323,2.15807595,0.04656632,31.11453300,58.75967296,3.03708436,0.11426664,0.48883493,0.01348848
1732337567.17577028,2341,535967.17577028,22.30457553,114.18070859,8.31911690,-101.63854147,2.09713642,-0.15335726,31.14294516,58.85286352,3.04201729,0.13408115,0.46695463,0.02378046
1732337567.37586451,2341,535967.37586451,22.30457645,114.18070885,8.32411667,-101.91105872,2.06778971,-0.21575569,31.16941021,58.95382518,3.04701600,0.11265397,0.46902956,0.01859162
1732337567.57604265,2341,535967.57604265,22.30457721,114.18070910,8.32834316,-102.10276046,2.14365880,-0.31693481,31.19471237,59.03797189,3.05124158,0.07558888,0.45394477,0.04061873
1732337567.77620435,2341,535967.77620435,22.30457820,114.18070924,8.32867960,-102.46007142,2.29177296,-0.10951455,31.20995662,59.14797580,3.05157693,0.10218881,0.48535142,0.02753536
1732337567.97637081,2341,535967.97637081,22.30457896,114.18070947,8.33572767,-102.72284256,2.43326544,-0.21502685,31.23367214,59.23224312,3.05862409,0.13002845,0.49533100,0.00913259
1732337568.17673159,2341,535968.17673159,22.30457974,114.18070969,8.34822343,-102.77590320,2.60958665,0.08157459,31.25599250,59.31904804,3.07111894,0.13944531,0.41216741,0.00856255
1732337568.37671947,2341,535968.37671947,22.30458061,114.18070985,8.33323184,-103.13191504,2.27911790,0.27370885,31.27205147,59.41495066,3.05612637,0.24285514,0.38938270,0.02374426
1732337568.57689524,2341,535968.57689524,22.30458150,114.18071020,8.33384991,-103.55155296,1.88132619,-0.38503758,31.30853686,59.51287816,3.05674334,0.25661964,0.47506040,0.02900347
1732337568.77707815,2341,535968.77707815,22.30458228,114.18071063,8.35233251,-104.21914241,1.42394485,-0.45858290,31.35242313,59.59943516,3.07522491,0.09805926,0.53491922,0.02987537
1732337568.97724962,2341,535968.97724962,22.30458307,114.18071076,8.35205208,-106.25922405,1.57751699,-0.26256533,31.36621483,59.68762047,3.07494359,0.29012176,0.52114969,0.02837262
1732337569.17743611,2341,535969.17743611,22.30458432,114.18071111,8.36780675,-109.28054402,1.65723765,-0.36408976,31.40203835,59.82522499,3.09069678,0.20876843,0.57032090,0.04004422
1732337569.37758732,2341,535969.37758732,22.30458514,114.18071124,8.35778403,-111.81092769,1.89372286,0.38205574,31.41526322,59.91683847,3.08067314,0.18741445,0.48011377,0.01528741
1732337569.57776046,2341,535969.57776046,22.30458585,114.18071146,8.36212010,-114.84294716,1.91925573,0.43531692,31.43883695,59.99513546,3.08500835,0.20268053,0.44576619,0.02313814
1732337569.77804565,2341,535969.77804565,22.30458665,114.18071183,8.35229253,-118.11697681,1.58452840,0.52147012,31.47637478,60.08353820,3.07517975,0.21439950,0.34881580,0.01974677
1732337569.97811270,2341,535969.97811270,22.30458731,114.18071252,8.37857001,-121.51531197,1.61747352,-0.07072225,31.54771841,60.15694617,3.10145619,0.22251290,0.39990623,0.02725135
1732337570.17828679,2341,535970.17828679,22.30458799,114.18071313,8.39190313,-125.36463233,1.41442510,-0.38519523,31.61016326,60.23176645,3.11478829,0.22197575,0.36425873,0.01490132
1732337570.37858820,2341,535970.37858820,22.30458867,114.18071367,8.38257963,-129.34291517,1.65004472,-0.55114985,31.66590020,60.30726926,3.10546380,0.31876019,0.32752380,0.03282419
1732337570.57868862,2341,535970.57868862,22.30458939,114.18071442,8.38949823,-133.28979308,1.06816139,-0.68975164,31.74306572,60.38690545,3.11238126,0.36600017,0.30857421,0.01648891
1732337570.77880192,2341,535970.77880192,22.30459000,114.18071524,8.40595843,-136.90728741,1.20291853,-1.01018840,31.82752697,60.45515851,3.12884039,0.31182395,0.34398865,0.00487854
1732337570.97897196,2341,535970.97897196,22.30459051,114.18071560,8.40317962,-139.96488125,1.16636501,-1.03988477,31.86463211,60.51061904,3.12606087,0.35865260,0.25147743,0.02572688
1732337571.17913771,2341,535971.17913771,22.30459111,114.18071663,8.39949468,-143.47100764,1.10930919,-0.81141575,31.97136404,60.57729761,3.12237476,0.34201641,0.20270921,0.00775347
1732337571.37931061,2341,535971.37931061,22.30459164,114.18071741,8.39882466,-145.59424935,0.73211036,-0.79796540,32.05161012,60.63627510,3.12170376,0.36401558,0.21793185,0.00708350
1732337571.57959414,2341,535971.57959414,22.30459214,114.18071819,8.40097988,-147.18716041,0.43858137,-0.91574109,32.13178864,60.69185544,3.12385805,0.34996998,0.23855837,0.00078371
1732337571.77965498,2341,535971.77965498,22.30459256,114.18071899,8.41216273,-148.28367025,0.58307780,-1.21573843,32.21382600,60.73842437,3.13504004,0.38935916,0.20164822,-0.00370074
1732337571.97983551,2341,535971.97983551,22.30459292,114.18071973,8.40514435,-149.00685990,0.49909805,-1.25758008,32.29020574,60.77824347,3.12802089,0.41824357,0.18143862,-0.00236633
1732337572.18000340,2341,535972.18000340,22.30459321,114.18072074,8.40604960,-149.83907391,0.23430119,-1.46282733,32.39452375,60.80978171,3.12892532,0.41947937,0.23804170,0.00718631
1732337572.38016224,2341,535972.38016224,22.30459369,114.18072153,8.41011562,-150.26185684,0.42147398,-1.47936658,32.47598969,60.86281555,3.13299041,0.45903692,0.21850607,0.00648743
1732337572.58033562,2341,535972.58033562,22.30459407,114.18072240,8.41228185,-150.61271358,0.29010470,-1.43688856,32.56613012,60.90526600,3.13515578,0.47916303,0.21089177,0.00495781
1732337572.78051090,2341,535972.78051090,22.30459460,114.18072313,8.41553307,-150.82158042,0.53174493,-1.39851539,32.64063431,60.96367580,3.13840605,0.47500960,0.20297782,0.00588819
1732337572.98070860,2341,535972.98070860,22.30459492,114.18072385,8.41037577,-151.32286525,0.62728850,-1.46841499,32.71496070,60.99973143,3.13324803,0.49394540,0.19800905,0.00673502
1732337573.18087125,2341,535973.18087125,22.30459535,114.18072472,8.41351627,-152.45229286,0.61623482,-1.14076561,32.80464487,61.04705430,3.13638761,0.51467525,0.19663100,0.00231677
1732337573.38105011,2341,535973.38105011,22.30459578,114.18072546,8.40785838,-154.41894610,-0.04148112,-0.76922053,32.88103887,61.09520740,3.13072886,0.55798213,0.17853668,0.01058222
1732337573.58121824,2341,535973.58121824,22.30459626,114.18072664,8.41702809,-156.40034320,-0.43972955,-0.59434967,33.00296863,61.14804569,3.13989744,0.51766936,0.20211258,0.00671116
1732337573.78138447,2341,535973.78138447,22.30459660,114.18072755,8.42676784,-157.66580450,-0.33309722,-0.87086297,33.09611163,61.18602553,3.14963634,0.45886271,0.24012211,0.00585104
1732337573.98156071,2341,535973.98156071,22.30459677,114.18072815,8.42661189,-158.52592560,0.41050642,-1.12144263,33.15850309,61.20436332,3.14947989,0.50235744,0.21551734,0.01756208
1732337574.18172789,2341,535974.18172789,22.30459703,114.18072901,8.41784540,-159.72932866,0.49536904,-0.92752964,33.24714505,61.23345023,3.14071265,0.50359443,0.19579013,0.00187175
1732337574.38199115,2341,535974.38199115,22.30459731,114.18072981,8.41572571,-160.49058761,1.06572859,-0.61117572,33.32920150,61.26370596,3.13859224,0.46521921,0.12606483,-0.01070304
1732337574.58216524,2341,535974.58216524,22.30459749,114.18073066,8.41069780,-161.87548329,0.72788325,-0.57482322,33.41706282,61.28380629,3.13356368,0.44503172,0.06519013,0.00821381
1732337574.78223252,2341,535974.78223252,22.30459782,114.18073162,8.41808925,-163.72703640,0.85940315,-0.77045586,33.51611864,61.32109205,3.14095425,0.39513291,0.05066619,0.00791925
1732337574.98241425,2341,535974.98241425,22.30459800,114.18073246,8.42207654,-166.07803087,0.60495603,-0.82002425,33.60179296,61.34012035,3.14494091,0.46835219,0.03770708,0.00977567
1732337575.18259215,2341,535975.18259215,22.30459815,114.18073347,8.42823475,-169.60922419,-0.12393481,-0.78407669,33.70665071,61.35663048,3.15109840,0.44120083,0.01582685,0.01721517
1732337575.38282442,2341,535975.38282442,22.30459823,114.18073470,8.43368570,-173.31365863,-0.33525487,-0.89900656,33.83335076,61.36585841,3.15654859,0.45740658,0.01793881,0.01316513
1732337575.58296108,2341,535975.58296108,22.30459820,114.18073564,8.44360449,-175.51335018,-0.36837045,-1.06070343,33.93012215,61.36317626,3.16646689,0.44440330,0.04254327,0.00517221
1732337575.78310776,2341,535975.78310776,22.30459823,114.18073655,8.43313046,-176.97028256,-0.44998510,-1.40099383,34.02415434,61.36621843,3.15599233,0.44822385,0.04812024,-0.00802447
1732337575.98328424,2341,535975.98328424,22.30459823,114.18073750,8.43535654,-178.18179657,-0.31628960,-1.23054172,34.12180901,61.36550637,3.15821790,0.45779800,0.02265575,0.00028840
1732337576.18344545,2341,535976.18344545,22.30459824,114.18073831,8.42609567,-178.84718833,-0.27183902,-1.30872552,34.20502259,61.36718650,3.14895657,0.42694151,-0.00023043,0.00031012
1732337576.38362122,2341,535976.38362122,22.30459810,114.18073927,8.43104445,-179.65502892,-0.32382993,-1.41637891,34.30388796,61.35170566,3.15390496,0.49909255,-0.04072990,-0.00325223
1732337576.58379650,2341,535976.58379650,22.30459816,114.18074031,8.43577090,179.95004242,-0.38948381,-1.40494819,34.41161604,61.35798823,3.15863078,0.44303974,-0.01196383,-0.00835223
1732337576.78395534,2341,535976.78395534,22.30459807,114.18074120,8.41651386,179.66693964,-0.27913471,-1.59866229,34.50279901,61.34836759,3.13937334,0.46471485,-0.07597662,-0.01466293
1732337576.98413563,2341,535976.98413563,22.30459795,114.18074223,8.41779000,179.29673543,-0.41922127,-1.46001318,34.60908661,61.33521647,3.14064903,0.45577285,-0.07267522,-0.00652980
1732337577.18431234,2341,535977.18431234,22.30459800,114.18074316,8.42182745,179.09028541,-0.58509928,-1.66411882,34.70465401,61.34007270,3.14468591,0.51006288,-0.06653457,-0.00567068
1732337577.38449097,2341,535977.38449097,22.30459781,114.18074410,8.42635836,178.89843179,-0.63469498,-1.37448555,34.80158178,61.31953814,3.14921649,0.48391049,-0.04319436,-0.00072670
1732337577.58474636,2341,535977.58474636,22.30459786,114.18074509,8.43096870,178.86740978,-0.80367205,-1.40752261,34.90324897,61.32499431,3.15382622,0.45842931,-0.00707984,-0.00668992
1732337577.78490734,2341,535977.78490734,22.30459779,114.18074600,8.42488759,178.77752855,-0.81180332,-1.53732405,34.99720013,61.31785172,3.14774467,0.47739379,-0.04337463,-0.00174867
1732337577.98499823,2341,535977.98499823,22.30459779,114.18074689,8.41848935,178.74440041,-0.62952958,-1.65853934,35.08878604,61.31736330,3.14134593,0.49176987,-0.04083425,-0.01749554
1732337578.18517947,2341,535978.18517947,22.30459755,114.18074792,8.42049058,178.60352529,-0.67433436,-1.61444809,35.19554000,61.29059171,3.14334683,0.49240948,-0.03856975,-0.00006298
1732337578.38535452,2341,535978.38535452,22.30459751,114.18074864,8.41721828,178.56597107,-0.63307032,-1.57184715,35.26964735,61.28651761,3.14007416,0.50268242,-0.02194775,-0.00217862
1732337578.58551931,2341,535978.58551931,22.30459753,114.18074975,8.42111251,178.51911401,-0.85915972,-1.53439025,35.38423319,61.28798049,3.14396774,0.51074358,-0.02736826,0.00091930
1732337578.78568029,2341,535978.78568029,22.30459745,114.18075053,8.42198205,178.56944851,-0.64535109,-1.64345227,35.46370432,61.27968896,3.14483692,0.51662160,-0.04794043,-0.00232725
1732337578.98586917,2341,535978.98586917,22.30459748,114.18075146,8.40600503,178.60766267,-0.52571648,-1.72237354,35.56025967,61.28310843,3.12885933,0.51231877,-0.06354658,-0.00472783
1732337579.18604541,2341,535979.18604541,22.30459727,114.18075249,8.43389927,177.02706482,-0.64058011,-1.49357569,35.66591707,61.25963338,3.15675321,0.54163518,-0.06839521,0.00503399
1732337579.38630724,2341,535979.38630724,22.30459724,114.18075348,8.42636043,174.94761502,-0.79409822,-1.36316413,35.76776296,61.25679633,3.14921383,0.48463309,-0.09458588,-0.00032740
1732337579.58638740,2341,535979.58638740,22.30459719,114.18075444,8.41776875,173.60312004,-0.82614024,-1.48652244,35.86703473,61.25083059,3.14062165,0.48051697,-0.06889968,0.00875305
1732337579.78655624,2341,535979.78655624,22.30459702,114.18075522,8.42163287,172.56124708,-0.63554853,-1.50991825,35.94782596,61.23229609,3.14448549,0.51532653,-0.11950565,-0.01302965
1732337579.98672318,2341,535979.98672318,22.30459697,114.18075626,8.42898352,170.70559661,-0.74344879,-1.35524781,36.05417903,61.22680132,3.15183559,0.47134685,-0.08990236,-0.00890047
1732337580.18689537,2341,535980.18689537,22.30459685,114.18075702,8.41193252,168.76286917,-0.67792158,-1.30650609,36.13306311,61.21326289,3.13478428,0.45660387,-0.15717878,-0.00333381
1732337580.38706875,2341,535980.38706875,22.30459642,114.18075800,8.41129699,166.53758637,-0.93446873,-1.30208221,36.23367645,61.16515139,3.13414864,0.41226903,-0.14359737,-0.00885680
1732337580.58723307,2341,535980.58723307,22.30459607,114.18075890,8.41534620,164.47599972,-0.86052821,-1.38538966,36.32668042,61.12636955,3.13819770,0.41379912,-0.11759570,-0.00933512
1732337580.78741693,2341,535980.78741693,22.30459589,114.18075968,8.41925176,163.10649842,-0.71646484,-1.20562312,36.40672328,61.10705088,3.14210298,0.40790384,-0.18256753,0.00187188
1732337580.98758316,2341,535980.98758316,22.30459558,114.18076061,8.41358588,162.10389332,-0.88846101,-1.27230679,36.50237768,61.07295286,3.13643689,0.40296836,-0.18891693,-0.01361571
1732337581.18776822,2341,535981.18776822,22.30459526,114.18076164,8.40868522,161.41120992,-1.09728190,-1.18064044,36.60930164,61.03726233,3.13153596,0.39114868,-0.16522676,-0.01871985
1732337581.38792539,2341,535981.38792539,22.30459494,114.18076242,8.39806597,160.85788819,-1.32313093,-1.39859268,36.68922299,61.00181551,3.12091660,0.41017605,-0.17787451,-0.00706235
1732337581.58811831,2341,535981.58811831,22.30459453,114.18076331,8.39311074,160.43483799,-1.76198747,-1.43641416,36.78120530,60.95659289,3.11596127,0.39094706,-0.15063645,-0.00516483
1732337581.78826618,2341,535981.78826618,22.30459408,114.18076429,8.40238968,160.07505471,-1.55534841,-1.72487432,36.88170400,60.90649865,3.12524011,0.45346308,-0.16455481,-0.00911849
1732337581.98846436,2341,535981.98846436,22.30459385,114.18076502,8.40531389,159.76124379,-1.35453258,-1.76262052,36.95726384,60.88086756,3.12816413,0.49923407,-0.16992016,0.00499188
1732337582.18863606,2341,535982.18863606,22.30459353,114.18076598,8.40405002,159.59194227,-1.39215486,-1.48488074,37.05662495,60.84535015,3.12690002,0.43767930,-0.17150808,-0.00989560
1732337582.38878679,2341,535982.38878679,22.30459325,114.18076674,8.39172377,159.42927906,-1.17880697,-1.72519405,37.13408998,60.81432138,3.11457361,0.46770302,-0.18017403,0.00157818
1732337582.58907485,2341,535982.58907485,22.30459288,114.18076757,8.38921063,159.28636602,-1.29588369,-1.61628225,37.21948732,60.77367561,3.11206037,0.41699736,-0.12611384,0.00125513
1732337582.78913355,2341,535982.78913355,22.30459254,114.18076830,8.40588428,159.17325383,-0.94858498,-1.76952044,37.29556144,60.73555591,3.12873395,0.45587343,-0.18710595,-0.00779544
1732337582.98929930,2341,535982.98929930,22.30459225,114.18076908,8.41002409,158.85199689,-0.69837399,-1.62596010,37.37545654,60.70341241,3.13287360,0.48645244,-0.21823750,-0.01079518
1732337583.18947244,2341,535983.18947244,22.30459186,114.18076999,8.38644132,158.19505972,-0.97791050,-1.55886055,37.46904688,60.66049527,3.10929068,0.39200846,-0.14770889,0.00606540
1732337583.38974190,2341,535983.38974190,22.30459154,114.18077077,8.40992855,158.03473792,-0.91299242,-1.48148663,37.54937853,60.62534842,3.13277778,0.47517099,-0.15015231,-0.00414453
1732337583.58982134,2341,535983.58982134,22.30459129,114.18077162,8.40702514,158.30709044,-0.95038632,-1.44358006,37.63721034,60.59701558,3.12987412,0.44459315,-0.21939705,-0.01623428
1732337583.78999305,2341,535983.78999305,22.30459083,114.18077258,8.39518827,158.87786638,-0.80537896,-1.65048586,37.73599745,60.54669815,3.11803715,0.42915855,-0.24410600,-0.00387060
1732337583.99015427,2341,535983.99015427,22.30459029,114.18077348,8.39188772,160.07699833,-0.89055650,-1.69666922,37.82872716,60.48691466,3.11473662,0.44358611,-0.16074137,-0.00186122
1732337584.19044328,2341,535984.19044328,22.30459017,114.18077417,8.40147836,162.31117012,-0.66790851,-1.44713710,37.90018795,60.47364220,3.12432696,0.45979488,-0.16539163,-0.00119252
1732337584.39052534,2341,535984.39052534,22.30458978,114.18077523,8.39720246,164.92961642,-0.81403502,-1.43500138,38.00881789,60.43005096,3.12005083,0.46089201,-0.15194216,0.01872666
1732337584.59069920,2341,535984.59069920,22.30458956,114.18077633,8.40228697,168.02742283,-0.61262850,-1.44772802,38.12245896,60.40651649,3.12513488,0.48673527,-0.11722847,-0.01051161
1732337584.79086065,2341,535984.79086065,22.30458948,114.18077707,8.39286501,171.06772770,-0.61089464,-1.38887441,38.19916862,60.39755253,3.11571255,0.48942467,-0.09800127,-0.00819713
1732337584.99103737,2341,535984.99103737,22.30458934,114.18077783,8.39216360,173.06684910,-0.46357627,-1.36417238,38.27761359,60.38173348,3.11501082,0.47145639,-0.10823185,0.00152360
1732337585.19121099,2341,535985.19121099,22.30458913,114.18077876,8.40273034,174.42154956,-0.45141648,-1.31137314,38.37270079,60.35864246,3.12557721,0.47733105,-0.10378718,-0.00914908
1732337585.39139223,2341,535985.39139223,22.30458900,114.18077987,8.39240499,175.41996391,-0.57411396,-1.43687722,38.48721213,60.34353086,3.11525132,0.45133017,-0.05967791,0.00291919
1732337585.59155250,2341,535985.59155250,22.30458890,114.18078059,8.39587946,177.20047319,-0.50105869,-1.44481530,38.56127228,60.33286850,3.11872544,0.48952768,-0.05911873,-0.00068903
1732337585.79172230,2341,535985.79172230,22.30458889,114.18078156,8.39729632,178.74771661,-0.52319820,-1.22804577,38.66140230,60.33149413,3.12014171,0.47789468,-0.02199619,0.00198213
1732337585.99189091,2341,535985.99189091,22.30458878,114.18078246,8.40223425,179.68277686,-0.36209094,-1.10602945,38.75406051,60.31928655,3.12507919,0.51166880,-0.03368947,-0.02148563
1732337586.19205761,2341,535986.19205761,22.30458884,114.18078323,8.38753378,-179.53664885,-0.56442646,-0.98978294,38.83391302,60.32569069,3.11037818,0.40689750,0.05011862,0.00426114
1732337586.39228868,2341,535986.39228868,22.30458884,114.18078420,8.38861332,-178.85026244,-0.35809463,-0.90374177,38.93344804,60.32603336,3.11145711,0.43014157,-0.01065093,-0.00364389
1732337586.59240580,2341,535986.59240580,22.30458879,114.18078513,8.37799160,-177.70778290,-0.46904763,-1.07275606,39.02906073,60.32022970,3.10083486,0.39477130,-0.01549779,0.00076682
1732337586.79258609,2341,535986.79258609,22.30458864,114.18078622,8.40114537,-175.68690472,-0.44308729,-1.43496230,39.14189567,60.30449109,3.12398808,0.40810889,0.07739422,0.01090490
1732337586.99275994,2341,535986.99275994,22.30458863,114.18078699,8.40672194,-172.51343020,-0.06476876,-1.57549480,39.22123158,60.30285771,3.12956418,0.44649471,0.08867746,0.01593311
1732337587.19292355,2341,535987.19292355,22.30458878,114.18078765,8.39976902,-168.61565550,0.21419340,-1.16347540,39.28852967,60.31980954,3.12261069,0.47894341,0.11397528,0.01595707
1732337587.39309454,2341,535987.39309454,22.30458900,114.18078848,8.40505141,-164.62579425,-0.08046783,-0.83430706,39.37429440,60.34385781,3.12789232,0.38456099,0.10638801,-0.00749374
1732337587.59326315,2341,535987.59326315,22.30458914,114.18078941,8.40823728,-160.13448412,0.32016078,-1.07800741,39.47045387,60.35944058,3.13107745,0.41176971,0.16324991,0.00720414
1732337587.79342794,2341,535987.79342794,22.30458946,114.18079003,8.39326966,-155.29319052,0.43120094,-0.65165762,39.53422353,60.39450748,3.11610910,0.30294168,0.18405625,-0.00098365
1732337587.99362206,2341,535987.99362206,22.30458958,114.18079102,8.39930531,-150.16766674,0.22192211,-0.98971506,39.63629085,60.40845085,3.12214399,0.32300287,0.17438151,0.00124994
1732337588.19389772,2341,535988.19389772,22.30458983,114.18079189,8.41195878,-144.25854561,0.11285798,-1.41059220,39.72572359,60.43619772,3.13479663,0.35995002,0.20867652,-0.00019270
1732337588.39397049,2341,535988.39397049,22.30459007,114.18079275,8.44054151,-137.64221048,1.20561763,-1.07799438,39.81405892,60.46288294,3.16337856,0.73010652,0.34089149,0.03085570
1732337588.59413743,2341,535988.59413743,22.30459109,114.18079313,8.37536018,-131.23622220,0.29739678,-1.11090759,39.85320377,60.57531184,3.09819592,0.00579212,0.29819370,0.08207483
1732337588.79431629,2341,535988.79431629,22.30459116,114.18079379,8.42419400,-127.25734115,1.10249046,-1.31347691,39.92212525,60.58355377,3.14702923,0.40945022,0.39115608,-0.00202779
1732337588.99458265,2341,535988.99458265,22.30459184,114.18079423,8.41296495,-124.98327464,1.31653587,-0.90169358,39.96728282,60.65883479,3.13579917,0.33045231,0.37971384,0.00433925
1732337589.19464445,2341,535989.19464445,22.30459249,114.18079492,8.40222574,-123.08873454,1.06256172,-0.65936950,40.03837604,60.73097345,3.12505883,0.27904240,0.35504019,0.03175313
1732337589.39481974,2341,535989.39481974,22.30459322,114.18079526,8.40534868,-120.74172584,1.09699049,-0.70029323,40.07268907,60.81116931,3.12818079,0.24236989,0.38798214,0.00960320
1732337589.59499240,2341,535989.59499240,22.30459399,114.18079580,8.40386477,-117.91030476,1.01248439,-0.57162698,40.12893953,60.89669583,3.12669570,0.21187684,0.37488101,0.02001493
1732337589.79522419,2341,535989.79522419,22.30459465,114.18079626,8.41098182,-114.59701678,1.13298880,-0.81574795,40.17613524,60.96945500,3.13381175,0.21380768,0.41905837,0.03002691
1732337589.99541283,2341,535989.99541283,22.30459543,114.18079690,8.41774645,-111.02858042,1.38299674,-0.65344712,40.24198374,61.05618914,3.14057513,0.21140949,0.47166829,-0.00550850
1732337590.19551706,2341,535990.19551706,22.30459629,114.18079697,8.42714673,-107.73009036,1.43086986,-0.62190507,40.24925123,61.15138553,3.14997445,0.18258630,0.48744852,0.00575344
1732337590.39569592,2341,535990.39569592,22.30459702,114.18079725,8.42300787,-105.11288822,1.70991130,-0.18826500,40.27864243,61.23227363,3.14583463,0.18307951,0.47071465,0.00887043
1732337590.59606838,2341,535990.59606838,22.30459780,114.18079765,8.42665021,-103.44309335,1.66012872,-0.16669497,40.31918242,61.31862307,3.14947587,0.10332354,0.47514888,0.01549258
1732337590.79603195,2341,535990.79603195,22.30459854,114.18079786,8.43645397,-102.08566796,1.82362401,0.11060451,40.34065663,61.40083894,3.15927870,0.19079324,0.50961727,0.00205624
1732337590.99620461,2341,535990.99620461,22.30459948,114.18079806,8.42162738,-100.92879012,1.45617342,0.25304092,40.36198344,61.50435419,3.14445098,0.16946850,0.47149298,-0.00837559
1732337591.19637132,2341,535991.19637132,22.30460045,114.18079826,8.42366530,-100.07926815,1.52672690,0.03046559,40.38223903,61.61143574,3.14648773,0.07946963,0.52524993,0.02374467
1732337591.39665580,2341,535991.39665580,22.30460125,114.18079840,8.42989744,-99.16521267,1.56496237,0.62007070,40.39711326,61.70045405,3.15271891,0.05841786,0.46556224,0.01153170
1732337591.59671926,2341,535991.59671926,22.30460211,114.18079852,8.43235987,-98.14083906,1.76043581,0.57868353,40.40918911,61.79566264,3.15518034,0.07964992,0.45746487,-0.00025225
1732337591.79689264,2341,535991.79689264,22.30460298,114.18079882,8.43223684,-97.41836132,1.61118615,0.54591095,40.43989297,61.89158361,3.15505618,0.02997571,0.43617091,0.01395640
1732337591.99707150,2341,535991.99707150,22.30460378,114.18079899,8.43150038,-96.95838431,1.87085263,0.19875349,40.45749631,61.98074735,3.15431874,0.00991398,0.42937999,0.00626153
1732337592.19724035,2341,535992.19724035,22.30460452,114.18079913,8.44405409,-96.58007605,2.15072626,0.32006013,40.47159795,62.06223935,3.16687156,0.05520447,0.46640913,0.01606848
1732337592.39741993,2341,535992.39741993,22.30460535,114.18079917,8.44500045,-96.23532343,2.05628532,0.62473295,40.47632249,62.15462709,3.16781698,0.02135502,0.40447472,0.00594151
1732337592.59758615,2341,535992.59758615,22.30460609,114.18079939,8.44860841,-95.72968635,1.87648912,0.49196641,40.49921225,62.23650477,3.17142400,0.03620886,0.41268293,0.01552000
1732337592.79775572,2341,535992.79775572,22.30460701,114.18079947,8.45600526,-94.43667057,1.74433652,0.27865514,40.50734961,62.33812086,3.17881980,0.03205974,0.40624698,0.01944818
1732337592.99792242,2341,535992.99792242,22.30460790,114.18079963,8.45899700,-92.41438394,1.87144942,0.18485057,40.52333976,62.43634050,3.18181047,0.02922284,0.40344735,0.02888008
1732337593.19810247,2341,535993.19810247,22.30460867,114.18079985,8.46984631,-90.06095204,1.87735411,0.15567443,40.54636005,62.52158985,3.19265880,0.01774234,0.50098092,0.02984332
1732337593.39828253,2341,535993.39828253,22.30460969,114.18079956,8.46020730,-87.10427483,1.79225425,0.59148740,40.51622571,62.63498381,3.18301886,-0.11378110,0.42229932,0.02040064
1732337593.59845734,2341,535993.59845734,22.30461040,114.18079971,8.46994815,-84.13362360,1.89923847,0.81921607,40.53124453,62.71405028,3.19275883,-0.08620165,0.37608919,0.01820721
1732337593.79870558,2341,535993.79870558,22.30461104,114.18079961,8.47527243,-80.48182493,2.03529127,0.67243226,40.52181365,62.78440268,3.19808248,-0.05322769,0.41868261,0.01466874
1732337593.99878502,2341,535993.99878502,22.30461202,114.18079956,8.47889128,-76.43568862,1.89752576,0.76980285,40.51654015,62.89281003,3.20170029,-0.10851244,0.31605488,-0.01760402
1732337594.19896793,2341,535994.19896793,22.30461253,114.18079952,8.48167411,-72.22536076,1.84507827,0.80978727,40.51254788,62.94926856,3.20448258,-0.10204900,0.42253198,0.00964711
1732337594.39913511,2341,535994.39913511,22.30461345,114.18079942,8.48627705,-67.43077468,2.09600099,0.97997714,40.50209257,63.05142443,3.20908457,-0.14170930,0.47201583,0.02699537
1732337594.59931183,2341,535994.59931183,22.30461404,114.18079909,8.48668265,-63.00643865,2.04736596,1.23235658,40.46751603,63.11622737,3.20948975,-0.16061317,0.36337735,-0.01105955
1732337594.79947901,2341,535994.79947901,22.30461479,114.18079895,8.50494213,-58.21427826,1.76706913,1.53554124,40.45339432,63.20014063,3.22774848,-0.17582194,0.32495354,0.01284842
1732337594.99965405,2341,535994.99965405,22.30461553,114.18079853,8.49950849,-53.39661456,1.80025579,1.66407341,40.41024254,63.28119756,3.22231431,-0.18510942,0.29186764,0.02060393
1732337595.19982600,2341,535995.19982600,22.30461633,114.18079781,8.49592534,-47.50363029,1.55253659,1.76351347,40.33584994,63.37070791,3.21873074,-0.27769213,0.28513860,0.01248638
1732337595.39999628,2341,535995.39999628,22.30461682,114.18079742,8.49971167,-43.14433403,1.23674294,2.15566734,40.29610770,63.42441832,3.22251678,-0.27699077,0.24771977,-0.00371125
1732337595.60016012,2341,535995.60016012,22.30461755,114.18079683,8.50036165,-38.30919986,1.14874274,2.19379015,40.23444701,63.50503400,3.22316634,-0.28903735,0.23898971,-0.00726955
1732337595.80036783,2341,535995.80036783,22.30461794,114.18079625,8.50389605,-33.64178340,1.20686432,2.08009447,40.17540341,63.54810755,3.22670069,-0.35069492,0.25642133,0.00419264
1732337596.00052214,2341,535996.00052214,22.30461859,114.18079528,8.50733965,-28.62451549,0.99201631,2.33884479,40.07519396,63.62007048,3.23014419,-0.35352744,0.19572984,0.00315873
1732337596.20069218,2341,535996.20069218,22.30461913,114.18079462,8.51477061,-23.91292595,0.88404145,2.17644216,40.00737508,63.68062116,3.23757497,-0.41559904,0.18273774,0.01704326
1732337596.40092754,2341,535996.40092754,22.30461937,114.18079374,8.50713288,-20.14649229,0.88161187,2.30536257,39.91604862,63.70682528,3.22993755,-0.46485490,0.23819562,0.00382241
1732337596.60103083,2341,535996.60103083,22.30461960,114.18079305,8.52103254,-17.28214361,0.75095192,2.36069537,39.84517317,63.73196786,3.24383740,-0.48002685,0.25321353,0.00329489
1732337596.80121517,2341,535996.80121517,22.30461996,114.18079207,8.51115193,-14.84515584,0.74927459,2.33402772,39.74441446,63.77186019,3.23395701,-0.48219391,0.21084743,-0.00683182
1732337597.00147343,2341,535997.00147343,22.30462021,114.18079114,8.51364350,-12.98968680,0.69337168,2.30872316,39.64868925,63.79967651,3.23644891,-0.51279335,0.13407497,0.00336970
1732337597.20156002,2341,535997.20156002,22.30462025,114.18079041,8.53312057,-11.84844069,0.85251764,2.85716828,39.57357587,63.80474767,3.25592639,-0.56081321,0.14248212,0.00491172
1732337597.40172338,2341,535997.40172338,22.30462046,114.18078936,8.51940383,-10.82874360,0.43950841,3.27471454,39.46524952,63.82767968,3.24221009,-0.49357162,0.12450029,0.00269385
1732337597.60189438,2341,535997.60189438,22.30462057,114.18078839,8.51193408,-10.01003749,0.45550963,3.19477112,39.36529084,63.84008098,3.23474083,-0.50799183,0.09508622,-0.00706880
1732337597.80206466,2341,535997.80206466,22.30462077,114.18078755,8.50768388,-9.38776380,0.45481438,3.35239618,39.27920438,63.86180043,3.23049094,-0.48222336,0.08181876,-0.00430756
1732337598.00224113,2341,535998.00224113,22.30462077,114.18078669,8.52392050,-8.90185980,0.38570389,3.63623241,39.19051070,63.86212434,3.24672810,-0.47941878,0.05926060,-0.00536906
1732337598.20241523,2341,535998.20241523,22.30462098,114.18078555,8.50758446,-8.37366495,0.43638005,3.61691908,39.07247981,63.88552208,3.23039256,-0.45151560,0.02057957,-0.01155944
1732337598.40257549,2341,535998.40257549,22.30462119,114.18078475,8.50666831,-7.96439831,0.30340047,3.54671840,38.99010568,63.90880765,3.22947668,-0.42788868,0.01635115,-0.00117966
1732337598.60281467,2341,535998.60281467,22.30462147,114.18078387,8.51554872,-7.72073195,0.29231388,3.03958835,38.89994818,63.93943764,3.23835733,-0.43157380,0.05557376,-0.02015234
1732337598.80293298,2341,535998.80293298,22.30462172,114.18078283,8.50842117,-7.34615413,0.49744817,2.91692873,38.79282158,63.96687428,3.23123015,-0.45895717,0.06097800,0.00003060
1732337599.00309944,2341,535999.00309944,22.30462188,114.18078206,8.50922132,-7.04878132,0.56092042,2.84825041,38.71325164,63.98538635,3.23203060,-0.48813598,0.06191928,-0.01130539
1732337599.20338464,2341,535999.20338464,22.30462206,114.18078092,8.50796316,-6.82418181,0.50799646,2.63092766,38.59507826,64.00505607,3.23077296,-0.47533427,0.06234504,0.00212995
1732337599.40344357,2341,535999.40344357,22.30462224,114.18078005,8.51476389,-6.73310526,0.40937592,2.67379776,38.50582999,64.02495509,3.23757402,-0.48911394,0.06573993,0.00549523
1732337599.60361671,2341,535999.60361671,22.30462232,114.18077921,8.51406292,-6.49168585,0.49597318,2.53726337,38.41935621,64.03389427,3.23687348,-0.45353656,0.09631009,0.00628117
1732337599.80378199,2341,535999.80378199,22.30462260,114.18077821,8.51321654,-6.39738584,0.40546567,2.57977201,38.31615584,64.06464306,3.23602741,-0.48205697,0.08224513,0.00146445
1732337600.00395322,2341,536000.00395322,22.30462269,114.18077722,8.50429254,-6.35220835,0.27243722,2.46419622,38.21386568,64.07468218,3.22710393,-0.49492465,0.05053393,0.00221160
1732337600.20419884,2341,536000.20419884,22.30462288,114.18077623,8.52155347,-6.20014901,0.34658750,2.40045630,38.11257383,64.09524499,3.24436525,-0.47213237,0.09749864,0.00125987
1732337600.40429831,2341,536000.40429831,22.30462304,114.18077532,8.51284416,-6.43822964,0.31345506,2.36212148,38.01899075,64.11355210,3.23565632,-0.50087751,0.09667526,-0.00799266
1732337600.60445642,2341,536000.60445642,22.30462306,114.18077446,8.50560604,-6.81628107,0.47601260,2.35714001,37.93030945,64.11508111,3.22841871,-0.46884850,0.08185374,0.00480720
1732337600.80465698,2341,536000.80465698,22.30462329,114.18077363,8.51510684,-7.59390159,0.46958156,2.39026680,37.84461621,64.14089016,3.23791976,-0.49186002,0.09830741,0.01677903
1732337601.00481391,2341,536001.00481391,22.30462345,114.18077264,8.52491458,-7.95539320,0.48282205,2.41357338,37.74213499,64.15906851,3.24772792,-0.46390202,0.12961980,0.00760492
1732337601.20499659,2341,536001.20499659,22.30462356,114.18077175,8.51038280,-8.83685924,0.59064009,2.49531913,37.65117545,64.17100545,3.23319655,-0.46109097,0.12001777,-0.00121363
1732337601.40517044,2341,536001.40517044,22.30462380,114.18077082,8.51724182,-9.71366177,0.63776667,2.31508993,37.55456917,64.19795474,3.24005588,-0.47453425,0.12070002,-0.00805665
1732337601.60534620,2341,536001.60534620,22.30462394,114.18076987,8.51138055,-10.32690033,0.67169668,2.30401662,37.45710020,64.21289212,3.23419503,-0.43683012,0.10690316,0.00554136
1732337601.80550241,2341,536001.80550241,22.30462428,114.18076894,8.52221519,-10.86418103,0.30720041,2.26682982,37.36067595,64.25049049,3.24502985,-0.45074997,0.12107845,0.00242707
1732337602.00568771,2341,536002.00568771,22.30462453,114.18076813,8.52098026,-11.20546010,0.36112060,2.21779495,37.27744906,64.27846763,3.24379513,-0.50241410,0.12783610,0.00214349
1732337602.20587420,2341,536002.20587420,22.30462467,114.18076713,8.51444829,-11.51831676,0.09952942,2.25488275,37.17471999,64.29333263,3.23726360,-0.50750757,0.07704857,0.00015454
1732337602.40603018,2341,536002.40603018,22.30462481,114.18076622,8.52672322,-11.85663571,0.25343748,2.18733272,37.08071193,64.30975675,3.24953892,-0.52419951,0.08881663,-0.00641777
1732337602.60619402,2341,536002.60619402,22.30462500,114.18076520,8.50517984,-11.98675132,0.43687224,2.17142691,36.97592526,64.33089084,3.22799592,-0.46048412,0.04816052,-0.00391723
1732337602.80638266,2341,536002.80638266,22.30462524,114.18076448,8.51793273,-12.16600074,0.59836427,2.19520419,36.90113323,64.35698273,3.24074899,-0.46254883,0.11278431,0.00080864
1732337603.00655603,2341,536003.00655603,22.30462540,114.18076352,8.52520648,-12.34042595,0.88194806,2.14003379,36.80216137,64.37450181,3.24802312,-0.50465960,0.10528689,0.00959746
1732337603.20671701,2341,536003.20671701,22.30462553,114.18076275,8.52865433,-12.50597686,0.86838513,2.32803782,36.72348723,64.38883553,3.25147129,-0.41503603,0.13972169,0.00037989
1732337603.40699673,2341,536003.40699673,22.30462585,114.18076177,8.52977502,-12.62909733,0.78794789,2.29939213,36.62264235,64.42428833,3.25259220,-0.42049044,0.13577209,0.01243010
1732337603.60705304,2341,536003.60705304,22.30462617,114.18076082,8.52700744,-12.74985514,0.50780501,2.30550758,36.52408921,64.45993172,3.24982482,-0.38328336,0.08726249,0.00121664
1732337603.80723858,2341,536003.80723858,22.30462640,114.18075990,8.52025722,-12.88477190,0.62848796,2.08930394,36.42967401,64.48515287,3.24307488,-0.45900935,0.13658380,-0.00694133
1732337604.00741243,2341,536004.00741243,22.30462666,114.18075906,8.52876702,-12.95360529,0.61885397,2.09123949,36.34358013,64.51438700,3.25158488,-0.47032424,0.16466691,0.00292161
1732337604.20758152,2341,536004.20758152,22.30462679,114.18075798,8.52534401,-13.03201226,0.23352601,2.18674395,36.23146043,64.52911660,3.24816236,-0.43021198,0.12831364,-0.00296657
1732337604.40781736,2341,536004.40781736,22.30462714,114.18075704,8.51784411,-13.06309441,0.19228368,2.17465644,36.13487965,64.56697821,3.24066262,-0.47321640,0.13871105,-0.00780886
1732337604.60792875,2341,536004.60792875,22.30462730,114.18075625,8.53238647,-13.15347505,-0.24740675,2.00305009,36.05353697,64.58465528,3.25520525,-0.44517616,0.12812849,0.00744894
1732337604.80810666,2341,536004.80810666,22.30462753,114.18075522,8.52577865,-13.15658842,0.24306266,1.90184839,35.94725561,64.61012029,3.24859778,-0.48289694,0.11716918,-0.00780815
1732337605.00832677,2341,536005.00832677,22.30462785,114.18075439,8.51754002,-13.18224844,0.16824354,2.05184035,35.86227327,64.64547885,3.24035926,-0.47296790,0.10816247,-0.01380375
1732337605.20845008,2341,536005.20845008,22.30462803,114.18075354,8.52069145,-13.25886074,0.19477568,2.00744356,35.77476914,64.66609577,3.24351098,-0.49963196,0.13367738,-0.01111525
1732337605.40862083,2341,536005.40862083,22.30462838,114.18075251,8.51425166,-13.26819129,0.20230811,2.02166647,35.66837700,64.70430366,3.23707139,-0.52812097,0.11719769,-0.00270717
1732337605.60877514,2341,536005.60877514,22.30462842,114.18075156,8.51212109,-13.32820647,-0.00856098,2.19195419,35.56997084,64.70918074,3.23494132,-0.49048405,0.12526785,0.00482699
1732337605.80895138,2341,536005.80895138,22.30462869,114.18075079,8.51766171,-13.25871383,0.34006972,2.02921266,35.49127512,64.73903662,3.24048207,-0.50971116,0.14064120,0.00105812
1732337606.00914431,2341,536006.00914431,22.30462894,114.18074983,8.52259356,-13.25872505,0.03421063,2.13588052,35.39172326,64.76621484,3.24541420,-0.44703141,0.13506341,-0.00718256
1732337606.20930672,2341,536006.20930672,22.30462914,114.18074890,8.51636702,-13.24614137,0.26084186,1.98850036,35.29616576,64.78923700,3.23918795,-0.49101379,0.14416798,-0.00350648
1732337606.40946937,2341,536006.40946937,22.30462941,114.18074811,8.52477808,-13.21921442,0.44941274,2.13908554,35.21475270,64.81878792,3.24759917,-0.49180134,0.17927631,0.00155697
1732337606.60965490,2341,536006.60965490,22.30462958,114.18074716,8.52017540,-13.23755871,0.21492997,2.44961183,35.11641749,64.83721517,3.24299683,-0.47210586,0.16988170,0.00018797
1732337606.80981064,2341,536006.80981064,22.30462982,114.18074615,8.51517959,-13.26098455,0.13808942,2.37265799,35.01333922,64.86385665,3.23800132,-0.49130199,0.17254478,-0.00019524
1732337607.00999022,2341,536007.00999022,22.30463012,114.18074514,8.52213801,-13.64897379,0.11097448,2.40768638,34.90916956,64.89686759,3.24495997,-0.46362701,0.20568547,0.00447777
1732337607.21017075,2341,536007.21017075,22.30463035,114.18074421,8.51534922,-14.65589183,0.33839328,2.16451565,34.81344216,64.92295634,3.23817144,-0.49229954,0.16121127,0.00281836
1732337607.41034508,2341,536007.41034508,22.30463071,114.18074352,8.51733053,-16.51383122,0.56113851,2.40308178,34.74168328,64.96258961,3.24015273,-0.49370467,0.23219372,-0.00297716
1732337607.61050844,2341,536007.61050844,22.30463092,114.18074266,8.51917456,-19.17104394,0.66256137,2.58942336,34.65305945,64.98545258,3.24199701,-0.47246254,0.27070185,0.01697790
1732337607.81069064,2341,536007.81069064,22.30463115,114.18074151,8.52049931,-22.22377120,0.60093469,2.83586318,34.53444371,65.01101510,3.24332215,-0.45006786,0.27895014,0.02309416
1732337608.01085758,2341,536008.01085758,22.30463149,114.18074067,8.53890552,-25.69973526,0.33636053,2.82273955,34.44869544,65.04936427,3.26172842,-0.40068917,0.28996196,0.02221295
1732337608.21114206,2341,536008.21114206,22.30463185,114.18073981,8.51203866,-29.59099374,0.14586645,2.82131998,34.35975065,65.08838787,3.23486164,-0.45085957,0.27029343,0.00826283
1732337608.41121125,2341,536008.41121125,22.30463218,114.18073892,8.52367427,-33.32535383,0.26461534,2.80338775,34.26793161,65.12536803,3.24649736,-0.42453634,0.32493964,-0.00446382
1732337608.61138391,2341,536008.61138391,22.30463288,114.18073808,8.53474380,-37.32959353,0.29045899,2.96191223,34.18092227,65.20348383,3.25756657,-0.41251104,0.32864304,-0.00405404
1732337608.81155586,2341,536008.81155586,22.30463331,114.18073741,8.52947680,-41.74577643,0.24384561,2.76387858,34.11194193,65.25009386,3.25229945,-0.37684891,0.32570428,0.01137406
1732337609.01170969,2341,536009.01170969,22.30463416,114.18073672,8.53554605,-46.15215337,0.47910891,2.34921932,34.04093348,65.34500303,3.25836811,-0.28565499,0.33526631,0.00208962
1732337609.21189642,2341,536009.21189642,22.30463479,114.18073630,8.51974369,-50.85405163,0.64476205,2.24993092,33.99819748,65.41450314,3.24256526,-0.27364213,0.35734035,-0.00671640
1732337609.41206622,2341,536009.41206622,22.30463537,114.18073548,8.51742720,-55.52239923,1.09066271,2.03292405,33.91366646,65.47833565,3.24024856,-0.24530795,0.39261936,0.00137676
1732337609.61222935,2341,536009.61222935,22.30463606,114.18073535,8.53455725,-58.87483041,1.05028039,2.03801764,33.89976605,65.55548689,3.25737788,-0.21716640,0.40231346,0.00090190
1732337609.81246948,2341,536009.81246948,22.30463703,114.18073445,8.52970702,-62.82051532,1.10075086,1.92724344,33.80700529,65.66288217,3.25252703,-0.21224170,0.41511931,0.00340935
1732337610.01257277,2341,536010.01257277,22.30463772,114.18073402,8.53014664,-66.79807912,1.01262283,1.91085543,33.76248818,65.73899049,3.25296610,-0.18677710,0.43236838,0.01021188
1732337610.21274710,2341,536010.21274710,22.30463868,114.18073366,8.53268023,-70.61660396,0.86594990,1.30964830,33.72554743,65.84545807,3.25549879,-0.10478402,0.47204732,0.00957351
1732337610.41299820,2341,536010.41299820,22.30463957,114.18073377,8.54594631,-74.16422917,0.81259900,0.97078707,33.73743386,65.94430896,3.26876378,-0.13792308,0.45297027,0.00302860
1732337610.61310887,2341,536010.61310887,22.30464040,114.18073354,8.53222196,-78.14438033,1.16594543,1.00406086,33.71314808,66.03576000,3.25503860,-0.07362540,0.43166273,0.00656169
1732337610.81337881,2341,536010.81337881,22.30464126,114.18073313,8.54058064,-81.66849683,1.20104541,1.18123771,33.67117377,66.13132311,3.26339651,-0.10229139,0.47920384,0.00727633
1732337611.01345062,2341,536011.01345062,22.30464212,114.18073319,8.53678763,-84.94687454,1.11662528,0.90968931,33.67725963,66.22639980,3.25960247,-0.03223380,0.46630226,0.00322064
1732337611.21361113,2341,536011.21361113,22.30464312,114.18073299,8.54119370,-88.39259321,1.20439777,0.67415059,33.65694581,66.33642428,3.26400751,-0.03455375,0.41008804,0.01396493
1732337611.41386390,2341,536011.41386390,22.30464380,114.18073329,8.55000493,-90.83110631,1.53718648,0.43129938,33.68807710,66.41191145,3.27281778,0.00230956,0.44271127,0.00180150
1732337611.61405301,2341,536011.61405301,22.30464452,114.18073327,8.54856432,-92.46511473,1.51146422,0.58383787,33.68569258,66.49233639,3.27137634,0.07806022,0.45431486,-0.00320815
1732337611.81413126,2341,536011.81413126,22.30464554,114.18073322,8.54494896,-93.60157282,1.18272990,0.36319530,33.68019363,66.60450981,3.26775983,0.04725146,0.47520730,-0.00011965
1732337612.01430988,2341,536012.01430988,22.30464633,114.18073342,8.55018173,-94.20461415,1.14561855,0.33429427,33.70116478,66.69286664,3.27299157,0.07687436,0.41034495,0.01150250
1732337612.21447825,2341,536012.21447825,22.30464720,114.18073372,8.55519387,-95.03261027,1.30262401,0.06463654,33.73180418,66.78909283,3.27800253,0.09547426,0.45459862,0.01901602
1732337612.41464710,2341,536012.41464710,22.30464808,114.18073387,8.54517309,-95.86222816,1.24571889,-0.11834457,33.74791407,66.88634407,3.26798064,0.11413714,0.49912015,0.00859374
1732337612.61482024,2341,536012.61482024,22.30464886,114.18073396,8.55448105,-96.40460118,1.22618936,0.04063270,33.75690456,66.97305120,3.27728764,0.09949353,0.51525454,0.01122448
1732337612.81499672,2341,536012.81499672,22.30464976,114.18073419,8.56908857,-97.17077223,1.24095358,0.25626053,33.78061520,67.07218717,3.29189399,0.13199373,0.50485325,0.00408454
1732337613.01525140,2341,536013.01525140,22.30465075,114.18073411,8.55220708,-98.55129371,1.01051668,0.36935221,33.77227209,67.18128733,3.27501138,0.08971148,0.48146494,-0.00037153
1732337613.21534634,2341,536013.21534634,22.30465147,114.18073428,8.56827484,-99.41580270,1.31247503,0.16506290,33.78968545,67.26111916,3.29107820,0.12486942,0.46755528,0.01021226
1732337613.41551256,2341,536013.41551256,22.30465236,114.18073452,8.56678058,-100.03086115,1.26608986,0.12040810,33.81435043,67.35988042,3.28958277,0.11556140,0.48908844,0.01198130
1732337613.61569452,2341,536013.61569452,22.30465328,114.18073477,8.56354231,-100.37728502,1.31743448,0.05246809,33.83997132,67.46237278,3.28634328,0.11118429,0.52157849,0.00875425
1732337613.81586862,2341,536013.81586862,22.30465414,114.18073488,8.56048603,-100.57536467,1.31829830,0.48011059,33.85185521,67.55760181,3.28328592,0.13560631,0.50094934,0.00352440
1732337614.01601934,2341,536014.01601934,22.30465509,114.18073496,8.56397063,-100.71675744,0.96409240,0.52940563,33.86034168,67.66211056,3.28676936,0.10680890,0.49298359,0.01518891
1732337614.21619296,2341,536014.21619296,22.30465597,114.18073509,8.55662306,-100.77688684,0.94684493,0.62674894,33.87275550,67.75978565,3.27942068,0.07591909,0.47077767,0.00735303
1732337614.41637444,2341,536014.41637444,22.30465682,114.18073535,8.54946883,-100.68089476,1.07398043,0.67647779,33.89974176,67.85385731,3.27226530,0.05481401,0.51768139,0.01320495
1732337614.61665940,2341,536014.61665940,22.30465769,114.18073525,8.56047774,-100.09111245,0.87780408,0.91283732,33.89017082,67.95047734,3.28327323,0.12173773,0.46842685,0.03075478
1732337614.81672144,2341,536014.81672144,22.30465855,114.18073569,8.57536788,-97.97314554,0.88649074,0.81814300,33.93464483,68.04533616,3.29816212,-0.03104232,0.42125541,0.02495115
1732337615.01697445,2341,536015.01697445,22.30465920,114.18073584,8.58443968,-95.22632655,1.40831319,0.68888695,33.95040857,68.11790692,3.30723305,0.01997547,0.44881145,0.00845901
1732337615.21706867,2341,536015.21706867,22.30465998,114.18073588,8.58271274,-91.84610418,1.51465369,0.65701266,33.95422414,68.20386647,3.30550517,-0.01870372,0.45796791,0.02839652
1732337615.41723728,2341,536015.41723728,22.30466082,114.18073606,8.59392427,-88.26856741,1.37170394,1.11148357,33.97354427,68.29643649,3.31671560,-0.05038453,0.43523708,0.01046562
1732337615.61747098,2341,536015.61747098,22.30466178,114.18073599,8.59264075,-84.52704498,1.37443547,1.09057907,33.96623002,68.40331285,3.31543096,-0.01277083,0.45730913,0.02852649
1732337615.81759095,2341,536015.81759095,22.30466256,114.18073602,8.59288673,-80.51380626,1.49525832,1.17266380,33.96874300,68.48959994,3.31567600,-0.08070313,0.41121554,0.00799140
1732337616.01775956,2341,536016.01775956,22.30466315,114.18073608,8.60136739,-76.16708097,1.75976417,1.13467862,33.97545383,68.55486407,3.32415592,-0.06768643,0.47394712,-0.00692053
1732337616.21804571,2341,536016.21804571,22.30466408,114.18073592,8.60538409,-72.37723000,1.53642268,1.11027140,33.95851788,68.65792435,3.32817160,-0.07483709,0.38502993,0.00001564
1732337616.41810060,2341,536016.41810060,22.30466502,114.18073570,8.60054381,-68.46168871,1.58678617,1.07764612,33.93573348,68.76250102,3.32333030,-0.11538899,0.47188944,0.00894239
1732337616.61827087,2341,536016.61827087,22.30466574,114.18073557,8.60899619,-64.89442554,1.40412945,1.20747739,33.92295338,68.84128264,3.33178190,-0.20056376,0.42938063,0.01394350
1732337616.81844950,2341,536016.81844950,22.30466659,114.18073504,8.59489082,-61.85926007,1.28433009,1.39692761,33.86856797,68.93582825,3.31767579,-0.16264084,0.41154708,0.00171443
1732337617.01862669,2341,536017.01862669,22.30466733,114.18073464,8.61923274,-58.86633827,1.40584414,1.20519469,33.82686434,69.01785639,3.34201704,-0.17731560,0.41929953,-0.00369389
1732337617.21879458,2341,536017.21879458,22.30466829,114.18073419,8.59785320,-56.70818837,1.10455210,1.19390653,33.78038357,69.12456846,3.32063658,-0.21893783,0.42276589,0.00227478
1732337617.41897058,2341,536017.41897058,22.30466906,114.18073358,8.59910709,-54.47558549,0.87993223,1.19317791,33.71797422,69.20882743,3.32188989,-0.27427440,0.41570838,0.01625800
1732337617.61913919,2341,536017.61913919,22.30466962,114.18073316,8.63002645,-51.80774083,1.00932385,1.16885801,33.67477293,69.27173742,3.35280879,-0.25310851,0.35602661,-0.00339827
1732337617.81931734,2341,536017.81931734,22.30467051,114.18073274,8.61071490,-49.80837751,0.90171802,1.13575731,33.63133743,69.36962144,3.33349641,-0.27637219,0.37701994,-0.00396403
1732337618.01947308,2341,536018.01947308,22.30467117,114.18073204,8.61147518,-48.35008454,0.92127270,1.01309923,33.55887223,69.44324056,3.33425626,-0.28008431,0.36448609,0.01296725
1732337618.21974421,2341,536018.21974421,22.30467191,114.18073136,8.60340874,-47.18965077,0.74579338,1.25265640,33.48861820,69.52488337,3.32618929,-0.27290901,0.36922160,-0.00221512
1732337618.41982174,2341,536018.41982174,22.30467258,114.18073061,8.60590705,-45.67905809,0.28591779,1.19052039,33.41172718,69.59904704,3.32868719,-0.26429937,0.33303891,0.00241258
1732337618.61998987,2341,536018.61998987,22.30467333,114.18073003,8.60324608,-43.13729955,0.14247800,0.69704743,33.35177326,69.68272621,3.32602562,-0.34864890,0.35283487,0.01834003
1732337618.82015991,2341,536018.82015991,22.30467397,114.18072937,8.62031165,-40.93748232,-0.00882330,0.94337900,33.28385135,69.75298670,3.34309077,-0.37189568,0.30893954,-0.00024115
1732337619.02032995,2341,536019.02032995,22.30467467,114.18072860,8.62657103,-39.06739173,-0.21961546,0.74506979,33.20449837,69.83111245,3.34934970,-0.39260631,0.26961329,0.00546662
1732337619.22052312,2341,536019.22052312,22.30467513,114.18072820,8.61548644,-36.39226033,0.15409375,0.39732986,33.16332204,69.88116840,3.33826478,-0.45786801,0.29463825,0.00172251
1732337619.42077541,2341,536019.42077541,22.30467575,114.18072739,8.61059268,-34.92333760,0.45472834,0.71991898,33.07964235,69.95054433,3.33337069,-0.41882710,0.28636554,-0.00986283
1732337619.62084770,2341,536019.62084770,22.30467619,114.18072660,8.60509543,-33.24044426,0.54943355,0.69940703,32.99815521,69.99866634,3.32787333,-0.43514299,0.26214025,0.00727620
1732337619.82103395,2341,536019.82103395,22.30467661,114.18072598,8.60745441,-31.16480910,0.86146493,0.68205902,32.93492200,70.04592600,3.33023211,-0.48365284,0.26117588,0.00134193
1732337620.02119303,2341,536020.02119303,22.30467696,114.18072526,8.62586393,-29.69964850,0.94513807,1.00146807,32.86074506,70.08399032,3.34864159,-0.42792768,0.21839267,-0.00207047
1732337620.22138190,2341,536020.22138190,22.30467750,114.18072421,8.62403347,-28.96336934,0.84552806,1.09340994,32.75209351,70.14407726,3.34681103,-0.43284296,0.19699507,0.00591848
1732337620.42165041,2341,536020.42165041,22.30467795,114.18072353,8.62218420,-28.07293418,0.92134993,1.09881559,32.68155962,70.19364995,3.34496157,-0.36260028,0.20924779,0.00889927
1732337620.62171030,2341,536020.62171030,22.30467831,114.18072289,8.61729360,-25.92199293,1.15039756,0.92779837,32.61622398,70.23358348,3.34007087,-0.41160442,0.25011275,0.02475196
1732337620.82197571,2341,536020.82197571,22.30467902,114.18072186,8.62050438,-24.25846107,0.93022435,0.89272262,32.51017804,70.31232799,3.34328131,-0.43799853,0.21743785,0.01437542
1732337621.02206230,2341,536021.02206230,22.30467906,114.18072137,8.63071721,-21.15648827,0.82564658,1.16058329,32.45983346,70.31662921,3.35349435,-0.45235669,0.16327062,0.00419868
1732337621.22231221,2341,536021.22231221,22.30467942,114.18072025,8.62998281,-18.85843423,0.72995962,1.44445694,32.34391976,70.35614137,3.35276011,-0.43391796,0.18323809,0.00131977
1732337621.42240906,2341,536021.42240906,22.30467984,114.18071926,8.64632795,-17.77326770,0.84988876,1.20267465,32.24254471,70.40348308,3.36910523,-0.47226522,0.14064286,0.00678392
1732337621.62258148,2341,536021.62258148,22.30467996,114.18071855,8.64087889,-16.07051900,0.83634695,1.30810921,32.16921925,70.41622611,3.36365640,-0.46253436,0.16542836,0.00395225
1732337621.82275677,2341,536021.82275677,22.30468029,114.18071765,8.63363720,-14.53256054,0.76660181,1.38684691,32.07584786,70.45323510,3.35641477,-0.48475710,0.16467724,-0.00112504
1732337622.02303648,2341,536022.02303648,22.30468053,114.18071663,8.64055708,-13.54730987,0.56425747,1.49742149,31.97151195,70.47960855,3.36333488,-0.50410354,0.12716281,-0.00078742
1732337622.22309947,2341,536022.22309947,22.30468071,114.18071560,8.65289686,-12.79179508,0.52590241,1.61949481,31.86466249,70.49943751,3.37567498,-0.47877295,0.08605283,-0.01506370
1732337622.42325878,2341,536022.42325878,22.30468093,114.18071493,8.63581101,-11.89973176,1.00861982,1.59333119,31.79582969,70.52427296,3.35858919,-0.51599231,0.10240217,-0.01624507
1732337622.62352991,2341,536022.62352991,22.30468115,114.18071407,8.64102242,-11.33324883,0.67553422,1.80704671,31.70750505,70.54843723,3.36380077,-0.43442942,0.08687625,-0.00391114
1732337622.82360744,2341,536022.82360744,22.30468130,114.18071314,8.63243904,-10.90285204,0.86920317,1.50594953,31.61120220,70.56420376,3.35521770,-0.46823842,0.07632766,-0.00032053
1732337623.02386808,2341,536023.02386808,22.30468156,114.18071234,8.62958995,-10.58079473,1.04207596,1.52792628,31.52873442,70.59322910,3.35236869,-0.49181467,0.08087873,0.00061646
1732337623.22396398,2341,536023.22396398,22.30468171,114.18071144,8.63328162,-10.23916438,1.16873261,1.49904784,31.43624267,70.61004021,3.35606063,-0.48395618,0.09578927,0.00633716
1732337623.42414355,2341,536023.42414355,22.30468187,114.18071053,8.63417066,-10.00101950,1.08862199,1.62319206,31.34267840,70.62821823,3.35694993,-0.49569865,0.08077397,0.00404698
1732337623.62435818,2341,536023.62435818,22.30468196,114.18070956,8.63532927,-9.79674066,1.00034911,1.79375716,31.24307060,70.63757528,3.35810892,-0.45457704,0.06715080,-0.00580356
1732337623.82447934,2341,536023.82447934,22.30468215,114.18070866,8.63226728,-9.68125125,1.00889028,1.73159539,31.14984894,70.65863718,3.35504715,-0.45873942,0.09203477,0.00837687
1732337624.02464843,2341,536024.02464843,22.30468244,114.18070781,8.64118914,-9.54163742,1.18734006,1.45830833,31.06258848,70.69096051,3.36396908,-0.48422350,0.09632051,0.01127874
1732337624.22488165,2341,536024.22488165,22.30468262,114.18070685,8.63484006,-9.46434979,1.19101956,1.72113993,30.96334318,70.71073268,3.35762026,-0.47426447,0.10829943,0.01429817
1732337624.42499685,2341,536024.42499685,22.30468279,114.18070593,8.64361556,-9.27377521,1.10966712,1.86354423,30.86809591,70.72995166,3.36639601,-0.45265261,0.12529313,0.02684352
1732337624.62517023,2341,536024.62517023,22.30468291,114.18070500,8.64745538,-9.16180390,0.96731502,1.74766196,30.77303732,70.74321470,3.37023614,-0.46826460,0.11546411,0.01737206
1732337624.82534194,2341,536024.82534194,22.30468303,114.18070413,8.65086088,-9.02988379,1.22485495,1.63393584,30.68283873,70.75605314,3.37364193,-0.47421466,0.09624513,0.00437450
1732337625.02552032,2341,536025.02552032,22.30468321,114.18070338,8.64935313,-8.89835106,1.27664987,1.74809697,30.60542515,70.77630295,3.37213432,-0.46636682,0.10628847,0.00829436
1732337625.22569633,2341,536025.22569633,22.30468349,114.18070226,8.64550726,-8.85366471,1.26573326,1.99670693,30.49051849,70.80731527,3.36828866,-0.46205900,0.10762091,0.00839809
1732337625.42587018,2341,536025.42587018,22.30468346,114.18070137,8.65832244,-8.74539642,1.05187696,2.14723769,30.39899391,70.80411062,3.38110431,-0.43947601,0.12071745,-0.00386895
1732337625.62603068,2341,536025.62603068,22.30468367,114.18070043,8.64715174,-8.59697832,0.89336366,2.01744633,30.30188737,70.82744279,3.36993381,-0.44994151,0.14546952,0.00236823
1732337625.82632017,2341,536025.82632017,22.30468393,114.18069943,8.65471766,-8.50950916,0.84470392,1.81366146,30.19870362,70.85625725,3.37749990,-0.48407328,0.11140874,0.02024465
1732337626.02637959,2341,536026.02637959,22.30468406,114.18069856,8.65230659,-8.46335337,0.86814201,1.99738024,30.10878805,70.87070363,3.37508909,-0.48241538,0.11134783,0.01422976
1732337626.22655177,2341,536026.22655177,22.30468424,114.18069765,8.65670473,-8.45803995,0.86555698,2.03253982,30.01502438,70.89022617,3.37948746,-0.49040425,0.12812142,0.00556049
1732337626.42672229,2341,536026.42672229,22.30468436,114.18069665,8.66171086,-8.34742192,0.61791643,2.07801084,29.91248430,70.90404156,3.38449391,-0.49556765,0.08268753,-0.00151126
1732337626.62689829,2341,536026.62689829,22.30468463,114.18069572,8.66365223,-8.09654498,0.50072697,1.96790599,29.81666252,70.93363816,3.38643540,-0.49916173,0.04332952,0.00537660
1732337626.82707071,2341,536026.82707071,22.30468478,114.18069477,8.67399038,-7.98488876,0.63262444,1.83212961,29.71876573,70.95052897,3.39677382,-0.49583831,0.02325980,0.00002931
1732337627.02724385,2341,536027.02724385,22.30468496,114.18069395,8.66643353,-7.92345313,0.88238702,1.82255377,29.63410899,70.97056459,3.38921714,-0.52685281,0.06560145,0.01115803
1732337627.22740746,2341,536027.22740746,22.30468504,114.18069310,8.66698388,-7.78346869,0.93049245,1.87815520,29.54609744,70.97840632,3.38976780,-0.49694876,0.06728341,0.00560215
1732337627.42757320,2341,536027.42757320,22.30468530,114.18069217,8.66952127,-7.63889950,1.13919080,1.76836100,29.45040097,71.00724577,3.39230532,-0.48621786,0.05756027,0.01067979
1732337627.62775207,2341,536027.62775207,22.30468539,114.18069129,8.66297374,-7.45054496,1.41803606,1.69148521,29.35965255,71.01721164,3.38575809,-0.46819462,0.07367687,0.00540987
1732337627.82793808,2341,536027.82793808,22.30468563,114.18069030,8.65415127,-7.32387773,1.10345340,1.56699765,29.25854821,71.04467975,3.37693578,-0.46218009,0.13776392,0.00650875
1732337628.02811384,2341,536028.02811384,22.30468577,114.18068935,8.66171369,-7.16113111,1.02090920,1.55644553,29.16062694,71.05919865,3.38449849,-0.48740275,0.10624412,0.01345574
1732337628.22826838,2341,536028.22826838,22.30468598,114.18068826,8.68191072,-6.85022770,1.00189936,1.58633666,29.04786026,71.08295493,3.40469577,-0.47683451,0.07020027,0.01615079
1732337628.42843485,2341,536028.42843485,22.30468605,114.18068738,8.68624666,-6.35324487,1.20975746,1.70026929,28.95746149,71.09108274,3.40903202,-0.43870269,0.08452797,0.01649667
1732337628.62861347,2341,536028.62861347,22.30468626,114.18068631,8.67855684,-5.63752582,0.98523545,1.62618458,28.84695628,71.11434864,3.40134245,-0.43811623,0.08749281,0.00536104
1732337628.82885885,2341,536028.82885885,22.30468658,114.18068530,8.68499236,-4.41986097,0.64618281,1.37653875,28.74321060,71.14920361,3.40777805,-0.39098728,0.03895351,0.00902877
1732337629.02902699,2341,536029.02902699,22.30468669,114.18068447,8.68053627,-2.41134224,0.76267464,1.38470145,28.65698782,71.16204402,3.40332219,-0.41918299,0.01548196,0.00848120
1732337629.22911406,2341,536029.22911406,22.30468669,114.18068358,8.67750899,0.38680100,0.33510411,1.40453190,28.56529934,71.16180309,3.40029533,-0.50092588,0.02321501,0.03152336
1732337629.42930937,2341,536029.42930937,22.30468660,114.18068252,8.69509004,3.87398576,-0.54544845,1.53392809,28.45685053,71.15213399,3.41787698,-0.41032814,-0.11183166,0.01335370
1732337629.62948465,2341,536029.62948465,22.30468663,114.18068163,8.70537310,7.26204257,0.01213924,1.50464354,28.36471357,71.15471937,3.42816042,-0.47037491,-0.07619545,0.00285386
1732337629.82966232,2341,536029.82966232,22.30468655,114.18068074,8.70433285,10.80342449,-0.09966087,1.28296973,28.27263980,71.14642131,3.42712067,-0.42591992,-0.12332184,-0.01521612
1732337630.02982354,2341,536030.02982354,22.30468659,114.18067983,8.69959876,14.65838947,0.30246159,0.99854473,28.17897666,71.14999736,3.42238695,-0.50276162,-0.11124570,0.00674021
1732337630.23000193,2341,536030.23000193,22.30468632,114.18067925,8.69687429,18.69748701,0.32364207,0.84477376,28.11930733,71.12087393,3.41966307,-0.49973830,-0.14427243,-0.00556516
1732337630.43016648,2341,536030.43016648,22.30468607,114.18067832,8.70242350,22.21726907,0.07183723,1.20629706,28.02395698,71.09259770,3.42521302,-0.40775806,-0.20281333,-0.00466615
1732337630.63041449,2341,536030.63041449,22.30468578,114.18067722,8.69636078,25.33029185,0.21935062,1.18470771,27.90985859,71.06084071,3.41915115,-0.43529992,-0.16445295,-0.00857003
1732337630.83052397,2341,536030.83052397,22.30468537,114.18067652,8.70183623,28.99917625,0.03267861,1.08719729,27.83863897,71.01575947,3.42462742,-0.42557199,-0.20927728,0.00761057
1732337631.03068399,2341,536031.03068399,22.30468503,114.18067557,8.69178967,32.69657951,-0.19317107,1.17484698,27.73987610,70.97828912,3.41458171,-0.38000738,-0.21266049,-0.00842853
1732337631.23085213,2341,536031.23085213,22.30468448,114.18067472,8.69904158,36.57793126,-0.37118611,1.05464364,27.65265940,70.91688752,3.42183469,-0.41856971,-0.24447177,-0.00548452
1732337631.43112326,2341,536031.43112326,22.30468412,114.18067387,8.70243555,40.33068312,-0.55062097,1.23811968,27.56465509,70.87699600,3.42522948,-0.37868730,-0.30486705,-0.00073018
1732337631.63129854,2341,536031.63129854,22.30468340,114.18067334,8.69298920,44.19524249,-0.72583812,1.20645409,27.51002885,70.79749931,3.41578425,-0.36849232,-0.32416846,-0.00395045
1732337631.83137751,2341,536031.83137751,22.30468278,114.18067265,8.69557817,47.78495951,-1.33472271,1.17920442,27.43901517,70.72842732,3.41837430,-0.27452775,-0.33731181,-0.01204032
1732337632.03154850,2341,536032.03154850,22.30468223,114.18067185,8.70289833,51.50307084,-1.20378276,1.17459769,27.35717297,70.66774313,3.42569548,-0.31739131,-0.39564618,-0.00705117
1732337632.23180866,2341,536032.23180866,22.30468156,114.18067123,8.69875893,55.04879264,-1.27368986,1.20858667,27.29272310,70.59312095,3.42155719,-0.31279691,-0.39827944,-0.00303647
1732337632.43189120,2341,536032.43189120,22.30468077,114.18067074,8.70185811,58.11504061,-1.40116823,1.06154802,27.24287845,70.50593679,3.42465756,-0.25581428,-0.42170467,-0.01158870
1732337632.63206911,2341,536032.63206911,22.30468020,114.18067005,8.70029394,60.87285357,-1.33871369,1.09593569,27.17145238,70.44266820,3.42309440,-0.23563146,-0.41769999,-0.01256586
1732337632.83222723,2341,536032.83222723,22.30467955,114.18066966,8.69858317,64.11435777,-1.02471967,1.14664540,27.13160402,70.37135836,3.42138458,-0.23228729,-0.44767756,-0.00385031
1732337633.03239799,2341,536033.03239799,22.30467856,114.18066948,8.68689825,67.93983503,-1.38149449,1.15460785,27.11285310,70.26079860,3.40970097,-0.23132348,-0.47678333,-0.01520861
1732337633.23258042,2341,536033.23258042,22.30467765,114.18066899,8.68690248,71.38207153,-1.95024952,1.07295582,27.06235133,70.16021940,3.40970653,-0.17845814,-0.44478335,-0.00408317
1732337633.43273401,2341,536033.43273401,22.30467682,114.18066886,8.68917069,74.31260799,-1.54111401,1.03924010,27.04933005,70.06903311,3.41197580,-0.18348347,-0.47048560,-0.01349750
1732337633.63290548,2341,536033.63290548,22.30467616,114.18066844,8.68267002,75.83775123,-1.50559955,1.07940020,27.00519998,69.99577406,3.40547612,-0.20941430,-0.47246776,-0.02070193
1732337633.83310270,2341,536033.83310270,22.30467517,114.18066812,8.68206945,76.94915378,-1.94371702,1.25565526,26.97255369,69.88541895,3.40487691,-0.21243117,-0.55732949,-0.02465209
1732337634.03337073,2341,536034.03337073,22.30467424,114.18066787,8.67911666,77.81045613,-2.22587169,1.60379914,26.94667885,69.78297942,3.40192535,-0.11613115,-0.53660922,-0.02976302
1732337634.23345447,2341,536034.23345447,22.30467340,114.18066781,8.67201865,78.67552306,-2.29371385,1.94742504,26.94060986,69.68938928,3.39482840,-0.09472959,-0.50886280,-0.01369508
1732337634.43361092,2341,536034.43361092,22.30467256,114.18066755,8.66212610,79.23355555,-2.52361986,1.90535089,26.91431314,69.59692692,3.38493697,-0.03794132,-0.47698235,-0.01127710
1732337634.63389444,2341,536034.63389444,22.30467179,114.18066731,8.66725374,79.74975950,-2.14592759,1.74098730,26.88924883,69.51148040,3.39006566,-0.03131743,-0.50016793,-0.02714967
1732337634.83396602,2341,536034.83396602,22.30467092,114.18066735,8.65137538,80.14555984,-1.86721361,1.39220320,26.89332423,69.41560001,3.37418833,-0.03568618,-0.45869078,-0.01590565
1732337635.03422022,2341,536035.03422022,22.30467013,114.18066709,8.65167964,80.61331900,-1.48761485,1.41028431,26.86684584,69.32833059,3.37449365,-0.06197915,-0.43050296,-0.01449634
1732337635.23434901,2341,536035.23434901,22.30466930,114.18066666,8.64427505,81.02163305,-1.36735568,1.41316460,26.82226049,69.23568154,3.36709026,-0.09587381,-0.47269087,-0.00756383
1732337635.43448305,2341,536035.43448305,22.30466841,114.18066661,8.64558261,81.30426164,-1.90060534,1.24273713,26.81684352,69.13705400,3.36839892,-0.02889290,-0.43543470,-0.00648896
1732337635.63465261,2341,536035.63465261,22.30466756,114.18066624,8.65808642,81.43645343,-1.73267641,1.28919995,26.77897370,69.04353227,3.38090391,-0.04258826,-0.46522088,-0.01144958
1732337635.83482456,2341,536035.83482456,22.30466679,114.18066609,8.64262384,81.65621930,-1.70469845,1.15515211,26.76302532,68.95842864,3.36544233,-0.06565662,-0.44553615,-0.00557072
1732337636.03498650,2341,536036.03498650,22.30466591,114.18066591,8.64081412,81.84328749,-1.48526890,1.09417491,26.74445745,68.86104789,3.36363374,-0.07104833,-0.43355493,-0.01043983
1732337636.23524141,2341,536036.23524141,22.30466502,114.18066561,8.64496762,81.93529887,-1.36365457,0.98796971,26.71443824,68.76213818,3.36778844,-0.06943304,-0.49341026,-0.01472871
1732337636.43534470,2341,536036.43534470,22.30466417,114.18066545,8.64869319,82.00563400,-1.44065140,1.02828863,26.69703213,68.66797233,3.37151510,-0.09320072,-0.48250204,-0.00590590
1732337636.63552904,2341,536036.63552904,22.30466331,114.18066535,8.64427094,82.15989631,-1.29160498,0.94730048,26.68768805,68.57283109,3.36709392,-0.07799937,-0.49207479,-0.01791112
1732337636.83573294,2341,536036.83573294,22.30466248,114.18066520,8.63590334,82.27971826,-1.39770772,1.01775621,26.67136788,68.48124004,3.35872738,-0.08449511,-0.44850720,-0.00612134
1732337637.03594446,2341,536037.03594446,22.30466157,114.18066508,8.62966103,82.40450212,-1.45913778,0.98858131,26.65938916,68.38028557,3.35248621,-0.09051591,-0.44133895,-0.00088211
1732337637.23602915,2341,536037.23602915,22.30466078,114.18066473,8.63691630,82.38798938,-1.44259972,0.75793043,26.62379694,68.29264356,3.35974257,-0.08225586,-0.50277728,-0.01785093
1732337637.43618822,2341,536037.43618822,22.30465991,114.18066453,8.64154303,82.39006299,-1.49474225,0.79718790,26.60316607,68.19633439,3.36437042,-0.07432179,-0.51461347,-0.01533793
1732337637.63637757,2341,536037.63637757,22.30465893,114.18066444,8.62477661,82.40412368,-1.34432007,0.69372718,26.59381471,68.08785846,3.34760521,-0.08818190,-0.48842911,-0.01448656
1732337637.83653617,2341,536037.83653617,22.30465820,114.18066443,8.63332271,82.52431528,-1.20405090,0.93277102,26.59270015,68.00697712,3.35615218,-0.10725189,-0.46717877,-0.00953463
1732337638.03671312,2341,536038.03671312,22.30465743,114.18066411,8.62327118,82.56406089,-1.25481784,0.88587136,26.55978817,67.92165113,3.34610170,-0.08699757,-0.47951121,-0.01053069
1732337638.23689175,2341,536038.23689175,22.30465661,114.18066389,8.62305800,82.63694769,-1.25762083,0.75212486,26.53667760,67.83048788,3.34588959,-0.09446578,-0.47089286,-0.01101806
1732337638.43712521,2341,536038.43712521,22.30465564,114.18066372,8.62591461,82.64678031,-1.28804583,0.76205067,26.51968760,67.72284839,3.34874742,-0.09290380,-0.48297077,-0.00475450
1732337638.63723516,2341,536038.63723516,22.30465465,114.18066368,8.61165123,82.69804280,-1.46856475,0.85329928,26.51556319,67.61416102,3.33448521,-0.04204649,-0.46296950,-0.00803453
1732337638.83747435,2341,536038.83747435,22.30465387,114.18066345,8.61385140,82.69438190,-1.48970075,0.75511316,26.49187212,67.52676859,3.33668641,-0.10548408,-0.45833634,0.01389714
1732337639.03759098,2341,536039.03759098,22.30465296,114.18066323,8.61950142,82.77000719,-1.43570720,0.58243647,26.46848786,67.42673460,3.34233760,-0.10721235,-0.47241082,-0.00518903
1732337639.23785853,2341,536039.23785853,22.30465219,114.18066319,8.61349732,82.83573426,-1.44772044,0.67614228,26.46457672,67.34155008,3.33633441,-0.10956572,-0.44835444,-0.01748914
1732337639.43793917,2341,536039.43793917,22.30465121,114.18066299,8.60987203,82.89991900,-1.46467596,0.65872533,26.44415293,67.23286824,3.33271037,-0.10103394,-0.47626219,-0.01403655
1732337639.63809729,2341,536039.63809729,22.30465034,114.18066272,8.61849287,82.90542578,-1.64821033,0.55474323,26.41607590,67.13665152,3.34133234,-0.09421192,-0.49423711,-0.01049785
1732337639.83827996,2341,536039.83827996,22.30464948,114.18066261,8.60321858,82.95469985,-1.34657069,0.64818966,26.40481408,67.04139598,3.32605910,-0.07241873,-0.46991770,-0.00804159
1732337640.03853631,2341,536040.03853631,22.30464872,114.18066241,8.60715791,83.00863607,-1.39628541,0.58914110,26.38421371,66.95729872,3.32999941,-0.09931831,-0.45495373,-0.02251363
1732337640.23870277,2341,536040.23870277,22.30464789,114.18066223,8.60435947,83.07081325,-1.38327057,0.66355467,26.36562683,66.86506037,3.32720202,-0.09331574,-0.46004781,-0.01247142
1732337640.43880081,2341,536040.43880081,22.30464709,114.18066211,8.60329593,83.10319353,-1.34993328,0.64301866,26.35342288,66.77650121,3.32613946,-0.10172595,-0.50684702,-0.01207359
1732337640.63909388,2341,536040.63909388,22.30464616,114.18066202,8.59966720,83.10317409,-1.44876091,0.72446091,26.34445265,66.67347841,3.32251185,-0.13169216,-0.48483655,-0.01214444
1732337640.83916235,2341,536040.83916235,22.30464524,114.18066185,8.58948254,83.24756511,-1.68238394,0.58795048,26.32664190,66.57184900,3.31232833,-0.07673182,-0.43929273,-0.01728993
1732337641.03930187,2341,536041.03930187,22.30464442,114.18066150,8.59830317,83.26581527,-1.76204572,0.62187598,26.29078331,66.48079490,3.32115007,-0.09628649,-0.48503056,-0.01446640
1732337641.23947668,2341,536041.23947668,22.30464347,114.18066142,8.58702362,83.30869626,-1.79694790,0.56540866,26.28234302,66.37595094,3.30987165,-0.07807745,-0.49047309,-0.02139833
1732337641.43974447,2341,536041.43974447,22.30464261,114.18066121,8.58686813,83.29178668,-1.78020493,0.55948904,26.26053456,66.28047859,3.30971724,-0.09613076,-0.48996010,-0.02203983
1732337641.63981342,2341,536041.63981342,22.30464169,114.18066106,8.57412311,83.42122144,-1.81328122,0.41304184,26.24501337,66.17841908,3.29697335,-0.09835995,-0.46683763,-0.01594951
1732337641.84017181,2341,536041.84017181,22.30464085,114.18066088,8.58189668,83.49309281,-1.94324406,0.35723302,26.22707361,66.08551063,3.30474796,-0.07747413,-0.44587448,-0.01832100
1732337642.04017019,2341,536042.04017019,22.30464000,114.18066059,8.58424792,83.45428137,-2.00522525,0.40722790,26.19687369,65.99086125,3.30710031,-0.10043018,-0.49291013,-0.01529525
1732337642.24033308,2341,536042.24033308,22.30463915,114.18066057,8.57254017,83.59166563,-1.90343175,0.34309006,26.19490567,65.89762459,3.29539354,-0.08749330,-0.47062827,-0.01534579
1732337642.44052458,2341,536042.44052458,22.30463821,114.18066039,8.56836402,83.68417615,-1.96879697,0.37559842,26.17569894,65.79322734,3.29121856,-0.11478475,-0.46901147,-0.01378528
1732337642.64068985,2341,536042.64068985,22.30463728,114.18066016,8.56594318,83.77546250,-2.17130229,0.31925189,26.15255103,65.68990119,3.28879888,-0.10882526,-0.49671731,-0.01956361
1732337642.84084988,2341,536042.84084988,22.30463637,114.18066012,8.57424407,83.78325898,-2.36807172,0.23631902,26.14793699,65.58911069,3.29710083,-0.08342649,-0.50853353,-0.00625229
1732337643.04111457,2341,536043.04111457,22.30463545,114.18065992,8.56728847,83.73350816,-2.13814151,0.59591871,26.12739181,65.48741230,3.29014636,-0.10111420,-0.55516412,-0.01636411
1732337643.24120975,2341,536043.24120975,22.30463454,114.18066008,8.54077063,83.76426581,-2.33521074,0.47614552,26.14368597,65.38623543,3.26362951,-0.00846827,-0.44038466,-0.00493907
1732337643.44144583,2341,536043.44144583,22.30463383,114.18065975,8.55265471,83.83126735,-2.09585501,0.61658586,26.11021757,65.30811059,3.27551452,-0.03020775,-0.41404917,-0.01918421
1732337643.64153790,2341,536043.64153790,22.30463312,114.18065959,8.55935692,83.79875373,-1.86074822,0.58929345,26.09349971,65.22929203,3.28221761,-0.07853096,-0.45580805,-0.01334971
1732337643.84172010,2341,536043.84172010,22.30463224,114.18065940,8.55510471,83.79770049,-2.11102417,0.71732158,26.07426759,65.13190380,3.27796648,-0.08580831,-0.48279754,-0.01755909
1732337644.04187918,2341,536044.04187918,22.30463114,114.18065933,8.53998394,83.88734420,-2.25620300,0.43922239,26.06661835,65.01037264,3.26284699,-0.01842410,-0.46923430,-0.01803697
1732337644.24206972,2341,536044.24206972,22.30463045,114.18065907,8.54397930,84.04758241,-2.33885538,0.39433626,26.04055566,64.93402962,3.26684324,-0.04227288,-0.44831314,-0.00915905
1732337644.44223452,2341,536044.44223452,22.30462961,114.18065883,8.53999645,84.21420809,-2.27106021,-0.04159511,26.01517803,64.84047531,3.26286145,-0.01117827,-0.50125161,-0.00777110
1732337644.64247704,2341,536044.64247704,22.30462879,114.18065867,8.54446155,84.31690906,-2.02758195,-0.01519168,25.99895821,64.74972419,3.26732754,-0.03438863,-0.49782174,-0.00720784
1732337644.84258437,2341,536044.84258437,22.30462788,114.18065860,8.52629716,84.47892910,-1.77656918,-0.27795409,25.99116855,64.64904382,3.24916420,-0.02400299,-0.49650309,-0.01405851
1732337645.04276419,2341,536045.04276419,22.30462715,114.18065842,8.53337137,84.47145041,-1.38770563,-0.03507144,25.97315416,64.56866619,3.25623931,-0.04079387,-0.46680070,-0.01389743
1732337645.24293566,2341,536045.24293566,22.30462634,114.18065820,8.54110730,84.46318238,-1.35717603,0.04536202,25.95049551,64.47820875,3.26397625,-0.04765341,-0.48712561,-0.00195903
1732337645.44310856,2341,536045.44310856,22.30462551,114.18065819,8.53721332,84.49557165,-1.31618423,0.02796146,25.94899944,64.38667217,3.26008320,-0.04100624,-0.50382635,-0.01144108
1732337645.64328480,2341,536045.64328480,22.30462465,114.18065802,8.52764934,84.50529446,-1.23271499,0.01201734,25.93229182,64.29142504,3.25052026,-0.07541280,-0.48341657,-0.01032098
1732337645.84344506,2341,536045.84344506,22.30462364,114.18065801,8.53436313,84.60279444,-1.43506824,-0.03185338,25.93114372,64.17947812,3.25723520,-0.10254682,-0.48394257,-0.00505817
1732337646.04362297,2341,536046.04362297,22.30462274,114.18065777,8.53460727,84.51807056,-1.67679371,-0.10446166,25.90597236,64.08064512,3.25748043,-0.04162981,-0.48795600,-0.00175196
1732337646.24379730,2341,536046.24379730,22.30462189,114.18065765,8.53475011,84.55874565,-1.33504956,0.02463232,25.89360107,63.98544841,3.25762428,-0.08889695,-0.50017275,-0.00308759
1732337646.44396448,2341,536046.44396448,22.30462106,114.18065763,8.52629800,84.60566365,-1.43991407,0.13126535,25.89141389,63.89462134,3.24917309,-0.06036293,-0.47627259,0.00296546
1732337646.64413309,2341,536046.64413309,22.30462023,114.18065744,8.52271542,84.69498752,-1.33800122,0.09762135,25.87206930,63.80223188,3.24559153,-0.07932688,-0.46932391,-0.01757089
1732337646.84430218,2341,536046.84430218,22.30461936,114.18065730,8.52325388,84.71297862,-1.43386617,0.12922278,25.85789615,63.70629424,3.24613101,-0.06924360,-0.46069898,-0.01103401
1732337647.04447412,2341,536047.04447412,22.30461843,114.18065716,8.52632095,84.72982930,-1.55782036,0.03807182,25.84286552,63.60257535,3.24919918,-0.07433376,-0.49081063,-0.01232265
1732337647.24464726,2341,536047.24464726,22.30461757,114.18065705,8.51741659,84.75007989,-1.31858791,0.00491372,25.83206823,63.50724980,3.24029582,-0.08297919,-0.49028219,-0.00877243
1732337647.44481230,2341,536047.44481230,22.30461671,114.18065694,8.51721870,84.82294167,-1.55237471,0.23135677,25.82113914,63.41229512,3.24009892,-0.08148025,-0.45120943,-0.01647382
1732337647.64499569,2341,536047.64499569,22.30461585,114.18065681,8.51395895,84.89734220,-1.57273852,0.04176788,25.80761775,63.31668522,3.23684018,-0.07424882,-0.47208922,-0.00829852
1732337647.84517670,2341,536047.84517670,22.30461498,114.18065666,8.51350411,84.92994444,-1.48306117,0.06697227,25.79135102,63.22080565,3.23638636,-0.06743096,-0.48904670,-0.01722248
1732337648.04534245,2341,536048.04534245,22.30461418,114.18065648,8.51787535,84.99976104,-1.68669773,0.18348759,25.77300967,63.13244190,3.24075855,-0.07617330,-0.51292810,-0.02060573
1732337648.24560976,2341,536048.24560976,22.30461320,114.18065656,8.49639329,85.00483492,-1.72223712,0.27270472,25.78107872,63.02381964,3.21927755,-0.02968840,-0.48073948,-0.00879491
1732337648.44570112,2341,536048.44570112,22.30461238,114.18065634,8.50563594,85.00624347,-1.71838751,0.42602049,25.75863076,62.93307035,3.22852119,-0.06552728,-0.46651149,-0.02226763
1732337648.64584827,2341,536048.64584827,22.30461152,114.18065633,8.49651991,85.12122019,-1.62393934,0.18818083,25.75772628,62.83814705,3.21940610,-0.07015231,-0.50698750,-0.01271930
1732337648.84612036,2341,536048.84612036,22.30461060,114.18065611,8.50247443,85.11283585,-1.69700342,0.32587420,25.73524034,62.73560034,3.22536172,-0.06911987,-0.48203565,-0.00949225
1732337649.04621553,2341,536049.04621553,22.30460962,114.18065601,8.50393687,85.12239057,-1.89836455,0.31094502,25.72492239,62.62753396,3.22682528,-0.04449558,-0.49140823,-0.01773093
1732337649.24637270,2341,536049.24637270,22.30460882,114.18065598,8.49910189,85.13410972,-1.92856782,0.33258945,25.72142326,62.53869801,3.22199118,0.00080794,-0.49410973,-0.00702015
1732337649.44654512,2341,536049.44654512,22.30460795,114.18065595,8.49626648,85.16722103,-1.80082764,0.52932186,25.71853124,62.44280754,3.21915673,-0.02911972,-0.46537462,-0.00849906
1732337649.64670992,2341,536049.64670992,22.30460716,114.18065578,8.49244409,85.27311146,-1.72434741,0.44541036,25.70123368,62.35482893,3.21533527,-0.02267353,-0.45490948,-0.00625187
1732337649.84698796,2341,536049.84698796,22.30460633,114.18065556,8.49258181,85.41083769,-1.57098150,0.20949773,25.67854837,62.26309172,3.21547399,-0.02855257,-0.44933843,-0.00520973
1732337650.04705787,2341,536050.04705787,22.30460548,114.18065536,8.49176988,85.42263951,-1.63476661,0.23280397,25.65817590,62.16914609,3.21466306,-0.06192349,-0.42199476,-0.01164077
1732337650.24723506,2341,536050.24723506,22.30460468,114.18065531,8.49830054,85.44132837,-1.74327714,0.06765813,25.65313349,62.08052189,3.22119461,-0.06724300,-0.46992309,-0.00489833
1732337650.44741082,2341,536050.44741082,22.30460384,114.18065516,8.48992794,85.46779088,-1.64151129,0.13762543,25.63733782,61.98680372,3.21282299,-0.08785647,-0.46546414,-0.02064637
1732337650.64758968,2341,536050.64758968,22.30460284,114.18065520,8.48206066,85.59931337,-1.90751792,0.17512892,25.64179890,61.87619806,3.20495677,-0.08594309,-0.41008787,-0.01619888
1732337650.84776282,2341,536050.84776282,22.30460195,114.18065485,8.48024046,85.68643194,-2.02568796,0.02130042,25.60548695,61.77843135,3.20313766,-0.06813759,-0.44576742,-0.01094402
1732337651.04792166,2341,536051.04792166,22.30460104,114.18065473,8.47344191,85.74043264,-2.07432578,0.13278119,25.59286219,61.67729015,3.19634015,-0.09360748,-0.46172659,-0.01645588
1732337651.24811792,2341,536051.24811792,22.30460013,114.18065465,8.46354385,85.73574523,-2.38210275,0.10995265,25.58428317,61.57600292,3.18644311,-0.08481528,-0.51498381,-0.03616922
1732337651.44837570,2341,536051.44837570,22.30459907,114.18065459,8.46163937,85.74556232,-2.43801497,0.00470017,25.57843367,61.45879535,3.18453979,-0.07877958,-0.50949878,0.00061774
1732337651.64843273,2341,536051.64843273,22.30459820,114.18065455,8.45052237,85.81030892,-2.57808370,0.00905407,25.57476806,61.36282830,3.17342373,-0.04088052,-0.44435876,-0.02249574
1732337651.84871221,2341,536051.84871221,22.30459746,114.18065431,8.45844983,85.88055629,-2.43065378,-0.01742900,25.54925601,61.28120053,3.18135209,-0.07688831,-0.50530182,-0.01793870
1732337652.04878402,2341,536052.04878402,22.30459658,114.18065411,8.45984087,85.83885523,-2.41737508,-0.00302214,25.52881364,61.18380618,3.18274415,-0.05129433,-0.53303342,-0.02371099
1732337652.24897122,2341,536052.24897122,22.30459564,114.18065415,8.43886670,85.84277664,-2.39942892,-0.03332036,25.53269885,61.07952830,3.16177097,0.01025528,-0.53656866,-0.02435399
1732337652.44913745,2341,536052.44913745,22.30459483,114.18065399,8.42083743,85.94535395,-1.85449646,0.48092281,25.51649564,60.98987012,3.14374263,0.05290534,-0.42081188,-0.01346596
1732337652.64941120,2341,536052.64941120,22.30459421,114.18065395,8.45791898,85.65517673,-1.43200072,0.40725837,25.51245597,60.92126726,3.18082485,-0.11638282,-0.46859759,-0.01502755
1732337652.84956980,2341,536052.84956980,22.30459339,114.18065377,8.43301922,85.10451303,-1.70329258,0.30258513,25.49447056,60.83049858,3.15592603,-0.11636888,-0.45310732,-0.01315140
1732337653.04964352,2341,536053.04964352,22.30459255,114.18065380,8.44157144,83.87271600,-1.50371675,0.37072880,25.49681314,60.73656354,3.16447915,-0.16069080,-0.44043373,-0.02026282
1732337653.24983168,2341,536053.24983168,22.30459151,114.18065363,8.45040372,82.65829928,-2.20486906,0.57657783,25.47934420,60.62144891,3.17331259,-0.20380232,-0.46601452,-0.00768365
1732337653.45000792,2341,536053.45000792,22.30459040,114.18065331,8.43540964,81.85518508,-3.11194491,0.25757574,25.44648550,60.49866746,3.15831982,-0.08209686,-0.47410590,-0.01291355
1732337653.65017366,2341,536053.65017366,22.30458955,114.18065294,8.42057882,81.21767173,-2.66511875,0.30083431,25.40883187,60.40429579,3.14349004,-0.06458596,-0.54586445,-0.01624301
1732337653.85034108,2341,536053.85034108,22.30458874,114.18065304,8.42686817,80.23677339,-2.73809635,0.59308952,25.41898276,60.31528911,3.14978020,-0.08629856,-0.46690302,-0.01144751
1732337654.05051184,2341,536054.05051184,22.30458786,114.18065284,8.42311100,79.62476134,-2.25497312,0.51903487,25.39800461,60.21780879,3.14602404,-0.06455085,-0.48919543,-0.02721134
1732337654.25077343,2341,536054.25077343,22.30458719,114.18065259,8.41595604,79.14892548,-1.94495339,0.74644706,25.37287147,60.14318004,3.13886989,-0.06239219,-0.47325236,-0.01848515
1732337654.45085812,2341,536054.45085812,22.30458629,114.18065244,8.41806335,78.75466573,-1.81933379,0.71351569,25.35738935,60.04347280,3.14097820,-0.07244870,-0.46622582,-0.00588508
1732337654.65116549,2341,536054.65116549,22.30458553,114.18065212,8.41759299,78.36957728,-1.73883009,0.61639803,25.32358477,59.96021604,3.14050877,-0.12570842,-0.51191706,-0.01965173
1732337654.85120988,2341,536054.85120988,22.30458468,114.18065197,8.42151305,78.09618263,-1.75177770,0.69474668,25.30885867,59.86509726,3.14442979,-0.07831323,-0.47803306,-0.00131491
1732337655.05137539,2341,536055.05137539,22.30458393,114.18065176,8.41124626,77.91656085,-1.38289545,0.81418827,25.28732001,59.78197435,3.13416386,-0.12669793,-0.48212118,-0.01335687
1732337655.25155449,2341,536055.25155449,22.30458312,114.18065146,8.41166273,77.69801589,-1.38956825,0.89328020,25.25578121,59.69312451,3.13458130,-0.12800934,-0.47691094,-0.00314111
1732337655.45171714,2341,536055.45171714,22.30458216,114.18065141,8.41021452,77.52071156,-1.57664952,0.96739998,25.25051194,59.58609903,3.13313411,-0.10269448,-0.45199866,-0.01278562
1732337655.65192890,2341,536055.65192890,22.30458139,114.18065103,8.40568704,77.34290524,-1.51813263,0.96593135,25.21120437,59.50141306,3.12860759,-0.10524548,-0.44092602,-0.00607388
1732337655.85217810,2341,536055.85217810,22.30458068,114.18065087,8.41615614,77.12653971,-1.44815818,0.86890332,25.19536748,59.42260655,3.13907749,-0.14925677,-0.47538869,-0.00428207
1732337656.05222607,2341,536056.05222607,22.30457977,114.18065057,8.40595788,76.97218656,-1.52698790,0.96159431,25.16426613,59.32202707,3.12888029,-0.14513084,-0.46271270,0.00116107
1732337656.25241232,2341,536056.25241232,22.30457895,114.18065030,8.40515672,76.90002097,-1.45722063,0.89033524,25.13662762,59.23099232,3.12808009,-0.12955179,-0.47580288,-0.01524024
1732337656.45257998,2341,536056.45257998,22.30457810,114.18065016,8.39835244,76.73352512,-1.50578153,1.06646741,25.12229032,59.13643997,3.12127674,-0.11002471,-0.49416684,-0.00681385
1732337656.65274906,2341,536056.65274906,22.30457726,114.18065003,8.40218482,76.63553765,-1.52162508,1.10702048,25.10852280,59.04373517,3.12511004,-0.11531944,-0.44244420,-0.01427286
1732337656.85292959,2341,536056.85292959,22.30457648,114.18064951,8.39386951,76.59170077,-1.35189664,1.07896846,25.05507737,58.95740595,3.11679574,-0.07343231,-0.45608146,-0.00626355
1732337657.05308509,2341,536057.05308509,22.30457564,114.18064935,8.38949372,76.43083531,-1.36795367,1.17659316,25.03885964,58.86431329,3.11242088,-0.08247844,-0.45483830,-0.00843041
1732337657.25327396,2341,536057.25327396,22.30457484,114.18064904,8.40540805,76.41955638,-1.15857428,1.03700043,25.00630345,58.77564997,3.12833616,-0.18559451,-0.48561462,-0.00335893
1732337657.45344543,2341,536057.45344543,22.30457398,114.18064878,8.39975597,76.31500111,-1.33186308,0.95067184,24.97963401,58.68056093,3.12268507,-0.15508456,-0.50765751,-0.01196091
1732337657.65362644,2341,536057.65362644,22.30457318,114.18064865,8.39099286,76.33818295,-1.03417911,1.02201175,24.96624484,58.59228406,3.11392282,-0.10508225,-0.47246365,-0.00353326
1732337657.85379076,2341,536057.85379076,22.30457234,114.18064840,8.38859536,76.32284968,-0.77736135,1.26865221,24.94111979,58.49905150,3.11152629,-0.14000815,-0.43977365,-0.00831233
1732337658.05396557,2341,536058.05396557,22.30457153,114.18064818,8.40141867,76.27356828,-1.19656090,1.16940744,24.91779918,58.40988291,3.12435051,-0.15851155,-0.42761788,-0.00414857
1732337658.25413370,2341,536058.25413370,22.30457071,114.18064778,8.39576676,76.40745812,-0.91540729,1.12445100,24.87670273,58.31875928,3.11869959,-0.13062168,-0.46615298,-0.01613684
1732337658.45430374,2341,536058.45430374,22.30456991,114.18064767,8.39691365,76.39192776,-0.90922903,1.28205856,24.86594251,58.23050866,3.11984734,-0.15245079,-0.42928423,-0.00363172
1732337658.65454316,2341,536058.65454316,22.30456896,114.18064738,8.39425563,76.39117315,-1.09674498,1.16542809,24.83507287,58.12460703,3.11719041,-0.18778514,-0.43761563,-0.00832792
1732337658.85471773,2341,536058.85471773,22.30456799,114.18064705,8.39051275,76.32974837,-1.58499942,0.99545364,24.80158633,58.01794665,3.11344864,-0.15495332,-0.45025805,-0.00788318
1732337659.05482149,2341,536059.05482149,22.30456710,114.18064678,8.37574374,76.43481010,-1.39304713,0.99290276,24.77327106,57.91931066,3.09868064,-0.11809554,-0.44753424,0.00239140
1732337659.25500965,2341,536059.25500965,22.30456635,114.18064655,8.38784611,76.48709057,-1.37994531,1.07402648,24.74979704,57.83538184,3.11078387,-0.15849056,-0.42814227,0.00217212
1732337659.45527005,2341,536059.45527005,22.30456555,114.18064626,8.39083310,76.56495253,-1.46782516,1.01271385,24.72037142,57.74740788,3.11377177,-0.15029959,-0.41704799,-0.01020138
1732337659.65535498,2341,536059.65535498,22.30456479,114.18064585,8.37830823,76.58591144,-1.58613077,0.95790813,24.67837437,57.66348310,3.10124782,-0.07881996,-0.42320970,-0.00676816
1732337659.85552359,2341,536059.85552359,22.30456392,114.18064555,8.37952970,76.52217072,-1.30345769,0.99671973,24.64690399,57.56634822,3.10247029,-0.12703984,-0.45347715,-0.00233589
1732337660.05567884,2341,536060.05567884,22.30456321,114.18064535,8.39091516,76.64084884,-1.31582964,0.99914208,24.62646208,57.48831967,3.11385655,-0.12806081,-0.43247543,0.00542184
1732337660.25586295,2341,536060.25586295,22.30456234,114.18064497,8.38030394,76.63072017,-1.50028315,0.95829198,24.58715204,57.39173152,3.10324635,-0.11993179,-0.41864554,0.00670826
1732337660.45608854,2341,536060.45608854,22.30456145,114.18064466,8.37821262,76.75556104,-1.31676508,0.83234398,24.55511082,57.29285652,3.10115605,-0.12243903,-0.43983474,-0.01094057
1732337660.65618992,2341,536060.65618992,22.30456070,114.18064441,8.38418049,76.81688906,-1.36198229,0.76494210,24.52974915,57.21037610,3.10712476,-0.12156867,-0.44338498,-0.00896812
1732337660.85637164,2341,536060.85637164,22.30455993,114.18064419,8.37723177,76.79479709,-1.17860841,0.73581800,24.50672560,57.12435469,3.10017691,-0.11400303,-0.46220966,-0.00204857
1732337661.05662680,2341,536061.05662680,22.30455902,114.18064396,8.36886851,76.91196727,-1.03107367,0.77685247,24.48351929,57.02431841,3.09181463,-0.11523050,-0.42706858,-0.00499811
1732337661.25674438,2341,536061.25674438,22.30455839,114.18064367,8.36914619,76.90850784,-1.00633198,0.79701646,24.45309670,56.95415792,3.09209306,-0.13967594,-0.45327719,-0.00540886
1732337661.45688438,2341,536061.45688438,22.30455757,114.18064336,8.37740301,77.03757334,-1.11259578,0.68663588,24.42116423,56.86404170,3.10035081,-0.15955807,-0.46689277,-0.00590959
1732337661.65705442,2341,536061.65705442,22.30455658,114.18064315,8.37348920,77.01870857,-1.06479243,0.72425714,24.39991992,56.75424758,3.09643806,-0.16810203,-0.46587500,-0.02447744
1732337661.85730004,2341,536061.85730004,22.30455576,114.18064284,8.37777354,77.01874524,-1.25571293,0.83457559,24.36779485,56.66307266,3.10072334,-0.14028107,-0.46589964,-0.00685894
1732337662.05747938,2341,536062.05747938,22.30455491,114.18064263,8.37989166,76.97406078,-1.43342803,0.74469426,24.34640441,56.56913340,3.10284238,-0.15038242,-0.48701482,-0.01166791
1732337662.25758433,2341,536062.25758433,22.30455400,114.18064248,8.37416554,76.95513482,-1.33655346,0.71363720,24.33083359,56.46865097,3.09711722,-0.13989819,-0.53171377,-0.01142953
1732337662.45775270,2341,536062.45775270,22.30455329,114.18064216,8.36984345,76.99295591,-1.13468772,0.78675996,24.29760045,56.38948503,3.09279596,-0.13326338,-0.54340557,-0.01485607
1732337662.65793562,2341,536062.65793562,22.30455238,114.18064201,8.36143309,76.97422390,-1.09256247,0.97547699,24.28236238,56.28865573,3.08438655,-0.11688355,-0.51465341,-0.01289570
1732337662.85809851,2341,536062.85809851,22.30455160,114.18064178,8.35747123,77.01831308,-0.93641033,1.01553611,24.25816036,56.20274618,3.08042555,-0.09681432,-0.48051872,-0.00967739
1732337663.05827761,2341,536063.05827761,22.30455076,114.18064160,8.35170122,76.99404745,-0.78348798,1.14928146,24.24047417,56.10954123,3.07465643,-0.11016145,-0.49360694,-0.00055823
1732337663.25845242,2341,536063.25845242,22.30455004,114.18064133,8.35502769,76.99421048,-0.59861762,1.16287471,24.21208743,56.02984794,3.07798371,-0.13012085,-0.49226526,0.00532362
1732337663.45861483,2341,536063.45861483,22.30454916,114.18064100,8.35598811,77.11583715,-0.48124343,1.04050625,24.17776308,55.93220338,3.07894512,-0.10095680,-0.48265945,0.00034376
1732337663.65877891,2341,536063.65877891,22.30454838,114.18064089,8.35852465,77.17118625,-0.52702547,1.32581458,24.16646518,55.84592133,3.08148246,-0.13132502,-0.47416167,0.00517957
1732337663.85896111,2341,536063.85896111,22.30454745,114.18064083,8.35746418,77.31433784,-0.52943801,1.33036757,24.16026862,55.74309590,3.08042292,-0.09407647,-0.47826734,-0.00860880
1732337664.05913115,2341,536064.05913115,22.30454653,114.18064055,8.34945904,77.53315308,-0.54483771,1.43815957,24.13169676,55.64153967,3.07241879,-0.13169301,-0.43112802,-0.00831175
1732337664.25941300,2341,536064.25941300,22.30454571,114.18064012,8.34238076,78.23920139,-0.35929663,1.45042010,24.08761914,55.55051017,3.06534146,-0.04760397,-0.47004263,-0.00310317
1732337664.45947981,2341,536064.45947981,22.30454477,114.18064001,8.34815517,79.71160107,-0.46476247,1.19454658,24.07571581,55.44659296,3.07111683,-0.03541623,-0.45122578,0.00299204
1732337664.65965176,2341,536064.65965176,22.30454393,114.18063975,8.36120176,82.35365291,-0.05952697,1.47457871,24.04949901,55.35359666,3.08416433,-0.04803656,-0.47051414,0.01338116
1732337664.85982275,2341,536064.85982275,22.30454316,114.18063975,8.35475486,85.13978736,-0.36359666,1.77896778,24.04978910,55.26741094,3.07771818,-0.00632211,-0.46557925,0.00115028
1732337665.05999446,2341,536065.05999446,22.30454232,114.18063975,8.34977117,88.48360660,-0.51684650,1.91133814,24.04975328,55.17536024,3.07273529,0.01155034,-0.41772869,0.00707902
1732337665.26017666,2341,536065.26017666,22.30454148,114.18063961,8.36119088,92.52170503,-0.58968538,1.88365497,24.03460327,55.08144838,3.08415588,0.02288070,-0.41278117,0.00782420
1732337665.46032953,2341,536065.46032953,22.30454062,114.18063954,8.35927863,97.48938217,-0.74099610,1.73937678,24.02734526,54.98652267,3.08224447,0.05952733,-0.37737351,-0.01092471
1732337665.66052580,2341,536065.66052580,22.30453991,114.18063957,8.36253255,102.34176171,-1.06858148,1.41470953,24.03131164,54.90838332,3.08549906,0.08112787,-0.33405609,0.01051691
1732337665.86082792,2341,536065.86082792,22.30453917,114.18063961,8.37009901,107.87415068,-1.16319435,1.20976296,24.03475255,54.82548444,3.09306622,0.15487588,-0.31157222,-0.03008980
1732337666.06085253,2341,536066.06085253,22.30453833,114.18063992,8.36345670,113.18186276,-1.15032330,1.25912851,24.06719377,54.73338300,3.08642459,0.17268166,-0.31828536,-0.01523893
1732337666.26103115,2341,536066.26103115,22.30453756,114.18064015,8.37080543,118.96224479,-1.22648601,1.24050694,24.09081507,54.64776611,3.09377396,0.21909185,-0.26992444,-0.00779830
1732337666.46126223,2341,536066.46126223,22.30453676,114.18064042,8.38287027,124.67897788,-1.73685825,0.99060133,24.11802088,54.55901933,3.10583946,0.25026395,-0.19858612,-0.02915067
1732337666.66137409,2341,536066.66137409,22.30453595,114.18064119,8.37649377,129.32500678,-1.65905017,0.55791926,24.19796850,54.46950803,3.09946343,0.29579740,-0.35251790,-0.00564098
1732337666.86154890,2341,536066.86154890,22.30453513,114.18064165,8.36918388,134.57238933,-1.52659159,0.32768290,24.24525251,54.37899267,3.09215414,0.37401630,-0.39089708,0.01324585
1732337667.06172037,2341,536067.06172037,22.30453459,114.18064230,8.36659974,139.70640767,-1.18284775,0.24900174,24.31178562,54.31879650,3.08957026,0.44033013,-0.53144352,-0.01812767
1732337667.26189065,2341,536067.26189065,22.30453396,114.18064285,8.33204739,145.23181814,-1.16822495,-0.22329922,24.36850003,54.24948546,3.05501829,0.42104976,-0.41586862,-0.03968426
1732337667.46216297,2341,536067.46216297,22.30453371,114.18064358,8.35793049,149.57703680,-1.43312041,0.10185358,24.44407430,54.22187236,3.08090133,0.39503303,-0.29647327,-0.00190938
1732337667.66224384,2341,536067.66224384,22.30453313,114.18064431,8.36518153,152.30654635,-1.41676078,0.11663626,24.51891740,54.15704518,3.08815264,0.41302708,-0.25793887,-0.00042032
1732337667.86242008,2341,536067.86242008,22.30453270,114.18064511,8.36484573,154.22998296,-1.34003675,0.24602029,24.60124965,54.10919715,3.08781693,0.43154682,-0.28530721,-0.00368306
1732337668.06270695,2341,536068.06270695,22.30453226,114.18064616,8.35745082,156.35105311,-1.38417632,0.10967346,24.70982694,54.06032573,3.08042202,0.42008926,-0.24049818,-0.00668919
1732337668.26274753,2341,536068.26274753,22.30453190,114.18064707,8.35036238,158.70892979,-1.33854837,0.00290590,24.80381180,54.02150670,3.07333355,0.44198524,-0.18205316,-0.00139130
1732337668.46293354,2341,536068.46293354,22.30453153,114.18064778,8.35339758,161.68628852,-1.37811601,0.01331550,24.87723746,53.97954422,3.07636881,0.44398148,-0.13339296,-0.01003468
1732337668.66310072,2341,536068.66310072,22.30453122,114.18064851,8.35767108,164.80725765,-1.41262784,0.02285385,24.95200119,53.94533550,3.08064232,0.44025105,-0.12319938,-0.00395542
1732337668.86335969,2341,536068.86335969,22.30453097,114.18064951,8.35172549,167.92319436,-1.43382246,-0.20200689,25.05518171,53.91789153,3.07469656,0.42726339,-0.10889615,-0.01018056
1732337669.06344223,2341,536069.06344223,22.30453088,114.18065049,8.35762480,171.21414216,-1.33251576,-0.30373036,25.15622989,53.90799661,3.08059555,0.43393176,-0.09278401,-0.01563654
1732337669.26360464,2341,536069.26360464,22.30453038,114.18065114,8.34223587,174.77443757,-1.20145322,-0.29473619,25.22282847,53.85314363,3.06520683,0.52646751,-0.13267895,-0.01607627
1732337669.46380162,2341,536069.46380162,22.30453044,114.18065230,8.33909108,176.81729553,-1.28683919,-0.23782119,25.34257652,53.85926472,3.06206151,0.51767508,-0.11933852,-0.00622891
1732337669.66394424,2341,536069.66394424,22.30453031,114.18065327,8.33375550,178.23852292,-1.49162172,-0.19672664,25.44246689,53.84510558,3.05672565,0.54043151,-0.06080512,-0.01542247
1732337669.86413169,2341,536069.86413169,22.30453042,114.18065428,8.32332252,179.08592499,-1.72259673,-0.23748051,25.54611004,53.85686032,3.04629215,0.51988758,-0.03229983,-0.00049568
1732337670.06430435,2341,536070.06430435,22.30453029,114.18065531,8.35805398,179.19300596,-1.82752316,-0.34264251,25.65315445,53.84320476,3.08102330,0.46413199,0.00214348,-0.01338340
1732337670.26448536,2341,536070.26448536,22.30453015,114.18065615,8.33507945,178.79281948,-1.25590480,-0.26279111,25.73951027,53.82683082,3.05804857,0.48866888,-0.02812230,0.00204723
1732337670.46465397,2341,536070.46465397,22.30453017,114.18065696,8.34092191,178.19168013,-1.28741642,-0.32755514,25.82242988,53.82901974,3.06389067,0.49158119,-0.04348403,-0.00408702
1732337670.66493654,2341,536070.66493654,22.30453019,114.18065809,8.32081873,176.60311100,-1.44331068,-0.25677648,25.93942365,53.83184531,3.04378699,0.50534254,0.01563640,-0.00801523
1732337670.86500120,2341,536070.86500120,22.30453028,114.18065899,8.32175696,175.60072614,-1.22238555,-0.21066378,26.03176603,53.84191675,3.04472476,0.50772552,0.01163414,-0.01498405
1732337671.06522989,2341,536071.06522989,22.30453013,114.18065984,8.33855549,174.94369937,-1.22054075,-0.43756730,26.11896169,53.82491681,3.06152308,0.42541732,0.01381990,-0.01287275
1732337671.26544595,2341,536071.26544595,22.30452990,114.18066049,8.33512165,174.48067655,-0.52009454,-0.69636793,26.18643976,53.79977286,3.05808917,0.48117079,-0.08351602,0.00591372
1732337671.46552348,2341,536071.46552348,22.30452970,114.18066156,8.32947788,174.09526486,-0.75727365,-0.59922048,26.29690302,53.77685381,3.05244515,0.49534661,-0.06410599,-0.00473292
1732337671.66577530,2341,536071.66577530,22.30452964,114.18066261,8.32540344,173.82124863,-0.91238323,-0.26154415,26.40445265,53.77023606,3.04837032,0.47264145,-0.06477216,-0.00394283
1732337671.86586523,2341,536071.86586523,22.30452959,114.18066340,8.32121220,173.61292128,-0.97478799,-0.16355650,26.48601123,53.76537498,3.04417878,0.46840254,-0.08363169,-0.00976750
1732337672.06603503,2341,536072.06603503,22.30452944,114.18066452,8.32070386,173.49741978,-1.06105256,-0.27249653,26.60160361,53.74830857,3.04367010,0.46034520,-0.04927671,-0.00739612
1732337672.26629734,2341,536072.26629734,22.30452940,114.18066533,8.31897349,173.27976895,-0.83782584,-0.29465876,26.68476821,53.74384744,3.04193943,0.50435024,-0.06545236,0.00388565
1732337672.46637774,2341,536072.46637774,22.30452915,114.18066634,8.32289477,173.20776518,-0.90701974,-0.05767889,26.78925452,53.71660449,3.04586050,0.46420733,-0.10721352,-0.01012995
1732337672.66654682,2341,536072.66654682,22.30452907,114.18066722,8.31041860,173.06263616,-1.07140574,-0.11005100,26.88003566,53.70773608,3.03338402,0.46479949,-0.08552665,-0.00880789
1732337672.86672378,2341,536072.86672378,22.30452887,114.18066829,8.32065572,173.00782897,-0.75419302,-0.10930625,26.98996816,53.68551621,3.04362086,0.46542080,-0.05219641,-0.00833048
1732337673.06689548,2341,536073.06689548,22.30452876,114.18066899,8.31809856,172.90661291,-0.64693582,-0.03911421,27.06257060,53.67353937,3.04106350,0.44131730,-0.06438451,-0.00639020
1732337673.26707220,2341,536073.26707220,22.30452873,114.18066973,8.32116817,172.91593121,-0.56220340,0.10284000,27.13853978,53.66974569,3.04413281,0.42451021,-0.10838742,-0.01598627
1732337673.46723390,2341,536073.46723390,22.30452859,114.18067071,8.31543433,172.88285039,-0.86632840,-0.07503085,27.23952847,53.65409482,3.03839868,0.45761435,-0.13618642,-0.00873749
1732337673.66742039,2341,536073.66742039,22.30452843,114.18067189,8.29947380,172.94348076,-1.11341803,0.20338272,27.36112616,53.63627007,3.02243778,0.46391386,-0.05819030,-0.00212203
1732337673.86758757,2341,536073.86758757,22.30452820,114.18067289,8.30142323,172.96409825,-1.10465323,0.12614280,27.46411193,53.61131049,3.02438697,0.46190771,-0.09922280,-0.00007200
1732337674.06777143,2341,536074.06777143,22.30452803,114.18067384,8.31345636,172.97192707,-1.29709641,0.10318878,27.56252881,53.59289990,3.03641984,0.45358629,-0.08880953,-0.00762317
1732337674.26803493,2341,536074.26803493,22.30452784,114.18067481,8.32575900,172.99626494,-1.31436929,-0.41840044,27.66161492,53.57155062,3.04872223,0.43993342,-0.02991084,-0.02293042
1732337674.46811533,2341,536074.46811533,22.30452774,114.18067560,8.30986587,172.95801969,-0.88787947,-0.44768763,27.74287032,53.56012796,3.03282884,0.47790820,-0.05246790,-0.00561432
1732337674.66826677,2341,536074.66826677,22.30452748,114.18067645,8.30155088,172.96743933,-0.80473008,-0.37360844,27.83108123,53.53112861,3.02451371,0.48594096,-0.08344316,-0.00876235
1732337674.86844158,2341,536074.86844158,22.30452747,114.18067745,8.29645974,172.98244038,-0.87535996,-0.25636705,27.93430139,53.53068683,3.01942213,0.48262436,-0.05547206,0.00058193
1732337675.06872892,2341,536075.06872892,22.30452734,114.18067823,8.29777278,172.94005912,-0.78395728,-0.18460659,28.01472595,53.51632872,3.02073493,0.49782580,-0.05333331,-0.00976545
1732337675.26878262,2341,536075.26878262,22.30452716,114.18067925,8.30719801,172.96961344,-0.94936352,-0.04618602,28.11971435,53.49652071,3.03015987,0.44677462,-0.04905049,-0.00013531
1732337675.46904707,2341,536075.46904707,22.30452694,114.18068023,8.29873086,173.04033422,-0.79822263,-0.30302647,28.22002083,53.47209526,3.02169248,0.50198294,-0.07003991,-0.00483642
1732337675.66922331,2341,536075.66922331,22.30452691,114.18068114,8.29038508,173.10626107,-0.95840412,-0.08396730,28.31468694,53.46820953,3.01334632,0.50095903,-0.03719371,-0.00894019
1732337675.86930323,2341,536075.86930323,22.30452680,114.18068216,8.29871117,173.64682502,-0.87544113,0.04522557,28.41978484,53.45678784,3.02167204,0.47615402,-0.01774673,0.00057169
1732337676.06947756,2341,536076.06947756,22.30452662,114.18068307,8.30759786,174.82692953,-0.55242771,-0.01599583,28.51295558,53.43605225,3.03055848,0.50135555,0.00143789,-0.00204093
1732337676.26965046,2341,536076.26965046,22.30452655,114.18068381,8.30743576,176.61876891,-0.20213550,-0.04282346,28.58953178,53.42807120,3.03039611,0.49115570,0.02999510,-0.00108706
1732337676.46982384,2341,536076.46982384,22.30452647,114.18068452,8.29792271,178.70640342,0.30539729,0.03030275,28.66213934,53.41955069,3.02088281,0.52405267,0.01989964,0.00262429
1732337676.66999626,2341,536076.66999626,22.30452656,114.18068540,8.29772828,-179.81495843,0.29528525,0.45418103,28.75355601,53.43012085,3.02068787,0.46157110,-0.00135216,-0.00285215
1732337676.87017775,2341,536076.87017775,22.30452659,114.18068638,8.29473347,-178.13774976,0.42507284,0.23276645,28.85401729,53.43300157,3.01769259,0.47878339,0.03397828,0.01482206
1732337677.07044220,2341,536077.07044220,22.30452667,114.18068731,8.30429392,-176.02258397,0.72433475,0.36315450,28.94992658,53.44131420,3.02725254,0.47215009,0.02522428,0.00190556
1732337677.27059174,2341,536077.27059174,22.30452664,114.18068802,8.29731627,-173.75513665,0.67939421,0.66195355,29.02337708,53.43904824,3.02027457,0.47277172,0.02656873,0.01014268
1732337677.47069168,2341,536077.47069168,22.30452676,114.18068903,8.29216471,-171.19410022,0.60981963,0.98533566,29.12745673,53.45142322,3.01512243,0.45685596,0.05802821,0.02480582
1732337677.67086411,2341,536077.67086411,22.30452695,114.18068997,8.31353825,-167.91785696,0.39951361,1.23796395,29.22431371,53.47255212,3.03649535,0.39170080,0.07695598,0.00533001
1732337677.87102699,2341,536077.87102699,22.30452709,114.18069073,8.30500376,-165.43084860,0.05364108,1.06627838,29.30245035,53.48806649,3.02796038,0.42756744,0.06929535,0.01534259
1732337678.07130814,2341,536078.07130814,22.30452730,114.18069194,8.31031991,-163.32663868,-0.44615801,0.79822146,29.42753626,53.51187842,3.03327575,0.40339788,0.08710024,0.00211644
1732337678.27137423,2341,536078.27137423,22.30452751,114.18069300,8.31386669,-160.65131646,-0.21373907,0.22101426,29.53601204,53.53453467,3.03682183,0.36965321,0.16949771,0.01262306
1732337678.47155023,2341,536078.47155023,22.30452760,114.18069374,8.31633386,-157.07169172,0.45046687,0.36155614,29.61256992,53.54453921,3.03928856,0.35277142,0.21053126,-0.00102227
1732337678.67180204,2341,536078.67180204,22.30452799,114.18069450,8.31933579,-153.77552416,0.48435701,0.53716483,29.69114441,53.58785197,3.04228976,0.41393053,0.19088182,0.02280608
1732337678.87190342,2341,536078.87190342,22.30452823,114.18069516,8.32597024,-149.42276493,0.08280147,0.40988779,29.75861724,53.61420141,3.04892367,0.34141086,0.20933037,-0.00636197
1732337679.07206726,2341,536079.07206726,22.30452869,114.18069626,8.33652323,-144.97942680,0.44430532,0.11827788,29.87235161,53.66567994,3.05947570,0.37906159,0.25472692,0.01928724
1732337679.27222848,2341,536079.27222848,22.30452906,114.18069688,8.32037272,-141.23912652,0.36530423,0.44734522,29.93629560,53.70667531,3.04332454,0.39158803,0.26960816,0.01597507
1732337679.47241354,2341,536079.47241354,22.30452970,114.18069761,8.31663561,-138.80106619,0.13232279,0.54039658,30.01147914,53.77739069,3.03958648,0.37511049,0.28271147,0.01759609
1732337679.67259097,2341,536079.67259097,22.30453025,114.18069846,8.32967140,-134.99929561,0.32286944,0.32232533,30.09866227,53.83870803,3.05262134,0.38218725,0.35955009,0.00056991
1732337679.87275267,2341,536079.87275267,22.30453081,114.18069898,8.32505305,-130.76601493,0.35934829,0.48561645,30.15254659,53.89974057,3.04800222,0.34607209,0.39762827,0.00219733
1732337680.07299256,2341,536080.07299256,22.30453148,114.18069971,8.33277857,-126.72624201,0.53746737,0.52306732,30.22791036,53.97436411,3.05572675,0.29965016,0.35243832,0.00430686
1732337680.27310705,2341,536080.27310705,22.30453214,114.18070012,8.33588681,-122.11489299,0.50530057,0.78880293,30.27006006,54.04744180,3.05883416,0.25146431,0.37234131,0.00113284
1732337680.47335410,2341,536080.47335410,22.30453273,114.18070066,8.33428383,-117.61329567,0.57365487,0.75075613,30.32526459,54.11250844,3.05723037,0.28627853,0.37104824,0.01132101
1732337680.67344880,2341,536080.67344880,22.30453349,114.18070110,8.32980952,-114.35918674,0.62017848,0.71919849,30.37077912,54.19759293,3.05275511,0.27436771,0.41564151,0.00533260
1732337680.87362766,2341,536080.87362766,22.30453419,114.18070152,8.32943913,-111.85031709,0.45522826,0.78971674,30.41430551,54.27460236,3.05238385,0.26769166,0.47346077,-0.00128526
1732337681.07377052,2341,536081.07377052,22.30453521,114.18070179,8.34036074,-110.11726570,0.15604061,1.08538055,30.44228947,54.38749161,3.06330437,0.21834295,0.46468899,0.01274854
1732337681.27403259,2341,536081.27403259,22.30453596,114.18070213,8.34871245,-107.81286894,0.47863819,0.98710596,30.47692884,54.47057118,3.07165521,0.18711335,0.46151130,0.00555648
1732337681.47413373,2341,536081.47413373,22.30453673,114.18070244,8.33939123,-105.73846483,0.28918395,1.13183949,30.50854538,54.55573243,3.06233310,0.14046117,0.45715737,0.00037150
1732337681.67431021,2341,536081.67431021,22.30453747,114.18070269,8.33290418,-103.86281546,0.33710363,1.08328999,30.53471013,54.63826382,3.05584522,0.15546239,0.48057794,0.00453881
1732337681.87448430,2341,536081.87448430,22.30453840,114.18070320,8.33774618,-102.30224419,0.67055900,0.91880500,30.58742685,54.74053149,3.06068608,0.15364036,0.53401151,0.00453561
1732337682.07465363,2341,536082.07465363,22.30453927,114.18070341,8.35119499,-101.18764528,0.61238587,1.15427407,30.60939392,54.83678201,3.07413396,0.09522811,0.54049900,0.01281923
1732337682.27491713,2341,536082.27491713,22.30454008,114.18070344,8.34216423,-100.37740659,0.69681779,1.57039785,30.61223624,54.92733884,3.06510240,0.08696431,0.50476045,0.00430826
1732337682.47515059,2341,536082.47515059,22.30454088,114.18070351,8.33796163,-99.72446796,0.83143743,1.73626602,30.61940566,55.01544344,3.06089900,0.05629644,0.47132158,0.01093618
1732337682.67527008,2341,536082.67527008,22.30454176,114.18070365,8.34421122,-99.25318921,0.85130420,1.69400078,30.63315799,55.11231517,3.06714768,0.04629142,0.46975537,0.01395645
1732337682.87534809,2341,536082.87534809,22.30454254,114.18070395,8.34969175,-98.75442713,0.83383794,1.49214794,30.66412760,55.19962843,3.07262731,0.04289068,0.44096530,-0.00411896
1732337683.07563901,2341,536083.07563901,22.30454338,114.18070417,8.34820483,-98.44608711,1.10734932,1.33289046,30.68740344,55.29202199,3.07113947,0.08765239,0.46055637,0.00704349
1732337683.27568722,2341,536083.27568722,22.30454431,114.18070440,8.34552279,-98.37250202,1.02982432,1.19930533,30.71112867,55.39470091,3.06845642,0.09100928,0.45851453,-0.00288436
1732337683.47606707,2341,536083.47606707,22.30454518,114.18070468,8.35295879,-98.23549592,1.25139755,0.90993437,30.74003813,55.49196802,3.07589143,0.04727031,0.48357150,0.01181127
1732337683.67603779,2341,536083.67603779,22.30454598,114.18070471,8.35886164,-98.23844385,1.03773619,0.91788439,30.74265256,55.58058487,3.08179349,0.03819265,0.45837378,0.01594361
1732337683.87619376,2341,536083.87619376,22.30454683,114.18070494,8.36544193,-98.11874841,1.33457308,0.73065333,30.76671266,55.67389643,3.08837284,0.04121488,0.44238331,0.00880725
1732337684.07644081,2341,536084.07644081,22.30454755,114.18070523,8.36125604,-98.73093730,1.44376467,0.65652351,30.79609421,55.75366138,3.08418611,0.07726377,0.44572530,0.02168738
1732337684.27661419,2341,536084.27661419,22.30454837,114.18070539,8.35447577,-99.26719108,1.29294430,0.76436042,30.81333704,55.84532313,3.07740496,0.12010426,0.45451925,0.00686154
1732337684.47671032,2341,536084.47671032,22.30454939,114.18070548,8.36740357,-99.74704442,1.31425821,0.51870308,30.82221534,55.95771393,3.09033173,0.07953797,0.46057149,0.00682334
1732337684.67689419,2341,536084.67689419,22.30455005,114.18070571,8.35878309,-99.98552428,1.36595587,0.40207949,30.84634828,56.03116452,3.08171047,0.11607286,0.45175072,0.01465593
1732337684.87706661,2341,536084.87706661,22.30455101,114.18070608,8.36398579,-100.55094655,1.20623755,0.26807168,30.88367267,56.13679168,3.08691206,0.15065457,0.44049698,0.01738846
1732337685.07731795,2341,536085.07731795,22.30455199,114.18070628,8.36535090,-100.94700623,0.83324947,0.32500507,30.90502109,56.24544442,3.08827610,0.14630742,0.42025211,0.01325702
1732337685.27741432,2341,536085.27741432,22.30455289,114.18070652,8.37270621,-101.30142580,1.14883487,0.17083716,30.92960806,56.34578239,3.09563041,0.13200167,0.47185537,0.01312293
1732337685.47757864,2341,536085.47757864,22.30455375,114.18070676,8.37731486,-101.59963847,0.82852742,0.20263057,30.95378143,56.44002174,3.10023810,0.12811956,0.44948640,0.01399368
1732337685.67776489,2341,536085.67776489,22.30455461,114.18070705,8.38113762,-101.78169577,1.04804487,0.02849005,30.98368416,56.53627910,3.10405986,0.13509504,0.47129573,0.02158280
1732337685.87792730,2341,536085.87792730,22.30455545,114.18070718,8.38355670,-101.96202075,0.95422628,0.06407254,30.99728464,56.62887581,3.10647805,0.13493106,0.45063206,0.01661373
1732337686.07808638,2341,536086.07808638,22.30455620,114.18070730,8.37789034,-102.05410881,0.80566023,0.24188873,31.00987603,56.71153532,3.10081089,0.17562711,0.44529430,0.02508552
1732337686.27828312,2341,536086.27828312,22.30455715,114.18070777,8.39287941,-102.19992221,0.66424842,-0.00027794,31.05826804,56.81711331,3.11579878,0.13874282,0.49292517,0.01555046
1732337686.47845721,2341,536086.47845721,22.30455801,114.18070791,8.39421434,-102.21666706,0.49667827,0.02088253,31.07281078,56.91212881,3.11713279,0.10270999,0.44109694,0.01313875
1732337686.67867184,2341,536086.67867184,22.30455870,114.18070830,8.39486123,-102.31276181,0.68465525,-0.08148543,31.11230134,56.98814615,3.11777880,0.13749724,0.48960255,-0.00148312
1732337686.87880135,2341,536086.87880135,22.30455959,114.18070847,8.38678506,-102.44770528,0.56230942,0.01629542,31.12989105,57.08697760,3.10970165,0.16089333,0.51660912,0.01183269
1732337687.07896996,2341,536087.07896996,22.30456062,114.18070862,8.40155996,-102.45859419,0.43415492,0.14390898,31.14572447,57.20076633,3.12447545,0.11482548,0.47642802,0.00884214
1732337687.27922988,2341,536087.27922988,22.30456142,114.18070881,8.39202201,-102.44689909,0.33421287,0.14065847,31.16484090,57.28988775,3.11493661,0.13907453,0.47212469,0.01180208
1732337687.47929859,2341,536087.47929859,22.30456232,114.18070903,8.40822517,-102.44384885,0.21464275,-0.05271726,31.18757147,57.39003729,3.13113876,0.13483851,0.48386770,0.00618211
1732337687.67948484,2341,536087.67948484,22.30456312,114.18070941,8.40680390,-102.48212499,0.28575894,-0.09007891,31.22666553,57.47832101,3.12971649,0.10670853,0.48037990,0.00427825
1732337687.87965107,2341,536087.87965107,22.30456394,114.18070967,8.39682760,-102.55536797,0.61301578,-0.08168893,31.25423799,57.56918177,3.11973924,0.11493583,0.50157911,0.00494489
1732337688.07983232,2341,536088.07983232,22.30456462,114.18070987,8.40497062,-102.53560254,1.00454408,-0.11878114,31.27455527,57.64391190,3.12788148,0.10640640,0.48721921,0.01411139
1732337688.28008819,2341,536088.28008819,22.30456543,114.18071009,8.40463292,-102.54621782,0.99609478,-0.02024285,31.29751388,57.73436661,3.12754284,0.15224992,0.43852816,0.00694628
1732337688.48016787,2341,536088.48016787,22.30456643,114.18071032,8.40910520,-102.48718204,0.80904084,-0.01136899,31.32050942,57.84441827,3.13201401,0.14364555,0.47597882,0.00590426
1732337688.68034029,2341,536088.68034029,22.30456718,114.18071062,8.41475943,-102.50262482,0.63726412,0.04876780,31.35180860,57.92779775,3.13766732,0.08877221,0.43538426,0.01247184
1732337688.88051248,2341,536088.88051248,22.30456809,114.18071094,8.42043366,-102.56596057,0.67816800,-0.04366981,31.38490447,58.02871558,3.14334047,0.14572719,0.48398824,0.02431955
1732337689.08068848,2341,536089.08068848,22.30456888,114.18071113,8.41942047,-102.53577443,0.55186160,-0.16715594,31.40412662,58.11643432,3.14232638,0.12395535,0.46453830,0.00646492
1732337689.28085661,2341,536089.28085661,22.30456976,114.18071140,8.42115707,-102.49495851,0.67907983,-0.18748546,31.43214812,58.21318328,3.14406195,0.11545363,0.44452803,0.01275172
1732337689.48102236,2341,536089.48102236,22.30457051,114.18071165,8.42201841,-102.47012215,0.60497942,-0.27863436,31.45767815,58.29627405,3.14492240,0.13052665,0.44398090,0.00839586
1732337689.68121004,2341,536089.68121004,22.30457132,114.18071207,8.42761020,-102.45591764,0.56457648,-0.32233309,31.50097662,58.38563057,3.15051315,0.10448369,0.46514809,0.00220083
1732337689.88137722,2341,536089.88137722,22.30457229,114.18071216,8.43675397,-102.47227237,0.75774879,-0.19395845,31.51042187,58.49344372,3.15965589,0.08376124,0.48706376,0.00711930
1732337690.08154964,2341,536090.08154964,22.30457315,114.18071234,8.42860351,-102.42071154,0.73914360,-0.23425084,31.52903228,58.58839860,3.15150446,0.10608615,0.46284787,0.00525304
1732337690.28171158,2341,536090.28171158,22.30457381,114.18071265,8.43152439,-102.34545646,0.75194025,-0.28381129,31.56140577,58.66217974,3.15442450,0.13089448,0.47596453,0.01265540
1732337690.48189974,2341,536090.48189974,22.30457459,114.18071300,8.43255196,-102.18999598,1.01064756,-0.38024063,31.59710633,58.74839781,3.15545110,0.12779519,0.45610624,-0.00190655
1732337690.68206716,2341,536090.68206716,22.30457553,114.18071311,8.43902854,-102.31347545,0.79898347,-0.26105980,31.60874834,58.85189309,3.16192666,0.11752859,0.46857368,0.00236847
1732337690.88224506,2341,536090.88224506,22.30457639,114.18071335,8.44698731,-102.27286997,0.99289935,-0.18339412,31.63345848,58.94772683,3.16988442,0.09611847,0.46703467,0.00138503
1732337691.08241844,2341,536091.08241844,22.30457718,114.18071355,8.43634158,-102.35568468,0.93623755,-0.30813190,31.65416957,59.03468522,3.15923777,0.13006594,0.45848331,-0.00012653
1732337691.28262520,2341,536091.28262520,22.30457797,114.18071380,8.44753422,-102.32182708,1.07467992,-0.23486321,31.67927554,59.12263208,3.17042947,0.12662785,0.46116015,0.00680937
1732337691.48274779,2341,536091.48274779,22.30457880,114.18071403,8.43508163,-102.26816907,1.07202872,-0.13716187,31.70279194,59.21423731,3.15797591,0.15968160,0.44741872,0.01145639
1732337691.68293285,2341,536091.68293285,22.30457971,114.18071424,8.43572771,-102.35420770,0.63749322,-0.00922378,31.72473122,59.31515289,3.15862094,0.21840734,0.51398227,-0.02324674
1732337691.88310099,2341,536091.88310099,22.30458080,114.18071442,8.43644032,-102.18794966,0.31485918,-0.25788926,31.74349283,59.43631256,3.15933232,0.09808091,0.48744951,0.00585915
1732337692.08326936,2341,536092.08326936,22.30458156,114.18071471,8.44410573,-102.22806677,0.47293828,-0.13983080,31.77343711,59.52035740,3.16699680,0.11609184,0.50416560,0.01188110
1732337692.28343630,2341,536092.28343630,22.30458241,114.18071491,8.44263427,-102.13432974,0.20701637,-0.10746203,31.79414271,59.61461100,3.16552435,0.09295526,0.46432028,0.00412587
1732337692.48361731,2341,536092.48361731,22.30458324,114.18071528,8.44142577,-101.93673761,0.19488848,-0.41551440,31.83198442,59.70662719,3.16431479,0.07370279,0.44725996,-0.00014607
1732337692.68385363,2341,536092.68385363,22.30458401,114.18071545,8.46081902,-102.04798156,0.80881136,-0.09087665,31.84976186,59.79163026,3.18370715,0.07146948,0.50259841,0.00385166
1732337692.88403893,2341,536092.88403893,22.30458493,114.18071555,8.44767021,-102.05082843,0.89437208,-0.09003057,31.85933965,59.89335748,3.17055734,0.10003151,0.47248515,0.01344736
1732337693.08420801,2341,536093.08420801,22.30458560,114.18071586,8.44754202,-102.02177631,0.96468431,-0.13262386,31.89172093,59.96797424,3.17042828,0.16356766,0.48826688,0.01586791
1732337693.28429747,2341,536093.28429747,22.30458657,114.18071604,8.44463447,-101.91022431,0.43515191,-0.13948129,31.91016236,60.07433547,3.16751963,0.12049691,0.42681995,0.00367218
1732337693.48449135,2341,536093.48449135,22.30458736,114.18071644,8.45710959,-101.77252185,0.52877471,-0.27574107,31.95178195,60.16224153,3.17999371,0.12203238,0.44760984,-0.00047197
1732337693.68467784,2341,536093.68467784,22.30458827,114.18071670,8.45284464,-101.68659192,0.66789215,-0.25929697,31.97856813,60.26331243,3.17572766,0.14399288,0.48248653,0.00806814
1732337693.88482141,2341,536093.88482141,22.30458912,114.18071683,8.44960156,-101.66631076,0.34056682,-0.17711853,31.99180739,60.35689245,3.17248363,0.11829136,0.45025578,0.00217002
1732337694.08500767,2341,536094.08500767,22.30458994,114.18071709,8.45428636,-101.58894320,0.61517675,-0.17009074,32.01809714,60.44802579,3.17716743,0.11248557,0.46403592,0.00776335
1732337694.28518009,2341,536094.28518009,22.30459082,114.18071737,8.45444462,-101.57013177,0.43894247,-0.24775713,32.04754260,60.54530487,3.17732462,0.11163651,0.42991325,0.00796408
1732337694.48534703,2341,536094.48534703,22.30459170,114.18071767,8.45958596,-101.51361925,0.44927705,-0.27906764,32.07802946,60.64315135,3.18246486,0.14263175,0.46539665,0.02034869
1732337694.68551826,2341,536094.68551826,22.30459264,114.18071782,8.45939412,-101.48640402,0.37381107,-0.31725070,32.09396003,60.74698915,3.18227195,0.15177192,0.48760050,-0.00515109
1732337694.88568735,2341,536094.88568735,22.30459350,114.18071807,8.45587980,-101.38855211,0.12053704,-0.43532298,32.11907500,60.84268152,3.17875659,0.12790396,0.45060412,0.00998344
1732337695.08585835,2341,536095.08585835,22.30459421,114.18071829,8.45939011,-101.35831212,0.34800852,-0.35480860,32.14199825,60.92133572,3.18226603,0.08705289,0.47998225,-0.00895535
1732337695.28603697,2341,536095.28603697,22.30459513,114.18071858,8.46074106,-101.35508434,0.25000572,-0.34942258,32.17198296,61.02244838,3.18361585,0.10525270,0.47183026,0.00863413
1732337695.48629856,2341,536095.48629856,22.30459598,114.18071867,8.46328126,-101.33652936,0.19736221,-0.33639391,32.18081573,61.11695180,3.18615511,0.11101108,0.48629735,0.00474334
1732337695.68637419,2341,536095.68637419,22.30459676,114.18071903,8.46538726,-101.30781689,0.21084592,-0.32511333,32.21855026,61.20319394,3.18826009,0.13678602,0.49191628,-0.00400633
1732337695.88654923,2341,536095.88654923,22.30459763,114.18071918,8.46290150,-101.25873483,0.26478667,-0.44192074,32.23362117,61.29904853,3.18577332,0.11447223,0.48443310,-0.00043380
1732337696.08672571,2341,536096.08672571,22.30459845,114.18071939,8.46378111,-101.24090364,0.31769412,-0.37416545,32.25527552,61.39037892,3.18665194,0.13857581,0.43394849,-0.00432394
1732337696.28689718,2341,536096.28689718,22.30459933,114.18071953,8.46307333,-101.28544256,0.40627304,-0.32510343,32.26998836,61.48775526,3.18594314,0.12311328,0.47065152,0.00059180
1732337696.48705935,2341,536096.48705935,22.30460022,114.18071969,8.46407205,-101.33144124,0.13865540,-0.31262483,32.28663596,61.58645763,3.18694082,0.10217707,0.45812740,0.00445318
1732337696.68725300,2341,536096.68725300,22.30460101,114.18071992,8.46275080,-101.18192458,0.12345744,-0.32631965,32.31034980,61.67422729,3.18561860,0.11006020,0.43082340,0.00418438
1732337696.88747311,2341,536096.88747311,22.30460181,114.18072038,8.46659296,-101.12371188,0.08527970,-0.46006886,32.35752156,61.76291880,3.18945966,0.12905981,0.46365346,0.00001428
1732337697.08759475,2341,536097.08759475,22.30460257,114.18072061,8.46865906,-100.98665755,0.02124086,-0.63168618,32.38153491,61.84692805,3.19152481,0.05915325,0.45409738,0.00475338
1732337697.28776121,2341,536097.28776121,22.30460351,114.18072089,8.47696347,-100.92223676,0.38293903,-0.63166021,32.41014604,61.95114505,3.19982806,0.07827941,0.49203409,0.01184935
1732337697.48802948,2341,536097.48802948,22.30460430,114.18072091,8.47306309,-100.91276405,0.56575413,-0.41845894,32.41177315,62.03816384,3.19592683,0.11178574,0.47655709,0.00004651
1732337697.68815660,2341,536097.68815660,22.30460503,114.18072105,8.44127829,-100.74298903,0.57499529,-0.59988287,32.42640921,62.11846813,3.16414116,0.11235196,0.40941944,0.01894036
1732337697.88834143,2341,536097.88834143,22.30460594,114.18072145,8.45940553,-100.63927301,0.43711091,-0.62307198,32.46802015,62.21982974,3.18226720,0.07399839,0.39815787,-0.00697240
1732337698.08844304,2341,536098.08844304,22.30460666,114.18072177,8.46991689,-100.67237986,0.73224909,-0.75545809,32.50076400,62.29963808,3.19277761,0.08064240,0.49998348,0.02325698
1732337698.28861904,2341,536098.28861904,22.30460751,114.18072181,8.47168897,-100.69602480,0.94234742,-0.33189395,32.50532673,62.39372053,3.19454874,0.10889221,0.49199880,0.00911167
1732337698.48878431,2341,536098.48878431,22.30460842,114.18072204,8.47312226,-100.76743807,0.77808983,-0.53201597,32.52842989,62.49450601,3.19598093,0.13223554,0.50914338,0.00126006
1732337698.68896079,2341,536098.68896079,22.30460935,114.18072223,8.46818785,-100.66461324,0.86046263,-0.36881982,32.54850108,62.59763982,3.19104539,0.12950205,0.47284181,0.02228250
1732337698.88912964,2341,536098.88912964,22.30461016,114.18072241,8.46926175,-100.60803074,0.74165470,-0.42155323,32.56685522,62.68688802,3.19211831,0.13426519,0.47340119,-0.00253580
1732337699.08931088,2341,536099.08931088,22.30461101,114.18072260,8.47739756,-100.59754835,0.56963964,-0.35608007,32.58633318,62.78119483,3.20025310,0.11801285,0.46302273,0.00443017
1732337699.28948355,2341,536099.28948355,22.30461191,114.18072287,8.47808244,-100.61374736,0.42462257,-0.75990946,32.61419828,62.88076384,3.20093685,0.11136310,0.48724691,0.00098298
1732337699.48966050,2341,536099.48966050,22.30461278,114.18072312,8.48299783,-100.64158207,0.65905340,-0.55000074,32.63960770,62.97717708,3.20585115,0.09449302,0.53820829,0.00329738
1732337699.68983269,2341,536099.68983269,22.30461376,114.18072317,8.47342351,-100.58460361,0.60898653,-0.38453145,32.64476845,63.08604106,3.19627573,0.06075075,0.48415945,0.01685298
1732337699.88999581,2341,536099.88999581,22.30461443,114.18072340,8.48594188,-100.58416731,0.79703086,-0.27056998,32.66861814,63.15940087,3.20879324,0.09697216,0.52916658,0.01053793
1732337700.09017754,2341,536100.09017754,22.30461537,114.18072350,8.48312030,-100.42323656,0.67181680,-0.47310221,32.67944827,63.26440665,3.20597056,0.07681253,0.47218104,-0.00426999
1732337700.29035711,2341,536100.29035711,22.30461621,114.18072386,8.48632776,-100.37204624,0.90830774,-0.44581777,32.71564271,63.35708193,3.20917691,0.11228475,0.45484314,0.01687651
1732337700.49052572,2341,536100.49052572,22.30461702,114.18072396,8.48744292,-100.39724324,1.07444940,-0.30598812,32.72605075,63.44639559,3.21029113,0.13352889,0.45189783,0.00665302
1732337700.69069719,2341,536100.69069719,22.30461782,114.18072406,8.48762176,-100.38295925,0.86095485,-0.27127388,32.73663080,63.53509339,3.21046902,0.14372439,0.42618684,-0.00349643
1732337700.89086580,2341,536100.89086580,22.30461879,114.18072420,8.48919672,-100.36348179,0.52107888,-0.25193960,32.75135098,63.64235480,3.21204283,0.13457582,0.45125592,0.00173987
1732337701.09103036,2341,536101.09103036,22.30461966,114.18072452,8.47857204,-100.25314258,0.31809066,-0.46346982,32.78381578,63.73906858,3.20141702,0.14635222,0.41537723,0.00821780
1732337701.29120564,2341,536101.29120564,22.30462060,114.18072477,8.49546767,-100.27055224,0.02247615,-0.27408911,32.80941529,63.84297756,3.21831147,0.09089607,0.43107952,0.00484198
1732337701.49141049,2341,536101.49141049,22.30462154,114.18072491,8.49751452,-100.19913143,-0.09647149,-0.35765847,32.82408521,63.94744573,3.22035719,0.13417529,0.46259218,0.00954515
1732337701.69155383,2341,536101.69155383,22.30462240,114.18072516,8.49134209,-100.25189738,-0.19514742,-0.38744754,32.85034161,64.04281981,3.21418367,0.09856576,0.49746304,0.00532569
1732337701.89172029,2341,536101.89172029,22.30462336,114.18072531,8.49207673,-100.15347953,-0.12467869,-0.47100794,32.86512191,64.14878430,3.21491715,0.09887225,0.45433012,0.00096559
1732337702.09189677,2341,536102.09189677,22.30462412,114.18072565,8.48377718,-99.97346685,0.14718243,-0.51444283,32.90069427,64.23337895,3.20661657,0.09987369,0.46281065,-0.00077829
1732337702.29206562,2341,536102.29206562,22.30462492,114.18072588,8.50209590,-100.02170155,-0.02582153,-0.50400744,32.92455565,64.32184973,3.22493427,0.04714021,0.47705343,0.01090577
1732337702.49222708,2341,536102.49222708,22.30462569,114.18072599,8.49408397,-99.95137464,0.30362265,-0.44559018,32.93600067,64.40627927,3.21692143,0.05210372,0.48053911,-0.00790777
1732337702.69241214,2341,536102.69241214,22.30462654,114.18072612,8.48957784,-99.99310764,0.39998136,-0.33125535,32.94935159,64.50099552,3.21241427,0.06866253,0.47935864,0.00368573
1732337702.89259696,2341,536102.89259696,22.30462738,114.18072627,8.49395207,-99.90425383,0.34691667,-0.27149865,32.96462972,64.59428212,3.21678746,0.11353752,0.45863391,0.02101824
1732337703.09273577,2341,536103.09273577,22.30462811,114.18072663,8.49910325,-99.88082903,0.31626898,-0.42336763,33.00173216,64.67520257,3.22193763,0.09993500,0.51035441,0.00239589
1732337703.29292321,2341,536103.29292321,22.30462908,114.18072674,8.50797911,-99.90039088,0.37325341,-0.40366215,33.01287822,64.78183948,3.23081234,0.10853587,0.52903347,0.00045763
1732337703.49314833,2341,536103.49314833,22.30462990,114.18072686,8.49775142,-99.83672228,0.28249051,-0.35260504,33.02537385,64.87292817,3.22058365,0.10135226,0.48780800,-0.00055543
1732337703.69334602,2341,536103.69334602,22.30463089,114.18072700,8.49876621,-99.81492530,0.22827173,-0.39914315,33.03947117,64.98310325,3.22159725,0.06020349,0.50052759,0.00318836
1732337703.89343834,2341,536103.89343834,22.30463164,114.18072714,8.49290201,-99.83030175,0.37002700,-0.22088073,33.05442115,65.06560246,3.21573212,0.05113507,0.49549492,-0.00080053
1732337704.09362507,2341,536104.09362507,22.30463246,114.18072734,8.49488010,-99.75955555,0.42896098,-0.22405386,33.07471443,65.15617865,3.21770918,0.10468059,0.48896022,0.00245648
1732337704.29379606,2341,536104.29379606,22.30463330,114.18072763,8.49826688,-99.73956227,0.54563260,-0.53348619,33.10407120,65.24908083,3.22109485,0.08441521,0.52726554,0.00012381
1732337704.49397254,2341,536104.49397254,22.30463414,114.18072773,8.49623678,-99.66664105,0.69262848,-0.35559860,33.11473275,65.34263779,3.21906373,0.05510648,0.46412255,0.00734277
1732337704.69414568,2341,536104.69414568,22.30463493,114.18072789,8.51033941,-99.66030147,0.98281030,-0.11610409,33.13167193,65.42949142,3.23316538,0.12392325,0.46214325,0.00942311
1732337704.89431500,2341,536104.89431500,22.30463581,114.18072804,8.51196998,-99.68719235,0.70833093,-0.14517297,33.14723024,65.52710623,3.23479486,0.11062871,0.44721429,0.00887053
1732337705.09449720,2341,536105.09449720,22.30463668,114.18072819,8.50131526,-99.58874374,0.62901736,-0.19202633,33.16226028,65.62349322,3.22413907,0.08648919,0.41300373,0.00400448
1732337705.29467416,2341,536105.29467416,22.30463754,114.18072842,8.50416048,-99.49992872,0.63999122,-0.33748561,33.18549577,65.71884166,3.22698318,0.10123214,0.43030960,0.01073494
1732337705.49484682,2341,536105.49484682,22.30463842,114.18072872,8.50903791,-99.51794561,0.33801318,-0.25984791,33.21708394,65.81608875,3.23185944,0.07063508,0.44007204,-0.00058429
1732337705.69499922,2341,536105.69499922,22.30463941,114.18072891,8.49749795,-99.41099179,0.30838679,-0.26450046,33.23685428,65.92579706,3.22031823,0.08387521,0.45141950,-0.00113914
1732337705.89531255,2341,536105.89531255,22.30464027,114.18072922,8.50613117,-99.21676069,0.37142318,-0.32122047,33.26786839,66.02076949,3.22895031,0.11703194,0.48512216,-0.01205034
1732337706.09535074,2341,536106.09535074,22.30464106,114.18072938,8.50797703,-98.77576162,0.20242792,-0.37033878,33.28519249,66.10902269,3.23079516,0.09868117,0.44805736,0.00124904
1732337706.29551554,2341,536106.29551554,22.30464199,114.18072952,8.49856319,-97.89985663,0.29482610,-0.50495337,33.29946687,66.21136927,3.22138017,0.07872820,0.45997053,0.01138809
1732337706.49568748,2341,536106.49568748,22.30464285,114.18072979,8.49696479,-96.72927866,0.33289602,-0.48501474,33.32703961,66.30750780,3.21978063,0.05211048,0.50968122,0.00759381
1732337706.69586182,2341,536106.69586182,22.30464367,114.18072985,8.50616618,-95.05054199,0.41913964,-0.38297197,33.33332213,66.39785933,3.22898104,0.01946915,0.46470287,0.01846629
1732337706.89602971,2341,536106.89602971,22.30464450,114.18072993,8.51299048,-93.32988959,0.53399388,-0.34163566,33.34124468,66.48961132,3.23580434,0.03350250,0.48006324,0.00354735
1732337707.09620571,2341,536107.09620571,22.30464529,114.18073010,8.51636762,-92.11331642,0.63170507,-0.31243030,33.35854699,66.57720075,3.23918047,0.03722104,0.52245442,0.00389934
1732337707.29638004,2341,536107.29638004,22.30464632,114.18072999,8.50948922,-91.18919230,0.55986004,-0.29227762,33.34755085,66.69141506,3.23230093,0.01979834,0.46565103,0.00956708
1732337707.49655390,2341,536107.49655390,22.30464716,114.18073007,8.51860277,-90.23605329,0.44195574,-0.29002308,33.35548048,66.78378394,3.24141346,0.02989533,0.47894869,0.00195182
1732337707.69672489,2341,536107.69672489,22.30464802,114.18073010,8.51188541,-89.06066749,0.43501472,-0.35445862,33.35952466,66.87936048,3.23469508,-0.00784966,0.49834766,0.00982260
1732337707.89689612,2341,536107.89689612,22.30464883,114.18073003,8.51520797,-87.66843656,0.38161206,-0.22858632,33.35197739,66.96956851,3.23801672,0.01691788,0.46721689,0.00514898
1732337708.09708166,2341,536108.09708166,22.30464980,114.18073018,8.51179687,-86.23648275,0.32823077,-0.34505744,33.36738805,67.07668492,3.23460441,-0.02352353,0.48526589,0.00378983
1732337708.29725885,2341,536108.29725885,22.30465073,114.18072997,8.51403943,-84.69009890,0.29889356,-0.32404941,33.34570961,67.17944636,3.23684600,-0.02589635,0.49015072,0.00856700
1732337708.49741411,2341,536108.49741411,22.30465166,114.18072996,8.52631674,-82.99481994,0.26413880,-0.25206156,33.34437610,67.28207634,3.24912223,-0.01631075,0.48103588,0.00087916
1732337708.69758749,2341,536108.69758749,22.30465249,114.18072983,8.52269006,-81.55754462,0.13568258,-0.19831510,33.33149424,67.37486734,3.24549463,-0.03914985,0.50545133,-0.00600823
1732337708.89775896,2341,536108.89775896,22.30465352,114.18072957,8.51472174,-79.91904029,0.02983876,-0.29232406,33.30472192,67.48832114,3.23752524,-0.09067605,0.47199620,-0.00054417
1732337709.09793472,2341,536109.09793472,22.30465433,114.18072948,8.52080280,-78.45133867,0.00403900,-0.14839935,33.29510663,67.57845564,3.24360539,-0.06652595,0.46469233,-0.00613163
1732337709.29811549,2341,536109.29811549,22.30465512,114.18072947,8.51414804,-77.48056401,0.17883924,-0.34736138,33.29410308,67.66571152,3.23694971,-0.10354208,0.52071946,-0.00435928
1732337709.49828386,2341,536109.49828386,22.30465604,114.18072913,8.51432238,-76.74358957,0.06619909,-0.25253064,33.25872688,67.76802357,3.23712314,-0.12361736,0.48848522,0.00614210
1732337709.69844055,2341,536109.69844055,22.30465683,114.18072885,8.51774082,-76.17047003,0.05801227,-0.16354508,33.22985658,67.85456709,3.24054080,-0.11233786,0.46738786,0.00801490
1732337709.89862061,2341,536109.89862061,22.30465763,114.18072878,8.52497241,-75.72749467,-0.05853931,-0.15683714,33.22272554,67.94397530,3.24777148,-0.10799309,0.48131636,-0.00940312
1732337710.09884405,2341,536110.09884405,22.30465850,114.18072874,8.52215498,-75.22114697,-0.01090629,-0.27187416,33.21865107,68.03987847,3.24495304,-0.10395862,0.47268440,-0.00072516
1732337710.29896545,2341,536110.29896545,22.30465939,114.18072852,8.52206765,-74.36446903,-0.08660621,-0.31295886,33.19675990,68.13815376,3.24486477,-0.17425424,0.47843646,-0.00127425
1732337710.49913025,2341,536110.49913025,22.30466023,114.18072820,8.51983672,-72.80326120,0.27800358,-0.31346453,33.16364321,68.23109239,3.24263302,-0.19332739,0.46363661,-0.00418059
1732337710.69946241,2341,536110.69946241,22.30466083,114.18072796,8.52598474,-70.79527517,0.59813591,0.09459065,33.13820954,68.29814891,3.24878044,-0.16504440,0.46173500,0.01365550
1732337710.89948392,2341,536110.89948392,22.30466176,114.18072767,8.52872821,-68.67136919,0.24257717,0.01539037,33.10901335,68.40077187,3.25152296,-0.14176066,0.46229967,0.00163976
1732337711.09966516,2341,536111.09966516,22.30466272,114.18072729,8.52718971,-66.18061331,0.34752810,-0.03568977,33.06922810,68.50747757,3.24998351,-0.18215769,0.47534425,0.00232021
1732337711.29984283,2341,536111.29984283,22.30466352,114.18072693,8.51605211,-63.54324266,0.58023392,0.21700652,33.03239878,68.59560943,3.23884516,-0.24236432,0.44159111,0.01840865
1732337711.50001574,2341,536111.50001574,22.30466407,114.18072655,8.53262703,-61.08847572,0.50719635,0.65653125,32.99315375,68.65641575,3.25541962,-0.23103987,0.46630854,0.01916187
1732337711.70016646,2341,536111.70016646,22.30466480,114.18072586,8.53950559,-58.59596753,0.28947800,0.81332891,32.92182157,68.73797060,3.26229767,-0.24128934,0.37823855,0.01151815
1732337711.90033770,2341,536111.90033770,22.30466552,114.18072548,8.52914060,-56.03870505,0.27783103,0.90315711,32.88259989,68.81719331,3.25193202,-0.28822826,0.36176808,0.01365149
1732337712.10051870,2341,536112.10051870,22.30466629,114.18072506,8.53915021,-53.16037114,0.52373655,0.92530451,32.83980147,68.90218309,3.26194092,-0.26115467,0.35424608,0.01120845
1732337712.30069447,2341,536112.30069447,22.30466700,114.18072448,8.54817896,-50.42275668,0.43773540,0.81406341,32.77972497,68.98164362,3.27096912,-0.24240884,0.35040404,-0.01079512
1732337712.50086212,2341,536112.50086212,22.30466777,114.18072409,8.53635632,-47.76135487,0.09885856,0.56307979,32.73959541,69.06652185,3.25914577,-0.29737320,0.35578338,0.03299851
1732337712.70103884,2341,536112.70103884,22.30466856,114.18072333,8.54796153,-45.04432446,0.24257441,0.41411443,32.66141517,69.15426133,3.27075042,-0.34317382,0.37559735,-0.00094892
1732337712.90125203,2341,536112.90125203,22.30466904,114.18072273,8.53555676,-42.76904424,0.11603901,0.52424972,32.59946442,69.20723744,3.25834539,-0.35696923,0.36008435,0.01945789
1732337713.10143089,2341,536113.10143089,22.30466984,114.18072211,8.54880956,-41.04007277,0.23860638,0.61874717,32.53530054,69.29604365,3.27159754,-0.34773320,0.33768523,0.01157433
1732337713.30155659,2341,536113.30155659,22.30467035,114.18072143,8.54259964,-39.89539251,0.41123455,0.32036192,32.46563861,69.35194273,3.26538737,-0.36161199,0.31687902,0.01175465
1732337713.50173402,2341,536113.50173402,22.30467090,114.18072084,8.54758964,-39.14246199,0.73308467,0.40246117,32.40467312,69.41335204,3.27037700,-0.37580123,0.34985438,0.00671861
1732337713.70189881,2341,536113.70189881,22.30467151,114.18072006,8.55722896,-38.57089532,0.61669350,0.46192978,32.32455316,69.48115814,3.28001599,-0.37365603,0.29696164,0.01241242
1732337713.90207171,2341,536113.90207171,22.30467208,114.18071953,8.56079157,-38.13208423,0.71802303,0.61282818,32.26988295,69.54395425,3.28357819,-0.32169012,0.31324733,-0.00159088
1732337714.10224581,2341,536114.10224581,22.30467255,114.18071881,8.56540228,-37.77178457,0.60168020,0.56033020,32.19524461,69.59633991,3.28818871,-0.36669266,0.33264861,-0.00282809
1732337714.30243182,2341,536114.30243182,22.30467327,114.18071796,8.55910215,-37.39769482,0.56098481,0.64949650,32.10806411,69.67563094,3.28188815,-0.36764899,0.27164773,0.00510381
1732337714.50258374,2341,536114.50258374,22.30467375,114.18071725,8.55614233,-37.09859910,0.23322714,0.40932852,32.03447526,69.72905436,3.27892810,-0.35414496,0.26893166,0.00302234
1732337714.70276642,2341,536114.70276642,22.30467437,114.18071655,8.56421552,-36.86467829,0.39643521,0.16872548,31.96269590,69.79730101,3.28700091,-0.36065032,0.30994871,0.00361111
1732337714.90294123,2341,536114.90294123,22.30467492,114.18071582,8.54469941,-36.64675473,0.60827102,0.15187299,31.88770572,69.85834372,3.26748450,-0.39476355,0.27236261,0.00145521
1732337715.10311198,2341,536115.10311198,22.30467538,114.18071504,8.54175229,-36.53721055,0.76984592,0.28424019,31.80708834,69.90974663,3.26453721,-0.41383570,0.26548178,0.00331114
1732337715.30328202,2341,536115.30328202,22.30467583,114.18071434,8.55709489,-36.35136893,0.84992541,0.36257150,31.73498110,69.95890039,3.27987963,-0.36611029,0.25015477,-0.00208630
1732337715.50345087,2341,536115.50345087,22.30467644,114.18071369,8.55859036,-36.11373123,0.75780334,0.17364556,31.66788891,70.02608413,3.28137469,-0.33796502,0.23930540,0.00839521
1732337715.70363331,2341,536115.70363331,22.30467698,114.18071302,8.54998182,-36.05791956,0.80157819,0.01972634,31.59869032,70.08638687,3.27276583,-0.37376062,0.28794787,0.00229145
1732337715.90378547,2341,536115.90378547,22.30467746,114.18071246,8.55282698,-35.83475670,0.96605872,-0.04080833,31.54133647,70.13930274,3.27561069,-0.39149539,0.28208156,0.00770003
1732337716.10397243,2341,536116.10397243,22.30467796,114.18071179,8.55238601,-35.15456767,0.79839543,0.01270894,31.47274831,70.19474981,3.27516944,-0.38146312,0.29518982,0.00964417
1732337716.30414391,2341,536116.30414391,22.30467855,114.18071082,8.55606043,-33.61336386,0.91889617,-0.02122157,31.37284522,70.26048495,3.27884363,-0.38004717,0.24780159,0.02118345
1732337716.50430727,2341,536116.50430727,22.30467911,114.18071012,8.55470106,-31.53458396,1.30957867,0.17936274,31.30039468,70.32249247,3.27748393,-0.42792775,0.28820254,0.02185453
1732337716.70449924,2341,536116.70449924,22.30467976,114.18070907,8.57457680,-29.01450583,0.86712573,0.36568268,31.19213137,70.39440419,3.29735940,-0.41083313,0.27895724,0.01086868
1732337716.90464687,2341,536116.90464687,22.30467995,114.18070832,8.58353353,-27.45082896,0.72232315,0.34316786,31.11491305,70.41542851,3.30631628,-0.38394457,0.32794244,0.00164138
1732337717.10491705,2341,536117.10491705,22.30468046,114.18070746,8.57279945,-26.47205578,0.71514185,0.49775323,31.02605113,70.47176095,3.29558201,-0.43878223,0.27703840,0.00545255
1732337717.30501175,2341,536117.30501175,22.30468085,114.18070667,8.57612085,-25.63861544,0.57484106,0.59379616,30.94435700,70.51458410,3.29890332,-0.45744134,0.27979339,0.00947245
1732337717.50519228,2341,536117.50519228,22.30468126,114.18070570,8.58065437,-24.96632776,0.33178293,0.69732568,30.84515182,70.56070296,3.30343681,-0.45301399,0.22441943,-0.00016820
1732337717.70535707,2341,536117.70535707,22.30468171,114.18070482,8.59044003,-24.32158566,0.66544825,0.58970825,30.75418899,70.61062100,3.31322236,-0.42685713,0.23163819,0.00524123
1732337717.90552855,2341,536117.90552855,22.30468209,114.18070407,8.57620108,-23.82677439,0.81938252,0.62754449,30.67639463,70.65205410,3.29898332,-0.44624288,0.21049488,0.00110913
1732337718.10570073,2341,536118.10570073,22.30468236,114.18070340,8.56153980,-23.50460134,0.96430585,0.74151058,30.60782228,70.68226419,3.28432203,-0.45475740,0.18045382,0.01038477
1732337718.30586481,2341,536118.30586481,22.30468266,114.18070268,8.57676171,-23.17279824,1.09882406,0.78867470,30.53366898,70.71536514,3.29954393,-0.44795377,0.23322421,0.01640331
1732337718.50604224,2341,536118.50604224,22.30468301,114.18070182,8.57741624,-22.86123651,1.06896133,1.02517475,30.44506045,70.75374198,3.30019846,-0.44019608,0.20522842,0.00525576
1732337718.70632362,2341,536118.70632362,22.30468334,114.18070092,8.58484461,-22.69211715,1.02732704,1.08843398,30.35196850,70.79108266,3.30762685,-0.44537440,0.18090547,0.01556675
1732337718.90638494,2341,536118.90638494,22.30468370,114.18070013,8.59092638,-22.28580044,1.04554594,0.99743231,30.27131774,70.83065158,3.31370856,-0.42822242,0.23283349,0.01215846
1732337719.10656881,2341,536119.10656881,22.30468424,114.18069911,8.58966548,-21.69282701,0.77543634,0.80072499,30.16565964,70.89069535,3.31244749,-0.44615581,0.24269909,0.00663454
1732337719.30672932,2341,536119.30672932,22.30468462,114.18069824,8.58569712,-20.59384583,0.95129592,0.91433204,30.07589315,70.93281234,3.30847908,-0.46489521,0.19708977,0.00998958
1732337719.50689936,2341,536119.50689936,22.30468498,114.18069744,8.59201321,-19.23371500,0.80007559,1.09652247,29.99377088,70.97175126,3.31479512,-0.47459167,0.15975053,0.01548156
1732337719.70707226,2341,536119.70707226,22.30468516,114.18069654,8.60230228,-17.95164744,0.69884537,1.24002251,29.90125449,70.99243446,3.32508440,-0.44701559,0.15292881,0.00544507
1732337719.90724397,2341,536119.90724397,22.30468559,114.18069556,8.60521423,-17.01791758,0.67888591,1.18765311,29.80007183,71.04033648,3.32799628,-0.42137237,0.16211598,-0.00502510
1732337720.10743117,2341,536120.10743117,22.30468596,114.18069460,8.59582690,-16.40603252,0.80454656,0.85559757,29.70076364,71.08061659,3.31860897,-0.48886394,0.11456671,0.00590393
1732337720.30759382,2341,536120.30759382,22.30468615,114.18069383,8.60056456,-15.93519361,0.82147166,0.91643380,29.62175424,71.10125944,3.32334677,-0.49011997,0.11656503,0.00583339
1732337720.50775409,2341,536120.50775409,22.30468640,114.18069296,8.60826732,-15.43269339,0.76118828,0.88220680,29.53238288,71.12960650,3.33104962,-0.46554274,0.15017644,0.00369849
1732337720.70793486,2341,536120.70793486,22.30468668,114.18069199,8.59528355,-14.99169450,0.76456074,0.87201993,29.43204423,71.16046818,3.31806596,-0.47359702,0.12236698,-0.00219099
1732337720.90811729,2341,536120.90811729,22.30468687,114.18069125,8.59199103,-14.56804718,1.01058061,0.79238613,29.35547320,71.18196013,3.31477355,-0.47820247,0.09243569,-0.00099227
1732337721.10827851,2341,536121.10827851,22.30468708,114.18069051,8.59703352,-14.16339849,1.11170717,0.86503875,29.27942821,71.20475824,3.31981615,-0.46728948,0.12625103,0.00921423
1732337721.30849314,2341,536121.30849314,22.30468741,114.18068953,8.60709457,-13.91460834,1.02186350,0.80764859,29.17905872,71.24109065,3.32987724,-0.43910382,0.18910165,0.00702427
1732337721.50862741,2341,536121.50862741,22.30468765,114.18068860,8.60107376,-13.77354630,0.99845338,0.81089023,29.08289551,71.26794948,3.32385657,-0.43729547,0.16473941,0.01124043
1732337721.70879078,2341,536121.70879078,22.30468800,114.18068763,8.61015913,-13.61842619,0.96369389,0.77665709,28.98270611,71.30669829,3.33294196,-0.44642792,0.13461071,0.01336001
1732337721.90906405,2341,536121.90906405,22.30468825,114.18068680,8.60745421,-13.40326526,1.03630255,0.80403486,28.89774429,71.33396914,3.33023712,-0.43227880,0.16121141,0.01510552
1732337722.10913849,2341,536122.10913849,22.30468852,114.18068584,8.61484547,-13.20356048,0.74279571,0.61057976,28.79839790,71.36429684,3.33762849,-0.41204799,0.17864991,0.00198316
1732337722.30938435,2341,536122.30938435,22.30468875,114.18068480,8.61009863,-13.10772401,0.67400856,0.80425027,28.69090744,71.38987630,3.33288185,-0.43941279,0.16923469,-0.00684604
1732337722.50954580,2341,536122.50954580,22.30468894,114.18068386,8.60898981,-13.05524194,0.31171102,0.86789925,28.59480247,71.41038083,3.33177322,-0.47685269,0.12045964,0.00417348
1732337722.70966554,2341,536122.70966554,22.30468926,114.18068290,8.60507832,-12.94995370,0.04325544,1.00004378,28.49581466,71.44612069,3.32786178,-0.47543438,0.12975876,0.00617663
1732337722.90983725,2341,536122.90983725,22.30468951,114.18068195,8.61429447,-12.80893948,0.09134767,0.72437335,28.39790542,71.47334637,3.33707806,-0.46275786,0.09727242,0.00954583
1732337723.10999489,2341,536123.10999489,22.30468971,114.18068109,8.61639809,-12.57345386,0.28981206,0.69623733,28.30935158,71.49548476,3.33918182,-0.43966867,0.12242892,-0.00528349
1732337723.31015635,2341,536123.31015635,22.30468992,114.18068013,8.60576450,-12.04278665,0.47331716,0.61227586,28.21030307,71.51950201,3.32854840,-0.46747300,0.10559684,-0.00458302
1732337723.51035833,2341,536123.51035833,22.30469007,114.18067920,8.61654078,-10.85982920,0.52287080,0.52201771,28.11389838,71.53536551,3.33932492,-0.44604056,0.06556269,0.01470854
1732337723.71061683,2341,536123.71061683,22.30469040,114.18067846,8.61669913,-8.77840504,0.66570347,0.64286198,28.03851574,71.57208916,3.33948320,-0.47586964,0.05451145,0.01072148
1732337723.91074991,2341,536123.91074991,22.30469050,114.18067748,8.61188972,-6.37428832,0.31173491,0.85477515,27.93697405,71.58400034,3.33467409,-0.46183462,0.04613561,0.02606857
1732337724.11087370,2341,536124.11087370,22.30469053,114.18067653,8.62070395,-3.94242968,0.14660796,0.91461447,27.83937746,71.58697275,3.34348871,-0.47850068,0.03914315,0.02363066
1732337724.31104565,2341,536124.31104565,22.30469074,114.18067570,8.63028377,-1.20800503,0.17101316,0.74445863,27.75347082,71.61023662,3.35306864,-0.46597264,-0.02330480,0.02816262
1732337724.51127195,2341,536124.51127195,22.30469073,114.18067468,8.63610691,1.33017768,0.23591949,0.70696235,27.64827053,71.60918361,3.35889226,-0.47406754,-0.03419123,0.01454752
1732337724.71138239,2341,536124.71138239,22.30469079,114.18067384,8.63745681,3.94543514,0.32919502,0.78380750,27.56176692,71.61564648,3.36024245,-0.45435975,-0.03185604,0.00746843
1732337724.91167307,2341,536124.91167307,22.30469084,114.18067309,8.63038426,6.83428910,0.47613703,0.61417180,27.48444080,71.62153029,3.35317018,-0.44914985,-0.06122277,0.00274165
1732337725.11173058,2341,536125.11173058,22.30469068,114.18067216,8.63204264,9.69242267,0.62397368,0.84181531,27.38892468,71.60339493,3.35482917,-0.48156196,-0.05387175,0.00404504
1732337725.31197548,2341,536125.31197548,22.30469059,114.18067119,8.63933208,12.82664107,0.37140460,0.96620930,27.28937144,71.59316446,3.36211915,-0.45248132,-0.10213423,0.01005839
1732337725.51208401,2341,536125.51208401,22.30469037,114.18067027,8.64335979,15.82937414,0.26848504,0.95933911,27.19383733,71.56947069,3.36614754,-0.46213673,-0.12363346,0.00794596
1732337725.71224427,2341,536125.71224427,22.30469021,114.18066937,8.65457736,18.93607114,0.10872357,0.95470426,27.10119620,71.55180642,3.37736570,-0.43206142,-0.14741936,0.00090140
1732337725.91242218,2341,536125.91242218,22.30468991,114.18066846,8.65203825,22.09368889,0.05866425,0.90724042,27.00732697,71.51850871,3.37482736,-0.44314169,-0.16517082,-0.00084050
1732337726.11260152,2341,536126.11260152,22.30468968,114.18066746,8.64312850,25.35847426,-0.02537099,0.77323155,26.90476193,71.49300651,3.36591833,-0.46880837,-0.19322828,0.01459304
1732337726.31274748,2341,536126.31274748,22.30468944,114.18066675,8.64996490,28.81964373,0.15042126,0.98437081,26.83176367,71.46629928,3.37275534,-0.40136681,-0.24598239,-0.00632296
1732337726.51292801,2341,536126.51292801,22.30468893,114.18066601,8.64673788,31.84746649,0.05357310,1.03821106,26.75556085,71.40992564,3.36952928,-0.41473142,-0.24428845,0.00471225
1732337726.71317172,2341,536126.71317172,22.30468856,114.18066519,8.65415743,35.21337496,0.10119347,0.97113977,26.67088029,71.36831194,3.37694965,-0.37158149,-0.28728893,0.02234759
1732337726.91332388,2341,536126.91332388,22.30468807,114.18066454,8.64767009,38.45961771,0.15121663,1.07938546,26.60399767,71.31418981,3.37046320,-0.37280618,-0.26255195,-0.00022531
1732337727.11345530,2341,536127.11345530,22.30468759,114.18066370,8.65385622,41.80826658,-0.03528529,1.20086347,26.51714692,71.26109265,3.37665029,-0.33879681,-0.29074579,0.00940715
1732337727.31361866,2341,536127.31361866,22.30468702,114.18066281,8.66307746,45.21067967,-0.21672306,1.29404422,26.42547670,71.19825065,3.38587261,-0.35751598,-0.29394361,0.00930999
1732337727.51386690,2341,536127.51386690,22.30468633,114.18066213,8.65971788,48.51814412,-0.60204261,0.99322798,26.35577135,71.12137842,3.38251418,-0.32225157,-0.33901461,0.01657459
1732337727.71397281,2341,536127.71397281,22.30468566,114.18066139,8.66801006,51.88676638,-0.38288755,0.99254554,26.27942104,71.04746611,3.39080750,-0.32831227,-0.39771031,0.01098827
1732337727.91414213,2341,536127.91414213,22.30468492,114.18066099,8.65505172,55.00181385,-0.55753053,1.17625149,26.23761407,70.96610995,3.37785025,-0.29031082,-0.37934827,-0.00272733
1732337728.11432552,2341,536128.11432552,22.30468414,114.18066044,8.66290261,57.96647013,-0.71037630,1.23193754,26.18089335,70.87946450,3.38570234,-0.27140687,-0.39210015,-0.01607397
1732337728.31470942,2341,536128.31470942,22.30468346,114.18066002,8.65936929,60.75210305,-0.77009503,1.20387908,26.13752403,70.80409880,3.38217004,-0.24516199,-0.40355820,-0.00179248
1732337728.51477742,2341,536128.51477742,22.30468277,114.18065946,8.65906464,63.61321425,-0.83069014,1.09454547,26.08066588,70.72713552,3.38186648,-0.24525386,-0.40473658,-0.01290898
1732337728.71484232,2341,536128.71484232,22.30468192,114.18065889,8.65709492,66.52652321,-1.14913404,1.13946052,26.02143987,70.63368074,3.37989804,-0.27557384,-0.43750177,-0.00226808
1732337728.91511774,2341,536128.91511774,22.30468105,114.18065852,8.65284018,68.15407629,-1.12847723,1.12169311,25.98339751,70.53697383,3.37564454,-0.24822223,-0.49633604,-0.00719615
1732337729.11528754,2341,536129.11528754,22.30468027,114.18065813,8.64902041,69.39591998,-1.55462471,1.11098742,25.94305812,70.45028144,3.37182589,-0.22198352,-0.49430411,-0.01227820
1732337729.31535530,2341,536129.31535530,22.30467933,114.18065791,8.64595685,70.36212058,-1.57139136,1.28035288,25.92030534,70.34660604,3.36876358,-0.17583617,-0.50499617,-0.01358687
1732337729.51561236,2341,536129.51561236,22.30467850,114.18065765,8.64268897,71.12835800,-1.27031750,1.48985086,25.89353648,70.25429485,3.36549682,-0.13739408,-0.54952968,-0.00763360
1732337729.71569371,2341,536129.71569371,22.30467786,114.18065732,8.64206242,71.72472398,-1.60131838,1.74907702,25.85975575,70.18374724,3.36487119,-0.14188699,-0.50257982,-0.00352064
1732337729.91588020,2341,536129.91588020,22.30467692,114.18065701,8.64883775,72.24631691,-1.38559515,1.41026657,25.82767811,70.08003554,3.37164780,-0.08579365,-0.46795191,-0.00487103
1732337730.11608005,2341,536130.11608005,22.30467627,114.18065664,8.64285108,72.70194626,-0.95918015,1.17670107,25.79005063,70.00736519,3.36566209,-0.14450139,-0.49355948,-0.01001073
1732337730.31621075,2341,536130.31621075,22.30467534,114.18065640,8.64382811,73.03214059,-0.75476840,1.27484209,25.76503308,69.90430296,3.36664035,-0.12190397,-0.51510680,-0.00502042
1732337730.51637602,2341,536130.51637602,22.30467462,114.18065612,8.63937215,73.30325834,-0.60635615,1.28097110,25.73651647,69.82553572,3.36218538,-0.10670032,-0.48442385,-0.01015156
1732337730.71655750,2341,536130.71655750,22.30467382,114.18065594,8.62889602,73.56752158,-0.50621380,1.54261138,25.71771218,69.73665549,3.35171030,-0.15751686,-0.43815665,0.00083031
1732337730.91672134,2341,536130.91672134,22.30467305,114.18065544,8.64048489,73.73930469,-0.75980118,1.29114059,25.66608493,69.65086084,3.36330032,-0.16699995,-0.42538568,-0.01130560
1732337731.11689281,2341,536131.11689281,22.30467223,114.18065504,8.64034605,73.86469674,-0.50439406,1.20422081,25.62440911,69.55999761,3.36316264,-0.16258885,-0.48048120,0.00014356
1732337731.31707621,2341,536131.31707621,22.30467128,114.18065491,8.64110124,73.95548481,-0.77880681,1.33567540,25.61124466,69.45552120,3.36391903,-0.13444580,-0.46841334,-0.00411082
1732337731.51736188,2341,536131.51736188,22.30467042,114.18065462,8.65078955,74.08716774,-0.78054198,1.23278437,25.58157721,69.36028399,3.37360850,-0.10525458,-0.44020337,-0.00280448
1732337731.71741843,2341,536131.71741843,22.30466963,114.18065435,8.63719618,74.21191061,-0.58925023,1.34199631,25.55414718,69.27287858,3.36001619,-0.13243388,-0.41441884,0.00332062
1732337731.91760087,2341,536131.91760087,22.30466871,114.18065408,8.63567517,74.11580789,-0.60000138,1.34160702,25.52642929,69.17011723,3.35849641,-0.15361254,-0.42271676,0.00025274
1732337732.11780667,2341,536132.11780667,22.30466791,114.18065381,8.64180323,74.93585953,-0.74269415,1.34694203,25.49800534,69.08187299,3.36462555,-0.14410765,-0.40687421,-0.01570010
1732337732.31794572,2341,536132.31794572,22.30466710,114.18065334,8.61741799,76.72175645,-1.32758010,1.23729018,25.44979435,68.99241768,3.34024148,-0.15535511,-0.39949447,-0.00365918
1732337732.51810360,2341,536132.51810360,22.30466610,114.18065311,8.63206974,79.18401530,-1.38508479,1.05405673,25.42554653,68.88146663,3.35489453,-0.10598929,-0.45038565,-0.00453414
1732337732.71828604,2341,536132.71828604,22.30466521,114.18065290,8.62520025,80.85032960,-1.53851187,0.97273908,25.40447484,68.78255529,3.34802620,-0.11003818,-0.47694449,-0.00862609
1732337732.91845608,2341,536132.91845608,22.30466435,114.18065270,8.62039789,82.18130796,-1.77795035,1.01005723,25.38373030,68.68726957,3.34322495,-0.10160345,-0.48254242,-0.00910054
1732337733.11863708,2341,536133.11863708,22.30466342,114.18065253,8.62060404,83.33243403,-2.00248630,0.76892691,25.36636302,68.58472833,3.34343228,-0.07119572,-0.46514691,-0.02195363
1732337733.31880045,2341,536133.31880045,22.30466260,114.18065229,8.62272845,84.29907307,-1.81977462,0.35536690,25.34119434,68.49397646,3.34555777,-0.00014309,-0.51806180,-0.00015616
1732337733.51897097,2341,536133.51897097,22.30466188,114.18065202,8.63134913,85.22014275,-1.20062468,0.56818298,25.31403280,68.41382790,3.35417942,-0.04491939,-0.52155947,-0.01241865
1732337733.71914864,2341,536133.71914864,22.30466101,114.18065199,8.61071754,86.11939294,-1.34244671,0.78907385,25.31088156,68.31745588,3.33354888,-0.03507961,-0.52676785,-0.01135071
1732337733.91931725,2341,536133.91931725,22.30466000,114.18065218,8.61827878,87.09489167,-1.26420579,0.83481829,25.33063654,68.20630589,3.34111124,0.02864588,-0.47421266,-0.00881362
1732337734.11948752,2341,536134.11948752,22.30465931,114.18065192,8.62219978,88.04327751,-1.22587790,0.71550805,25.30345939,68.12938564,3.34503318,-0.03686139,-0.43911956,0.00495412
1732337734.31966209,2341,536134.31966209,22.30465847,114.18065172,8.61852948,88.94577503,-1.30342111,0.57401369,25.28274996,68.03679939,3.34136396,-0.05641117,-0.46563034,0.00794675
1732337734.51984572,2341,536134.51984572,22.30465759,114.18065157,8.61623102,89.95363980,-1.17989537,0.23482946,25.26727958,67.93937022,3.33906660,-0.04055999,-0.46949881,-0.00518281
1732337734.72008419,2341,536134.72008419,22.30465673,114.18065155,8.61030140,90.84785214,-1.30623528,0.42921722,25.26549449,67.84393970,3.33313800,-0.01448545,-0.46941314,-0.00923244
1732337734.92023778,2341,536134.92023778,22.30465567,114.18065162,8.61012996,91.85048100,-1.41132711,0.46713284,25.27253149,67.72705827,3.33296778,-0.01756422,-0.46241916,0.00110889
1732337735.12034225,2341,536135.12034225,22.30465489,114.18065152,8.60664562,92.85298798,-1.54058204,0.43889212,25.26243435,67.63987765,3.32948442,-0.02967384,-0.47847253,-0.00900701
1732337735.32053423,2341,536135.32053423,22.30465401,114.18065150,8.60137806,93.83507591,-1.79512973,0.14151059,25.26022818,67.54329196,3.32421790,-0.00700925,-0.48124129,-0.00772874
1732337735.52070141,2341,536135.52070141,22.30465303,114.18065153,8.61037577,94.61111366,-1.75470309,0.06967322,25.26325206,67.43411468,3.33321675,0.03736245,-0.50142523,-0.02091185
1732337735.72094536,2341,536135.72094536,22.30465223,114.18065155,8.60102919,95.45981210,-1.67063037,0.09233883,25.26525696,67.34578629,3.32387111,0.01314494,-0.51182545,-0.01346760
1732337735.92104197,2341,536135.92104197,22.30465133,114.18065164,8.61449065,96.46752887,-1.58873305,0.14919701,25.27475297,67.24637793,3.33733358,0.04840107,-0.52504365,-0.00898826
1732337736.12129784,2341,536136.12129784,22.30465050,114.18065174,8.60498115,97.28243598,-1.38571830,0.09662221,25.28455801,67.15395993,3.32782502,0.06659053,-0.52780996,-0.01578519
1732337736.32152128,2341,536136.32152128,22.30464967,114.18065174,8.59052393,97.83664306,-1.56768652,0.15897146,25.28475903,67.06213426,3.31336877,0.02616951,-0.52333978,-0.01104049
1732337736.52161312,2341,536136.52161312,22.30464874,114.18065191,8.59749093,97.70655069,-1.42241146,0.06657069,25.30198361,66.95900514,3.32033679,0.02399836,-0.50758075,-0.01268767
1732337736.72173381,2341,536136.72173381,22.30464799,114.18065192,8.59386441,97.24930717,-1.35011319,0.12839373,25.30299472,66.87631528,3.31671114,-0.01339367,-0.51353298,-0.00610913
1732337736.92190433,2341,536136.92190433,22.30464704,114.18065197,8.60216044,96.09527152,-1.33199940,0.26558583,25.30843967,66.77129463,3.32500825,0.02370736,-0.51180091,-0.00242223
1732337737.12208414,2341,536137.12208414,22.30464623,114.18065205,8.59566856,94.75347579,-1.21877706,0.34494245,25.31677270,66.68145529,3.31851728,-0.00382399,-0.50066580,-0.01009558
1732337737.32225657,2341,536137.32225657,22.30464529,114.18065211,8.58854468,93.02383067,-1.35509671,0.27267327,25.32289463,66.57664085,3.31139449,-0.04421025,-0.48978457,-0.01629948
1732337737.52242541,2341,536137.52242541,22.30464436,114.18065211,8.58833747,91.48212967,-1.45553805,0.30737930,25.32270712,66.47470016,3.31118834,-0.02649947,-0.49815496,-0.01910968
1732337737.72259426,2341,536137.72259426,22.30464345,114.18065218,8.58763164,90.21149274,-1.21607485,0.33269462,25.32971333,66.37314696,3.31048354,-0.03713500,-0.52025336,-0.01524576
1732337737.92277026,2341,536137.92277026,22.30464245,114.18065222,8.57109227,89.24441475,-1.62297617,0.66000770,25.33422305,66.26243150,3.29394532,-0.04423648,-0.45746102,-0.02603824
1732337738.12293053,2341,536138.12293053,22.30464157,114.18065212,8.57421912,88.72650076,-1.59665134,0.62129798,25.32361518,66.16574229,3.29707322,-0.03472616,-0.47116545,-0.00923806
1732337738.32311726,2341,536138.32311726,22.30464070,114.18065203,8.57441291,88.33068481,-1.72465088,0.48962041,25.31435491,66.06885926,3.29726805,-0.03756793,-0.47999549,-0.00766346
1732337738.52328444,2341,536138.52328444,22.30463979,114.18065208,8.56615645,88.00502403,-1.83501631,0.39864808,25.31986722,65.96780905,3.28901262,-0.04129875,-0.49908968,-0.00607139
1732337738.72345781,2341,536138.72345781,22.30463884,114.18065200,8.57192311,87.75874488,-1.71272315,0.54367206,25.31201751,65.86292730,3.29478040,-0.03169786,-0.46235331,-0.01454112
1732337738.92362905,2341,536138.92362905,22.30463803,114.18065190,8.56334115,87.46945100,-2.05182073,0.56776326,25.30114606,65.77306530,3.28619942,-0.00494038,-0.46588366,-0.00575395
1732337739.12380195,2341,536139.12380195,22.30463719,114.18065170,8.56783146,87.35560293,-1.72392499,0.34274945,25.28086363,65.67988559,3.29069077,-0.00007061,-0.49768350,-0.01262899
1732337739.32397366,2341,536139.32397366,22.30463645,114.18065168,8.55254760,87.20224934,-1.42256703,0.22065112,25.27821356,65.59848671,3.27540777,-0.03875443,-0.48674931,-0.00681226
1732337739.52423334,2341,536139.52423334,22.30463544,114.18065161,8.57170535,86.97236555,-1.42686896,0.43998312,25.27169978,65.48640662,3.29456670,-0.02982230,-0.50071935,-0.01643106
1732337739.72441721,2341,536139.72441721,22.30463472,114.18065154,8.56448995,86.79147066,-1.35200993,0.53920546,25.26440713,65.40640957,3.28735216,-0.06388389,-0.49681640,-0.01827085
1732337739.92448711,2341,536139.92448711,22.30463385,114.18065153,8.55703204,86.59885992,-1.40545435,0.53087033,25.26308866,65.31049072,3.27989524,-0.07073736,-0.50492338,-0.01001778
1732337740.12467527,2341,536140.12467527,22.30463288,114.18065141,8.55129439,86.42600075,-1.55841897,0.58377623,25.25130137,65.20313751,3.27415874,-0.05904094,-0.48789428,-0.01337136
1732337740.32482696,2341,536140.32482696,22.30463207,114.18065134,8.55314766,86.36421344,-1.35792633,0.51721305,25.24367435,65.11291817,3.27601297,-0.06454739,-0.48360937,-0.01018829
1732337740.52507973,2341,536140.52507973,22.30463117,114.18065122,8.54154116,86.20519482,-1.54850719,0.64236243,25.23168737,65.01342306,3.26440754,-0.08497618,-0.46338393,-0.00581286
1732337740.72518396,2341,536140.72518396,22.30463021,114.18065121,8.54711038,86.06473615,-1.81999608,0.55280413,25.23011149,64.90693955,3.26997785,-0.02241366,-0.50675765,-0.00988233
1732337740.92535639,2341,536140.92535639,22.30462940,114.18065106,8.54267303,85.96292796,-1.50564683,0.57305727,25.21511973,64.81723024,3.26554148,-0.05273546,-0.53197232,-0.00357343
1732337741.12560320,2341,536141.12560320,22.30462860,114.18065101,8.54215328,85.88646909,-1.55898443,0.68470796,25.20945346,64.72890379,3.26502265,-0.03699283,-0.49200597,-0.00260507
1732337741.32570934,2341,536141.32570934,22.30462769,114.18065099,8.53611361,85.86796111,-1.49992455,0.72930484,25.20718556,64.62783342,3.25898402,-0.05470490,-0.47805255,0.00228274
1732337741.52588129,2341,536141.52588129,22.30462678,114.18065083,8.55337530,85.86324422,-1.52983043,0.57024015,25.19060565,64.52799474,3.27624679,0.00698801,-0.46203438,-0.00316845
1732337741.72604370,2341,536141.72604370,22.30462602,114.18065064,8.55016113,85.79290490,-1.08905603,0.65105800,25.17196552,64.44311916,3.27303356,0.00877425,-0.46841626,0.00080368
1732337741.92622304,2341,536141.92622304,22.30462522,114.18065049,8.54414460,85.83224410,-0.95127787,0.65895551,25.15628036,64.35528249,3.26701798,-0.03490859,-0.43664289,-0.01252637
1732337742.12638855,2341,536142.12638855,22.30462448,114.18065032,8.54605729,85.83238632,-0.84876058,0.37920332,25.13899289,64.27334014,3.26893157,-0.04106109,-0.45932006,-0.01019513
1732337742.32656145,2341,536142.32656145,22.30462360,114.18065023,8.54496838,85.86777169,-0.67092792,0.66982353,25.12900587,64.17589674,3.26784369,-0.04385742,-0.44679027,0.00100127
1732337742.52673483,2341,536142.52673483,22.30462289,114.18065021,8.53314168,85.98826264,-0.78591199,0.43774359,25.12678839,64.09653525,3.25601780,-0.07339714,-0.42545156,-0.00508281
1732337742.72699451,2341,536142.72699451,22.30462188,114.18064996,8.53000548,86.00335330,-1.06068404,0.34425733,25.10111699,63.98536815,3.25288282,-0.08446529,-0.44545699,0.00043583
1732337742.92719984,2341,536142.92719984,22.30462091,114.18064993,8.52897278,86.06122752,-1.19067510,0.19446700,25.09782407,63.87732348,3.25185122,-0.06072507,-0.42140927,-0.01164581
1732337743.12726021,2341,536143.12726021,22.30462001,114.18064961,8.54151552,86.01159191,-1.35705928,-0.18213089,25.06522862,63.77747215,3.26439509,-0.00630270,-0.48556645,-0.00431452
1732337743.32743740,2341,536143.32743740,22.30461915,114.18064961,8.55084696,85.98692143,-1.23064434,-0.02557564,25.06503511,63.68274900,3.27372749,-0.01999874,-0.48937184,-0.01251085
1732337743.52759743,2341,536143.52759743,22.30461828,114.18064959,8.52555571,86.08319080,-1.16312925,-0.14366256,25.06285102,63.58608739,3.24843721,-0.06471283,-0.46049170,-0.00990466
1732337743.72786331,2341,536143.72786331,22.30461741,114.18064926,8.52869889,86.12897926,-1.24222413,-0.22202665,25.02945433,63.49000674,3.25158149,-0.06430501,-0.45435498,-0.01927851
1732337743.92803502,2341,536143.92803502,22.30461650,114.18064915,8.52954883,86.11883464,-1.20088433,-0.45186876,25.01766736,63.38919681,3.25243248,-0.06571205,-0.48462499,-0.01484705
1732337744.12812757,2341,536144.12812757,22.30461570,114.18064904,8.51018326,86.08654737,-1.14770783,-0.44394249,25.00693498,63.30043475,3.23306784,-0.05358690,-0.49911417,-0.01128730
1732337744.32828283,2341,536144.32828283,22.30461482,114.18064890,8.51911949,86.08355429,-1.15380166,-0.35400157,24.99245179,63.20315509,3.24200510,-0.03293055,-0.51665993,-0.00764395
1732337744.52845955,2341,536144.52845955,22.30461401,114.18064887,8.51538576,86.16736351,-1.06560724,-0.35846450,24.98933669,63.11347542,3.23827227,-0.04601619,-0.48012254,-0.00588271
1732337744.72864008,2341,536144.72864008,22.30461309,114.18064872,8.51991873,86.17841800,-1.06822396,-0.36084169,24.97336483,63.01117500,3.24280632,-0.06016548,-0.51187693,-0.00923215
1732337744.92880058,2341,536144.92880058,22.30461225,114.18064875,8.52973270,86.18635023,-0.89534858,-0.17828492,24.97661888,62.91893331,3.25262119,-0.04987137,-0.48386745,0.00175659
1732337745.12898445,2341,536145.12898445,22.30461138,114.18064862,8.50778173,86.19291348,-0.80650753,-0.25393368,24.96309480,62.82161894,3.23067125,-0.10624025,-0.46203626,-0.00217992
1732337745.32914567,2341,536145.32914567,22.30461050,114.18064852,8.50964825,86.13632646,-0.95587235,-0.12432317,24.95347510,62.72430148,3.23253876,-0.10162096,-0.46081847,-0.00368941
1732337745.52933335,2341,536145.52933335,22.30460957,114.18064852,8.50776516,86.19103941,-1.02641948,-0.13938496,24.95270896,62.62202579,3.23065668,-0.07283658,-0.47034946,-0.00070078
1732337745.72959042,2341,536145.72959042,22.30460870,114.18064833,8.52933598,86.14553735,-1.23315645,0.06562437,24.93335360,62.52556178,3.25222853,-0.06278375,-0.48034095,-0.00616988
1732337745.92966676,2341,536145.92966676,22.30460788,114.18064831,8.50052044,86.22464432,-1.19985894,-0.17065806,24.93103219,62.43424555,3.22341390,-0.07956681,-0.48977076,0.00636284
1732337746.12984562,2341,536146.12984562,22.30460696,114.18064811,8.51809703,86.27159710,-1.29773992,0.03062604,24.91115720,62.33238869,3.24099157,-0.03441276,-0.46277987,-0.00989923
1732337746.33001328,2341,536146.33001328,22.30460604,114.18064816,8.52919411,86.28985507,-1.40296195,0.07586316,24.91580419,62.23111211,3.25208963,-0.02122241,-0.46876850,-0.00918670
1732337746.53019285,2341,536146.53019285,22.30460524,114.18064808,8.52490289,86.25157433,-1.18232241,0.09159643,24.90729274,62.14198012,3.24779931,-0.04720394,-0.51495553,0.00317561
1732337746.73035288,2341,536146.73035288,22.30460440,114.18064804,8.50469276,86.36480244,-1.33285702,0.07044641,24.90310379,62.04936331,3.22759011,-0.07488020,-0.48983764,-0.01820898
1732337746.93052864,2341,536146.93052864,22.30460338,114.18064779,8.50515427,86.45861357,-1.47855949,-0.04457413,24.87759282,61.93631776,3.22805282,-0.05593783,-0.50227704,-0.01267966
1732337747.13070893,2341,536147.13070893,22.30460256,114.18064773,8.50356520,86.49002223,-1.33699202,-0.03585396,24.87180027,61.84552875,3.22646466,-0.05710839,-0.49223342,-0.02098636
1732337747.33087921,2341,536147.33087921,22.30460172,114.18064755,8.48958851,86.46929102,-1.50529234,-0.06723825,24.85351762,61.75221788,3.21248895,-0.05994733,-0.52000239,-0.00864364
1732337747.53105712,2341,536147.53105712,22.30460070,114.18064758,8.49954555,86.49353723,-1.59213159,0.16955686,24.85569928,61.63975502,3.22244707,-0.01235872,-0.50401475,-0.01549840
1732337747.73122168,2341,536147.73122168,22.30459991,114.18064757,8.49776429,86.58373407,-1.54980228,0.18241000,24.85520151,61.55217624,3.22066667,-0.03515725,-0.50688388,-0.01486957
1732337747.93139935,2341,536147.93139935,22.30459903,114.18064738,8.49019730,86.63274949,-1.51895578,0.11709198,24.83529180,61.45459050,3.21310069,-0.02849052,-0.50842369,-0.00072052
1732337748.13155413,2341,536148.13155413,22.30459818,114.18064733,8.50026727,86.75049564,-1.44776104,0.14385044,24.83081855,61.36100324,3.22317159,-0.01435845,-0.48260394,-0.01565021
1732337748.33174157,2341,536148.33174157,22.30459730,114.18064719,8.50003177,86.60605972,-1.18630537,0.19770705,24.81631098,61.26271972,3.22293709,-0.03433661,-0.51297415,0.00255937
1732337748.53199530,2341,536148.53199530,22.30459643,114.18064719,8.49292302,86.57544152,-1.14694062,0.36154781,24.81637581,61.16695996,3.21582927,-0.02680174,-0.49005908,-0.00306757
1732337748.73208666,2341,536148.73208666,22.30459573,114.18064699,8.50221376,86.61918225,-0.99786271,0.24460823,24.79536596,61.08955060,3.22512084,-0.06122245,-0.48664288,-0.01278363
1732337748.93231201,2341,536148.93231201,22.30459488,114.18064696,8.49363329,86.66489584,-0.94252985,0.33421269,24.79252537,60.99546602,3.21654128,-0.06925619,-0.48228152,-0.00638516
1732337749.13254452,2341,536149.13254452,22.30459407,114.18064698,8.49178693,86.71431273,-0.87492188,0.50788101,24.79446432,60.90571036,3.21469578,-0.07387508,-0.48147107,-0.01758408
1732337749.33260679,2341,536149.33260679,22.30459296,114.18064710,8.48606719,86.29339731,-1.14209117,0.70537128,24.80682166,60.78269141,3.20897718,-0.19948832,-0.42846368,-0.00383495
1732337749.53277206,2341,536149.53277206,22.30459190,114.18064690,8.46765984,84.96516605,-1.71356094,0.57670296,24.78626778,60.66508123,3.19057102,-0.08644972,-0.42091009,-0.00685384
1732337749.73295116,2341,536149.73295116,22.30459098,114.18064661,8.47732501,83.74267494,-1.44938113,0.41336604,24.75588359,60.56370782,3.20023728,-0.07424707,-0.45406259,-0.00505742
1732337749.93312550,2341,536149.93312550,22.30459013,114.18064643,8.48185339,82.96581599,-1.51888784,0.61636704,24.73741532,60.46902425,3.20476664,-0.07404522,-0.44483249,-0.00885259
1732337750.13327956,2341,536150.13327956,22.30458918,114.18064630,8.47427074,82.41409515,-1.79672158,0.56056126,24.72436490,60.36363566,3.19718505,-0.06138665,-0.43528977,-0.01255408
1732337750.33346105,2341,536150.33346105,22.30458841,114.18064607,8.48369289,82.07979601,-1.66105758,0.31084472,24.70076353,60.27828212,3.20660810,-0.00693103,-0.50692862,-0.00543012
1732337750.53374362,2341,536150.53374362,22.30458759,114.18064612,8.47771548,81.76800061,-1.60972925,0.62304814,24.70565007,60.18805578,3.20063153,-0.01510382,-0.48631383,0.00380981
1732337750.73380232,2341,536150.73380232,22.30458685,114.18064585,8.46553575,81.60540876,-1.49603655,0.43732289,24.67764080,60.10619799,3.18845268,-0.03724434,-0.43648431,0.01009714
1732337750.93397999,2341,536150.93397999,22.30458603,114.18064558,8.48238407,81.35354213,-1.24058775,0.35101955,24.64967002,60.01452985,3.20530197,-0.05682096,-0.49543237,-0.00892104
1732337751.13415289,2341,536151.13415289,22.30458518,114.18064550,8.47000762,81.22348446,-1.20296548,0.50132100,24.64172491,59.92100846,3.19292644,-0.03823903,-0.45567932,-0.00733355
1732337751.33433056,2341,536151.33433056,22.30458442,114.18064516,8.48219827,81.07483478,-0.97565324,0.49110866,24.60663533,59.83671410,3.20511802,-0.06224639,-0.50171323,-0.00027263
1732337751.53450298,2341,536151.53450298,22.30458356,114.18064515,8.46932321,80.82211853,-0.94288413,0.50965943,24.60530905,59.74193514,3.19224386,-0.10284365,-0.43546101,0.00981374
1732337751.73467875,2341,536151.73467875,22.30458284,114.18064473,8.47764090,80.63991631,-0.79265784,0.58177192,24.56268046,59.66167105,3.20056247,-0.13588670,-0.46342973,0.00734459
1732337751.93484592,2341,536151.93484592,22.30458194,114.18064483,8.48459477,80.44260312,-0.82890286,0.44771255,24.57326352,59.56161068,3.20751723,-0.15717500,-0.51235235,-0.00077472
1732337752.13500881,2341,536152.13500881,22.30458097,114.18064470,8.47164628,80.31556399,-0.77626652,0.65737148,24.55919234,59.45427512,3.19456981,-0.09879579,-0.49034418,0.01919860
1732337752.33518672,2341,536152.33518672,22.30458013,114.18064450,8.46826260,80.14093269,-0.75637628,0.83277437,24.53875968,59.36187466,3.19118707,-0.09516157,-0.41429847,-0.00944304
1732337752.53535461,2341,536152.53535461,22.30457944,114.18064417,8.46636862,79.99851198,-0.84065378,0.82248304,24.50523160,59.28553930,3.18929394,-0.10522610,-0.42642857,-0.00522234
1732337752.73553157,2341,536152.73553157,22.30457854,114.18064390,8.48634897,79.82089173,-0.99703994,0.66877972,24.47744420,59.18595025,3.20927532,-0.08817122,-0.52351771,-0.00243610
1732337752.93570662,2341,536152.93570662,22.30457766,114.18064376,8.46928661,79.71598211,-0.96538889,0.73688367,24.46227566,59.08782315,3.19221393,-0.08178569,-0.50006682,-0.00783800
1732337753.13587213,2341,536153.13587213,22.30457685,114.18064353,8.46695085,79.70319602,-0.69970536,0.68902047,24.43907663,58.99855235,3.18987910,-0.10026283,-0.47884147,0.00364674
1732337753.33604050,2341,536153.33604050,22.30457607,114.18064333,8.47440528,79.66923348,-0.53335280,0.90705815,24.41842445,58.91254738,3.19733440,-0.13187057,-0.43340729,0.00574749
1732337753.53629255,2341,536153.53629255,22.30457520,114.18064322,8.46496590,79.65931346,-0.63805129,0.87475580,24.40673550,58.81523981,3.18789597,-0.09997975,-0.42177600,0.00067031
1732337753.73639822,2341,536153.73639822,22.30457429,114.18064292,8.46541247,79.64313623,-0.60413133,0.70638457,24.37632906,58.71543454,3.18834357,-0.07729987,-0.44172378,0.01145640
1732337753.93657875,2341,536153.93657875,22.30457361,114.18064265,8.47318398,79.64448646,-0.46471531,0.68294173,24.34772406,58.63976491,3.19611590,-0.11380067,-0.43460010,0.00702219
1732337754.13672686,2341,536154.13672686,22.30457274,114.18064243,8.47227723,79.65169826,-0.62786961,0.69334484,24.32551354,58.54315199,3.19521013,-0.13670257,-0.45497843,-0.00398888
1732337754.33691025,2341,536154.33691025,22.30457185,114.18064228,8.46639111,79.69767296,-0.85289792,0.58696189,24.31040045,58.44509262,3.18932496,-0.10528461,-0.45563878,-0.01144653
1732337754.53708458,2341,536154.53708458,22.30457104,114.18064205,8.47886250,79.70529743,-0.55396027,0.51447634,24.28653303,58.35513442,3.20179728,-0.11160587,-0.47650532,-0.00177826
1732337754.73726606,2341,536154.73726606,22.30457020,114.18064189,8.47351834,79.74327535,-0.47983862,0.81531596,24.27015728,58.26180624,3.19645403,-0.15049563,-0.46047968,-0.00232729
1732337754.93742752,2341,536154.93742752,22.30456926,114.18064177,8.47001328,79.79901291,-0.67429911,0.74195955,24.25715049,58.15848446,3.19294997,-0.14158891,-0.44214756,-0.00743439
1732337755.13760042,2341,536155.13760042,22.30456836,114.18064140,8.46467552,79.67825377,-0.76969423,0.65322888,24.21977833,58.05812726,3.18761328,-0.07363930,-0.47556915,-0.00689288
1732337755.33778238,2341,536155.33778238,22.30456756,114.18064144,8.46785549,79.72574669,-0.53960378,0.84104360,24.22352269,57.97004008,3.19079404,-0.08544320,-0.46275040,-0.01045103
1732337755.53798318,2341,536155.53798318,22.30456680,114.18064110,8.46529847,79.68680464,-0.66891514,0.87571114,24.18851032,57.88517262,3.18823792,-0.11869887,-0.48178977,-0.01897650
1732337755.73811245,2341,536155.73811245,22.30456578,114.18064098,8.46022629,79.66417885,-0.77723798,0.93155966,24.17621499,57.77268930,3.18316682,-0.09642423,-0.47598647,-0.02350373
1732337755.93828964,2341,536155.93828964,22.30456495,114.18064086,8.45538813,79.73088926,-0.77190402,0.93537262,24.16361245,57.68072872,3.17832954,-0.09155410,-0.46385431,-0.01024015
1732337756.13845325,2341,536156.13845325,22.30456413,114.18064060,8.45375768,79.72322604,-0.80904093,0.91260780,24.13683576,57.58990281,3.17670002,-0.13224120,-0.49366757,-0.01245600
1732337756.33863878,2341,536156.33863878,22.30456314,114.18064046,8.44062645,79.75647101,-0.92691035,0.77450638,24.12286630,57.47998341,3.16356984,-0.08825374,-0.48221590,-0.00328932
1732337756.53880787,2341,536156.53880787,22.30456228,114.18064031,8.45371796,79.81155197,-0.80524325,0.78470713,24.10690641,57.38554874,3.17666226,-0.07202015,-0.48217905,-0.00988685
1732337756.73899221,2341,536156.73899221,22.30456157,114.18064006,8.45207709,79.83305549,-0.69257320,0.81648558,24.08177981,57.30606871,3.17502220,-0.08977041,-0.51231476,-0.01429740
1732337756.93915582,2341,536156.93915582,22.30456073,114.18063985,8.44717092,79.87121772,-0.64739590,0.82631453,24.05967172,57.21312899,3.17011696,-0.04725147,-0.53537259,-0.00344271
1732337757.13941479,2341,536157.13941479,22.30455992,114.18063967,8.44608848,79.93706306,-0.51566005,0.83508435,24.04064763,57.12345122,3.16903539,-0.09751351,-0.51876635,-0.00766745
1732337757.33950830,2341,536157.33950830,22.30455897,114.18063954,8.43700539,79.93069347,-0.43055182,0.97780051,24.02761650,57.01892964,3.15995330,-0.10666765,-0.49312757,-0.01068343
1732337757.53966951,2341,536157.53966951,22.30455816,114.18063940,8.43757567,80.01764377,-0.30416612,0.94053726,24.01332331,56.92879553,3.16052444,-0.10404730,-0.47014469,-0.01219546
1732337757.73983812,2341,536157.73983812,22.30455737,114.18063900,8.44628741,79.97394857,-0.12361372,0.99883722,23.97238675,56.84109966,3.16923712,-0.08707045,-0.48998619,-0.01081288
1732337757.94002104,2341,536157.94002104,22.30455647,114.18063897,8.44105768,80.01635733,-0.04872789,1.11637725,23.96901120,56.74212390,3.16400829,-0.14110190,-0.48841640,-0.00083875
1732337758.14018345,2341,536158.14018345,22.30455564,114.18063874,8.43681857,80.07997578,-0.27606542,0.99459906,23.94560808,56.65027773,3.15977009,-0.11219842,-0.47542599,0.00003232
1732337758.34034729,2341,536158.34034729,22.30455467,114.18063860,8.43382778,80.01045220,-0.21090626,1.09829510,23.93050715,56.54284590,3.15678031,-0.08773433,-0.49670207,-0.00146837
1732337758.54052305,2341,536158.54052305,22.30455390,114.18063853,8.42797128,80.06973505,-0.17823436,1.32285117,23.92378571,56.45754520,3.15092460,-0.09271603,-0.46170145,-0.00205999
1732337758.74080133,2341,536158.74080133,22.30455304,114.18063821,8.42907325,80.13357602,-0.00799143,1.17873861,23.89097890,56.36154236,3.15202754,-0.09961123,-0.47543601,0.00169550
1732337758.94087958,2341,536158.94087958,22.30455226,114.18063790,8.42918717,80.17008102,0.21382110,1.31136761,23.85853058,56.27593243,3.15214234,-0.09603723,-0.44108371,-0.00339344
1732337759.14104176,2341,536159.14104176,22.30455143,114.18063783,8.43367782,80.29130139,0.34077235,1.39343544,23.85121192,56.18369568,3.15663384,-0.11581339,-0.42410608,0.00311986
1732337759.34123087,2341,536159.34123087,22.30455061,114.18063748,8.43431284,80.20367512,0.16188699,1.38302209,23.81502507,56.09237080,3.15726980,-0.11728361,-0.46523698,0.00185754
1732337759.54139805,2341,536159.54139805,22.30454967,114.18063750,8.42779505,80.22914834,0.02821398,1.45753727,23.81760679,55.98830441,3.15075292,-0.07635183,-0.45151385,0.00631401
1732337759.74162221,2341,536159.74162221,22.30454878,114.18063734,8.43287237,80.26542076,-0.16922856,1.32546053,23.80124406,55.89003004,3.15583117,-0.07341835,-0.45497998,0.01242781
1732337759.94175124,2341,536159.94175124,22.30454799,114.18063720,8.43455153,80.33280595,-0.07934885,1.34739769,23.78660681,55.80240567,3.15751115,-0.07575547,-0.47086290,0.00285020
1732337760.14191151,2341,536160.14191151,22.30454718,114.18063682,8.43638337,80.42131915,-0.08580844,1.27858239,23.74752704,55.71314501,3.15934392,-0.09294043,-0.47118547,0.00783055
1732337760.34213638,2341,536160.34213638,22.30454636,114.18063666,8.43933299,80.46296104,0.04602769,1.22124169,23.73051844,55.62189181,3.16229440,-0.09458051,-0.46911339,0.00721413
1732337760.54232359,2341,536160.54232359,22.30454548,114.18063649,8.43976308,80.55712101,0.13599368,1.17908829,23.71336304,55.52475203,3.16272541,-0.08490506,-0.46986079,0.00987261
1732337760.74243975,2341,536160.74243975,22.30454458,114.18063613,8.44829450,80.64508617,0.41495745,1.36713734,23.67658531,55.42564440,3.17125784,-0.07539248,-0.41625445,0.00574446
1732337760.94260240,2341,536160.94260240,22.30454391,114.18063605,8.45654866,80.63986711,0.38023139,1.26597061,23.66836700,55.35072621,3.17951267,-0.10857793,-0.43551606,0.00874688
1732337761.14278603,2341,536161.14278603,22.30454307,114.18063578,8.44243576,80.68737545,0.24134791,1.14066450,23.64004347,55.25834628,3.16540069,-0.09603460,-0.45241085,0.00681756
1732337761.34295177,2341,536161.34295177,22.30454214,114.18063558,8.46291128,80.80805941,0.21030054,1.26260365,23.61920774,55.15462400,3.18587719,-0.12391499,-0.43142135,0.00346810
1732337761.54312944,2341,536161.54312944,22.30454126,114.18063544,8.44301229,80.75868903,-0.21214647,1.16863307,23.60550075,55.05786064,3.16597909,-0.11150921,-0.43450365,0.00253037
1732337761.74328661,2341,536161.74328661,22.30454036,114.18063515,8.45994235,80.86380276,-0.34055874,1.09970554,23.57532616,54.95823553,3.18291013,-0.13698296,-0.43751828,0.00576108
1732337761.94354153,2341,536161.94354153,22.30453944,114.18063487,8.45883383,80.88417723,-0.45271714,0.86525910,23.54705614,54.85565390,3.18180260,-0.10135457,-0.43941388,0.01372527
1732337762.14363456,2341,536162.14363456,22.30453858,114.18063457,8.45747839,80.91247431,-0.40041532,0.83411758,23.51513419,54.76027527,3.18044810,-0.10461723,-0.47205586,0.00436188
1732337762.34380913,2341,536162.34380913,22.30453761,114.18063447,8.45785862,81.02612764,-0.44036096,0.94737027,23.50503266,54.65314681,3.18082929,-0.10820605,-0.46771396,0.00177349
1732337762.54405522,2341,536162.54405522,22.30453687,114.18063424,8.45761670,81.03812312,-0.40497735,0.93347455,23.48171886,54.57170158,3.18058816,-0.07773249,-0.46939016,-0.00058379
1732337762.74415922,2341,536162.74415922,22.30453604,114.18063420,8.44607058,81.04925454,-0.32960251,0.98281054,23.47730971,54.47997034,3.16904284,-0.06053834,-0.44261033,-0.00425890
1732337762.94431925,2341,536162.94431925,22.30453526,114.18063374,8.46714963,81.15135091,-0.18500844,0.83552225,23.42991062,54.39334528,3.19012281,-0.10716350,-0.47238092,-0.00410337
1732337763.14450455,2341,536163.14450455,22.30453441,114.18063354,8.45448333,81.25063535,-0.30730555,0.83974542,23.40948697,54.29850648,3.17745740,-0.09332438,-0.45730743,-0.01216469
1732337763.34468699,2341,536163.34468699,22.30453354,114.18063335,8.44013862,81.23182137,-0.17900066,0.75385558,23.38999841,54.20311917,3.16311358,-0.09019822,-0.47715957,0.00227076
1732337763.54491401,2341,536163.54491401,22.30453273,114.18063337,8.44331365,81.14645033,-0.13147959,0.85020836,23.39190804,54.11294506,3.16628936,-0.09549124,-0.50547745,0.00218124
1732337763.74503064,2341,536163.74503064,22.30453178,114.18063333,8.45093118,81.05854977,-0.48187245,1.08895951,23.38751550,54.00776150,3.17390781,-0.06300258,-0.46731352,0.00524903
1732337763.94519877,2341,536163.94519877,22.30453100,114.18063292,8.45420556,81.01948757,-0.19369481,0.79795417,23.34548780,53.92173817,3.17718308,-0.08219431,-0.50597187,-0.00153620
1732337764.14535379,2341,536164.14535379,22.30453019,114.18063285,8.44819608,80.97619174,-0.17176250,0.80256867,23.33826982,53.83113396,3.17117439,-0.10850690,-0.50793280,-0.00124968
1732337764.34561324,2341,536164.34561324,22.30452923,114.18063262,8.44341635,80.93426287,-0.09939766,0.81419233,23.31432822,53.72509399,3.16639565,-0.09127268,-0.53816175,0.00378952
1732337764.54568815,2341,536164.54568815,22.30452835,114.18063250,8.45139991,80.85482305,-0.13635900,0.91899907,23.30205947,53.62743692,3.17438008,-0.11407781,-0.52707237,0.00327764
1732337764.74587917,2341,536164.74587917,22.30452751,114.18063246,8.44857203,80.86634298,-0.23288806,1.05144272,23.29819905,53.53468423,3.17155300,-0.08555393,-0.50953973,0.01233610
1732337764.94606209,2341,536164.94606209,22.30452666,114.18063223,8.45542573,80.91810540,0.01082435,1.01958624,23.27417838,53.44070902,3.17840757,-0.13280466,-0.51999052,0.00605297
1732337765.14623165,2341,536165.14623165,22.30452586,114.18063198,8.45605773,80.91274943,0.16977533,1.01785882,23.24856452,53.35222394,3.17904042,-0.12988892,-0.51170224,0.00551395
1732337765.34638977,2341,536165.34638977,22.30452494,114.18063168,8.46128398,80.72566841,0.19221712,1.10361624,23.21743890,53.24989475,3.18426764,-0.21768286,-0.49494999,0.02683439
1732337765.54670954,2341,536165.54670954,22.30452406,114.18063157,8.45405335,79.10729149,0.38882968,1.01604732,23.20667070,53.15317273,3.17703786,-0.17182410,-0.51868388,0.01652018
1732337765.74675202,2341,536165.74675202,22.30452321,114.18063137,8.46084399,76.49655525,0.39384069,1.14556432,23.18552038,53.05815776,3.18382937,-0.18836031,-0.48570997,0.02605486
1732337765.94690990,2341,536165.94690990,22.30452240,114.18063114,8.46622103,73.16997278,0.23619899,1.40903786,23.16241081,52.96868708,3.18920724,-0.22994976,-0.46701404,0.02681691
1732337766.14707708,2341,536166.14707708,22.30452144,114.18063087,8.47385937,69.28824199,-0.01280116,1.73336819,23.13468002,52.86256289,3.19684656,-0.20215767,-0.43661596,0.01422210
1732337766.34726334,2341,536166.34726334,22.30452066,114.18063066,8.46691846,63.95706917,0.09290411,1.55362134,23.11225279,52.77677290,3.18990645,-0.19738566,-0.38394350,0.00713836
1732337766.54742861,2341,536166.54742861,22.30452000,114.18063020,8.46410189,58.03362168,0.40466809,1.51403553,23.06510050,52.70336133,3.18709066,-0.20086388,-0.30700607,0.02187555
1732337766.74770093,2341,536166.74770093,22.30451943,114.18063016,8.47057996,50.85161855,0.68494984,1.26646835,23.06113628,52.63998803,3.19356927,-0.18053510,-0.27774393,0.00767451
1732337766.94784737,2341,536166.94784737,22.30451898,114.18062925,8.48502605,48.46097331,0.37799776,1.41415873,22.96794593,52.59010958,3.20801611,-0.25156319,-0.12099094,-0.00388626
1732337767.14795709,2341,536167.14795709,22.30451803,114.18062828,8.47437721,48.35541845,0.56941056,0.60885472,22.86710061,52.48479874,3.19736850,-0.25697422,-0.17420350,0.00902775
1732337767.34820223,2341,536167.34820223,22.30451752,114.18062777,8.50384647,49.26408952,0.49546749,1.14453335,22.81498938,52.42860254,3.22683841,-0.20272404,-0.16619682,0.03294341
1732337767.54828978,2341,536167.54828978,22.30451683,114.18062697,8.49455129,52.89986863,0.64694738,1.36907360,22.73226153,52.35204067,3.21754416,-0.34204987,-0.11640817,0.01858728
1732337767.74847364,2341,536167.74847364,22.30451587,114.18062641,8.49587380,56.07506013,-0.07352388,1.57691925,22.67472717,52.24575026,3.21886776,-0.22986492,-0.09101091,0.01902296
1732337767.94864178,2341,536167.94864178,22.30451556,114.18062575,8.47752366,56.92263344,0.09842422,0.39591709,22.60648306,52.21127954,3.20051814,0.15017096,-0.38581198,-0.02349993
1732337768.14888287,2341,536168.14888287,22.30451579,114.18062618,8.49019562,56.64010200,0.66867232,1.09730050,22.65112760,52.23716473,3.21318973,0.02410892,-0.18329207,0.00519672
1732337768.34905672,2341,536168.34905672,22.30451575,114.18062603,8.49250651,56.62008809,0.63283504,1.17423355,22.63546828,52.23261796,3.21550072,0.02312593,-0.14073109,0.00422119
1732337768.54916668,2341,536168.54916668,22.30451577,114.18062607,8.49425553,56.62472154,0.67050818,1.17853277,22.63966883,52.23489301,3.21724970,0.01528136,-0.10147942,0.00331760
1732337768.74933672,2341,536168.74933672,22.30451573,114.18062615,8.49533333,56.61059126,0.68687929,1.15319509,22.64791252,52.23067370,3.21832750,0.00772099,-0.06977622,0.00238336
1732337768.94951439,2341,536168.94951439,22.30451575,114.18062605,8.49039579,56.59375665,0.64906221,1.19204773,22.63763864,52.23269264,3.21338999,0.00313424,-0.04508887,0.00319400
1732337769.14967918,2341,536169.14967918,22.30451572,114.18062611,8.49158282,56.60450516,0.65939863,1.16353329,22.64441367,52.22889462,3.21457703,0.00024313,-0.02425727,0.00258651
1732337769.34984875,2341,536169.34984875,22.30451573,114.18062611,8.49619309,56.60712647,0.67594050,1.16356588,22.64384529,52.23002672,3.21918729,-0.00133576,-0.00801857,0.00198906
1732337769.55007935,2341,536169.55007935,22.30451580,114.18062610,8.49852607,56.60464183,0.67977514,1.14561554,22.64258174,52.23857795,3.22152019,-0.00179326,0.00097887,0.00122526
1732337769.75018501,2341,536169.75018501,22.30451573,114.18062607,8.49312163,56.58769633,0.67155453,1.16795552,22.64006266,52.22996664,3.21611584,-0.00172388,0.00912979,0.00070520
1732337769.95037556,2341,536169.95037556,22.30451577,114.18062606,8.49075879,56.57989280,0.66202329,1.14895816,22.63891380,52.23501550,3.21375296,-0.00156338,0.01331734,0.00138657
1732337770.15063500,2341,536170.15063500,22.30451572,114.18062621,8.49689628,56.61424215,0.67406096,1.14056196,22.65395323,52.22965550,3.21989044,-0.00264341,0.01629015,0.00073631
1732337770.35069585,2341,536170.35069585,22.30451578,114.18062611,8.49650274,56.60248242,0.66293860,1.16744515,22.64382161,52.23579015,3.21949689,-0.00181836,0.01690028,0.00022904
1732337770.55092907,2341,536170.55092907,22.30451582,114.18062617,8.49339221,56.60918448,0.66673215,1.14960433,22.65055007,52.24001771,3.21638630,-0.00092499,0.01545211,0.00033746
1732337770.75105572,2341,536170.75105572,22.30451579,114.18062615,8.49498395,56.60614969,0.69063580,1.16563790,22.64801723,52.23676368,3.21797807,-0.00058607,0.01465534,-0.00018952
1732337770.95122862,2341,536170.95122862,22.30451575,114.18062621,8.49317307,56.61311607,0.66799807,1.14491539,22.65406856,52.23292657,3.21616721,-0.00175974,0.01529125,0.00007093
1732337771.15140295,2341,536171.15140295,22.30451576,114.18062617,8.49540471,56.56821357,0.67997879,1.15052429,22.65005852,52.23352931,3.21839885,-0.00193844,0.01295414,-0.00014341
1732337771.35158014,2341,536171.35158014,22.30451577,114.18062616,8.49292702,56.60007482,0.64868172,1.15991440,22.64869635,52.23506918,3.21592115,-0.00115265,0.01158963,-0.00022066
1732337771.55178714,2341,536171.55178714,22.30451574,114.18062618,8.49340908,56.58414099,0.67187037,1.16476255,22.65067039,52.23132429,3.21640324,-0.00177908,0.01063015,0.00050204
1732337771.75191832,2341,536171.75191832,22.30451574,114.18062626,8.49398671,56.59861374,0.66594870,1.16354499,22.65936386,52.23162020,3.21698084,-0.00352482,0.01044312,0.00036616
1732337771.95210433,2341,536171.95210433,22.30451571,114.18062619,8.49633026,56.59985507,0.65730157,1.13976483,22.65236936,52.22850806,3.21932444,-0.00436095,0.00990426,0.00056960
1732337772.15225506,2341,536172.15225506,22.30451577,114.18062623,8.49223516,56.58675575,0.66413909,1.15991161,22.65606247,52.23457673,3.21522927,-0.00417961,0.00728142,0.00077600
1732337772.35243821,2341,536172.35243821,22.30451578,114.18062610,8.49428077,56.58147077,0.66161282,1.20428740,22.64245322,52.23626751,3.21727491,-0.00193291,0.00481296,0.00115572
1732337772.55260038,2341,536172.55260038,22.30451577,114.18062619,8.49357911,56.60040961,0.66700349,1.17605821,22.65181770,52.23490303,3.21657324,-0.00135450,0.00315292,0.00113091
1732337772.75277090,2341,536172.75277090,22.30451575,114.18062621,8.49478511,56.60116843,0.66637445,1.17301658,22.65382195,52.23269957,3.21777925,-0.00066945,0.00175288,0.00145958
1732337772.95295119,2341,536172.95295119,22.30451577,114.18062615,8.49510659,56.58518825,0.65958936,1.20010954,22.64847389,52.23468710,3.21810073,-0.00058185,0.00177276,0.00169352
1732337773.15319109,2341,536173.15319109,22.30451569,114.18062620,8.49623854,56.57006244,0.68026910,1.13918753,22.65276609,52.22641337,3.21923273,-0.00100523,0.00289057,0.00179770
1732337773.35329723,2341,536173.35329723,22.30451578,114.18062624,8.49755811,56.60868923,0.66442933,1.17818025,22.65762682,52.23560274,3.22055221,-0.00173039,0.00193726,0.00182457
1732337773.55346060,2341,536173.55346060,22.30451575,114.18062614,8.49595151,56.57346325,0.68463133,1.18526395,22.64700487,52.23261906,3.21894567,0.00033244,0.00080995,0.00170144
1732337773.75364518,2341,536173.75364518,22.30451573,114.18062616,8.49648125,56.57903859,0.67205367,1.21267155,22.64935360,52.23033588,3.21947542,0.00061063,0.00170855,0.00215252
1732337773.95381713,2341,536173.95381713,22.30451570,114.18062625,8.49627789,56.60164018,0.67841437,1.15908263,22.65867563,52.22740455,3.21927206,-0.00010078,0.00172273,0.00222801
1732337774.15398955,2341,536174.15398955,22.30451574,114.18062609,8.49731276,56.58896745,0.65858267,1.21787240,22.64150087,52.23183252,3.22030695,0.00268938,0.00145952,0.00308989
1732337774.35415936,2341,536174.35415936,22.30451574,114.18062622,8.49811971,56.58097387,0.67319195,1.23061306,22.65559219,52.23107619,3.22111385,0.00290663,0.00155704,0.00239859
1732337774.55433559,2341,536174.55433559,22.30451580,114.18062622,8.49769327,56.60093569,0.66664535,1.20182185,22.65574252,52.23812745,3.22068735,0.00204727,0.00047258,0.00282817
1732337774.75458622,2341,536174.75458622,22.30451574,114.18062621,8.50221299,56.58553389,0.68085662,1.18678700,22.65413181,52.23123596,3.22520714,0.00188251,0.00140845,0.00237037
1732337774.95467758,2341,536174.95467758,22.30451576,114.18062619,8.50283383,56.58678207,0.67760768,1.16994536,22.65258511,52.23395773,3.22582797,0.00248905,0.00224330,0.00200958
1732337775.15484738,2341,536175.15484738,22.30451572,114.18062624,8.50300788,56.59701016,0.70719467,1.18988095,22.65725177,52.22875972,3.22600204,0.00250887,0.00277345,0.00092216
1732337775.35502005,2341,536175.35502005,22.30451572,114.18062625,8.49780529,56.58384757,0.68387694,1.20670950,22.65804321,52.22912465,3.22079944,0.00352071,0.00244910,0.00209417
1732337775.55519056,2341,536175.55519056,22.30451580,114.18062618,8.49828761,56.58536701,0.68787714,1.25155960,22.65123330,52.23788265,3.22128171,0.00528038,0.00057983,0.00149908
1732337775.75536919,2341,536175.75536919,22.30451580,114.18062623,8.49693748,56.60758646,0.66781514,1.21681055,22.65587682,52.23857780,3.21993157,0.00397285,-0.00079257,0.00272963
1732337775.95554256,2341,536175.95554256,22.30451570,114.18062626,8.50188456,56.59189387,0.66979777,1.17062323,22.65932369,52.22730897,3.22487872,0.00396531,-0.00008924,0.00246581
1732337776.15570927,2341,536176.15570927,22.30451574,114.18062627,8.50120710,56.59645316,0.67368697,1.19203928,22.66032062,52.23153776,3.22420123,0.00419368,0.00093651,0.00250532
1732337776.35594225,2341,536176.35594225,22.30451576,114.18062619,8.50522786,56.59054212,0.69990924,1.20902181,22.65175036,52.23363644,3.22822199,0.00718315,-0.00050941,0.00226009
1732337776.55605984,2341,536176.55605984,22.30451581,114.18062631,8.50301447,56.61714737,0.68739596,1.24461191,22.66439563,52.23960095,3.22600851,0.00659852,-0.00154725,0.00170151
1732337776.75622034,2341,536176.75622034,22.30451576,114.18062627,8.50415324,56.60204985,0.69378062,1.19263704,22.66021582,52.23360620,3.22714735,0.00718082,-0.00069230,0.00209744
1732337776.95639849,2341,536176.95639849,22.30451578,114.18062642,8.50398398,56.61778974,0.71971312,1.19771643,22.67570713,52.23622767,3.22697802,0.00609583,-0.00101585,0.00166225
1732337777.15659165,2341,536177.15659165,22.30451570,114.18062641,8.50783628,56.60264901,0.72844162,1.20636420,22.67446703,52.22756771,3.23083039,0.00351862,0.00002904,0.00041738
1732337777.35674572,2341,536177.35674572,22.30451580,114.18062632,8.50299466,56.61685987,0.68332846,1.19929607,22.66534853,52.23773436,3.22598872,0.00262387,-0.00078872,0.00064119
1732337777.55691576,2341,536177.55691576,22.30451569,114.18062637,8.50551431,56.59582264,0.70198587,1.17925482,22.67075210,52.22583046,3.22850844,0.00036790,-0.00011804,-0.00002257
1732337777.75710273,2341,536177.75710273,22.30451575,114.18062632,8.50710511,56.59454426,0.69773921,1.18830581,22.66603025,52.23307803,3.23009920,0.00015340,-0.00088305,-0.00012008
1732337777.95728207,2341,536177.95728207,22.30451573,114.18062637,8.50185783,56.60870491,0.69584338,1.19468256,22.67053348,52.23012158,3.22485193,-0.00086849,-0.00148926,0.00042137
1732337778.15745115,2341,536178.15745115,22.30451578,114.18062630,8.49985691,56.59838611,0.67617269,1.21195228,22.66331590,52.23622502,3.22285098,-0.00059678,-0.00207226,0.00148092
1732337778.35761833,2341,536178.35761833,22.30451576,114.18062641,8.50060982,56.60318755,0.69807575,1.19001187,22.67465763,52.23332249,3.22360388,-0.00207586,-0.00182806,0.00174183
1732337778.55777931,2341,536178.55777931,22.30451568,114.18062629,8.50838649,56.58931168,0.70568385,1.17332880,22.66290323,52.22446541,3.23138066,-0.00170677,-0.00150240,0.00148686
1732337778.75795603,2341,536178.75795603,22.30451578,114.18062632,8.49851318,56.60342734,0.66842744,1.20531713,22.66533418,52.23603396,3.22150725,-0.00063672,-0.00235542,0.00284271
1732337778.95812774,2341,536178.95812774,22.30451572,114.18062635,8.50499235,56.58898176,0.69662181,1.18305874,22.66915479,52.22962254,3.22798646,-0.00227279,-0.00152792,0.00341165
1732337779.15829897,2341,536179.15829897,22.30451571,114.18062635,8.50727654,56.57274387,0.69494997,1.16046558,22.66832494,52.22796473,3.23027067,-0.00137063,-0.00214520,0.00310502
1732337779.35853386,2341,536179.35853386,22.30451569,114.18062638,8.50515427,56.58566652,0.69258483,1.20670860,22.67161783,52.22569384,3.22814840,-0.00251523,-0.00082945,0.00402517
1732337779.55875230,2341,536179.55875230,22.30451572,114.18062627,8.50763784,56.56630881,0.70643053,1.18317489,22.65995247,52.22924903,3.23063198,-0.00100151,-0.00031749,0.00396238
1732337779.75881815,2341,536179.75881815,22.30451569,114.18062628,8.51065103,56.58952180,0.71175605,1.16538984,22.66161361,52.22571273,3.23364520,0.00078020,0.00050979,0.00347016
1732337779.95898438,2341,536179.95898438,22.30451568,114.18062628,8.51289259,56.57232578,0.71510031,1.20075830,22.66094528,52.22521168,3.23588677,0.00144241,0.00191807,0.00276640
1732337780.15916848,2341,536180.15916848,22.30451573,114.18062635,8.51112764,56.59474588,0.70389443,1.18224970,22.66886110,52.23031418,3.23412175,0.00056872,0.00184204,0.00285425
1732337780.35933542,2341,536180.35933542,22.30451573,114.18062635,8.51105051,56.58187775,0.71094524,1.16261247,22.66889191,52.23079860,3.23404461,0.00030032,0.00147918,0.00225042
1732337780.55957603,2341,536180.55957603,22.30451572,114.18062638,8.51297501,56.60186594,0.70201315,1.17432830,22.67182887,52.22937272,3.23596911,-0.00011534,0.00164174,0.00187674
1732337780.75974464,2341,536180.75974464,22.30451577,114.18062642,8.51210381,56.59345701,0.71087838,1.19101912,22.67605560,52.23517230,3.23509785,-0.00163942,0.00044625,0.00197220
1732337780.95985460,2341,536180.95985460,22.30451575,114.18062633,8.51420015,56.59557827,0.73324459,1.19962563,22.66671964,52.23305578,3.23719424,-0.00036290,-0.00035457,0.00121816
1732337781.16018105,2341,536181.16018105,22.30451566,114.18062632,8.51252766,56.56673172,0.75079582,1.22746464,22.66532396,52.22252418,3.23552184,0.00016184,0.00077024,0.00146040
1732337781.36022615,2341,536181.36022615,22.30451572,114.18062630,8.50707190,56.56991615,0.71391940,1.19004070,22.66395495,52.22923346,3.23006603,0.00027059,0.00060318,0.00230431
1732337781.56036139,2341,536181.56036139,22.30451572,114.18062635,8.51238104,56.56963747,0.68395904,1.14886778,22.66877945,52.22900651,3.23537515,0.00164552,-0.00056714,0.00236274
1732337781.76054859,2341,536181.76054859,22.30451572,114.18062628,8.51211347,56.56018945,0.71586761,1.23461554,22.66116828,52.22952357,3.23510761,0.00412178,0.00028906,0.00257874
1732337781.96071982,2341,536181.96071982,22.30451570,114.18062634,8.51628935,56.59244409,0.75750205,1.18811673,22.66787795,52.22760570,3.23928348,0.00398663,0.00043266,0.00200027
1732337782.16095424,2341,536182.16095424,22.30451572,114.18062640,8.51427209,56.58482231,0.72768922,1.17678300,22.67383777,52.22875121,3.23726619,0.00359195,0.00181126,0.00254936
1732337782.36106110,2341,536182.36106110,22.30451571,114.18062638,8.51596436,56.58908219,0.75320070,1.17065545,22.67131546,52.22821423,3.23895847,0.00343680,0.00286576,0.00241544
1732337782.56123400,2341,536182.56123400,22.30451571,114.18062635,8.51311487,56.58470039,0.73642949,1.16430418,22.66909141,52.22803709,3.23610900,0.00221278,0.00298843,0.00311961
1732337782.76139641,2341,536182.76139641,22.30451582,114.18062640,8.51415012,56.58438746,0.69138674,1.14837299,22.67368757,52.24044949,3.23714413,0.00179408,0.00115495,0.00388618
1732337782.96158957,2341,536182.96158957,22.30451572,114.18062639,8.51879250,56.58725121,0.74961810,1.16899804,22.67315120,52.22984924,3.24178660,0.00085813,0.00087730,0.00280505
1732337783.16175938,2341,536183.16175938,22.30451573,114.18062643,8.51796345,56.58220961,0.73831126,1.17449316,22.67649345,52.23021661,3.24095753,0.00076148,0.00172739,0.00261919
1732337783.36193180,2341,536183.36193180,22.30451581,114.18062640,8.51628031,56.60564604,0.77457612,1.17451979,22.67347805,52.23896365,3.23927433,0.00013754,0.00051139,0.00291708
1732337783.56209326,2341,536183.56209326,22.30451572,114.18062640,8.51910394,56.57814016,0.74163293,1.15139038,22.67356898,52.22882359,3.24209804,0.00224204,0.00084063,0.00251533
1732337783.76227236,2341,536183.76227236,22.30451576,114.18062640,8.51794534,56.58844002,0.78355797,1.20979584,22.67383417,52.23334058,3.24093940,0.00150729,-0.00071678,0.00278879
1732337783.96244955,2341,536183.96244955,22.30451574,114.18062635,8.51876038,56.57216461,0.72432001,1.16547207,22.66888036,52.23139904,3.24175447,0.00319703,-0.00048086,0.00291945
1732337784.16261244,2341,536184.16261244,22.30451575,114.18062641,8.52052082,56.59543016,0.76202771,1.16938825,22.67457714,52.23282660,3.24351488,0.00234590,-0.00036688,0.00260098
1732337784.36292315,2341,536184.36292315,22.30451584,114.18062642,8.51790365,56.60240675,0.74776148,1.14000075,22.67627619,52.24215764,3.24089763,0.00045189,-0.00254590,0.00353569
1732337784.56294918,2341,536184.56294918,22.30451575,114.18062642,8.52266192,56.57621707,0.73714872,1.11114707,22.67547220,52.23232048,3.24565599,0.00139423,-0.00130990,0.00297285
1732337784.76313353,2341,536184.76313353,22.30451569,114.18062638,8.52334260,56.57883750,0.81634774,1.14619765,22.67151423,52.22619065,3.24633673,0.00315034,-0.00006198,0.00230607
1732337784.96330643,2341,536184.96330643,22.30451571,114.18062644,8.52018931,56.57355683,0.79016823,1.17957972,22.67804287,52.22799338,3.24318340,0.00245390,0.00021933,0.00223849
1732337785.16347980,2341,536185.16347980,22.30451575,114.18062645,8.52569598,56.59576835,0.75812222,1.14948190,22.67855475,52.23253973,3.24869003,0.00344402,0.00091248,0.00162053
1732337785.36366272,2341,536185.36366272,22.30451574,114.18062646,8.52627259,56.59402777,0.80692727,1.18019545,22.68026517,52.23193632,3.24926664,0.00502856,0.00134193,0.00142279
1732337785.56382084,2341,536185.56382084,22.30451575,114.18062644,8.52563488,56.58703898,0.82073368,1.20726520,22.67798343,52.23262295,3.24862893,0.00563327,0.00052768,0.00126418
1732337785.76399469,2341,536185.76399469,22.30451579,114.18062644,8.52210245,56.59449873,0.76896682,1.16296312,22.67821589,52.23653489,3.24509647,0.00416049,-0.00003357,0.00134773
1732337785.96428490,2341,536185.96428490,22.30451576,114.18062650,8.52352091,56.60317740,0.78234729,1.10781985,22.68362282,52.23386972,3.24651493,0.00463068,-0.00085868,0.00073669
1732337786.16433668,2341,536186.16433668,22.30451575,114.18062650,8.51960137,56.58822977,0.80734332,1.19313080,22.68409765,52.23264270,3.24259540,0.00288045,-0.00146955,0.00154737
1732337786.36452246,2341,536186.36452246,22.30451578,114.18062650,8.52227579,56.59082293,0.76633273,1.12821103,22.68370012,52.23576457,3.24526979,0.00369285,-0.00100077,0.00208312
1732337786.56469059,2341,536186.56469059,22.30451573,114.18062650,8.52710525,56.60234305,0.82804234,1.16830439,22.68451325,52.23060361,3.25009930,0.00231015,0.00105442,0.00082104
1732337786.76486158,2341,536186.76486158,22.30451577,114.18062651,8.52796558,56.59654243,0.81111481,1.16846972,22.68540064,52.23463539,3.25095959,0.00124988,0.00019211,0.00078123
1732337786.96502542,2341,536186.96502542,22.30451568,114.18062652,8.52370068,56.58970169,0.84035170,1.21894578,22.68605320,52.22508180,3.24669477,0.00299218,0.00560461,0.00114139
